"Date","Simple Date","Outdoor Temperature (°F)","Feels Like (°F)","Dew Point (°F)","Wind Speed (mph)","Wind Gust (mph)","Max Daily Gust (mph)","Wind Direction (°)","Rain Rate (in/hr)","Event Rain (in)","Daily Rain (in)","Weekly Rain (in)","Monthly Rain (in)","Total Rain (in)","Relative Pressure (inHg)","Humidity (%)","Ultra-Violet Radiation Index","Solar Radiation (W/m^2)","Office Temperature (°F)","Office Humidity (%)","Basement Temperature (°F)","Basement Humidity (%)","Basement Heat Index (°F)","Kitchen Temperature (°F)","Kitchen Humidity (%)","Kitchen Heat Index (°F)","HVAC Trunk Temperature (°F)","Outdoor Battery","Absolute Pressure (inHg)","Basement Battery","Basement Dew Point (°F)","Office Feels Like (°F)","Office Dew Point (°F)","Kitchen Battery","Kitchen Dew Point (°F)","HVAC Trunk Battery"
2026-09-24T08:05:00-06:00,2026-09-24 08:05:00,60.6,60.6,51.9,0,0,3.4,226,0,0.05,0,0.05,0.42,55.98,30,73,0,46.5,72.5,35,67.1,48,67.1,70.7,39,69.3,69.3,1,24.45,1,46.7,71.1,43.3,1,44.5,1
2026-09-24T08:00:00-06:00,2026-09-24 08:00:00,60.3,60.3,51.2,0,0,3.4,234,0,0.05,0,0.05,0.42,55.98,30,72,0,39.7,72.5,35,67.1,48,67.1,70.7,39,69.3,69.4,1,24.45,1,46.7,71.1,43.3,1,44.5,1
2026-09-24T07:55:00-06:00,2026-09-24 07:55:00,59.9,59.9,50.8,0,0,3.4,229,0,0.05,0,0.05,0.42,55.98,30,72,0,33,72.5,35,67.1,48,67.1,70.7,39,69.3,69.4,1,24.45,1,46.7,71.1,43.3,1,44.5,1
2026-09-24T07:50:00-06:00,2026-09-24 07:50:00,59.7,59.7,51,0,0,3.4,228,0,0.05,0,0.05,0.42,55.98,29.99,73,0,30.8,72.5,35,67.1,48,67.1,70.7,39,69.3,69.4,1,24.44,1,46.7,71.1,43.3,1,44.5,1
2026-09-24T07:45:00-06:00,2026-09-24 07:45:00,59.5,59.5,51.6,0,0,3.4,231,0,0.05,0,0.05,0.42,55.98,29.99,75,0,31.3,72.5,35,67.1,48,67.1,70.7,39,69.3,69.4,1,24.44,1,46.7,71.1,43.3,1,44.5,1
2026-09-24T07:40:00-06:00,2026-09-24 07:40:00,59.7,59.7,51.4,0,0,3.4,245,0,0.05,0,0.05,0.42,55.98,29.99,74,0,25.1,72.5,35,67.1,48,67.1,70.9,39,69.5,69.4,1,24.44,1,46.7,71.1,43.3,1,44.7,1
2026-09-24T07:35:00-06:00,2026-09-24 07:35:00,59.2,59.2,51.3,0,0,3.4,233,0,0.05,0,0.05,0.42,55.98,29.99,75,0,18.3,72.5,35,67.1,48,67.1,70.9,39,69.5,69.4,1,24.44,1,46.7,71.1,43.3,1,44.7,1
2026-09-24T07:30:00-06:00,2026-09-24 07:30:00,59,59,51.1,0,0,3.4,229,0,0.05,0,0.05,0.42,55.98,29.98,75,0,13.8,72.7,35,67.1,48,67.1,70.9,39,69.5,69.4,1,24.43,1,46.7,71.3,43.5,1,44.7,1
2026-09-24T07:25:00-06:00,2026-09-24 07:25:00,58.6,58.6,51.1,0,0,3.4,226,0,0.05,0,0.05,0.42,55.98,29.99,76,0,17.6,72.7,35,67.1,48,67.1,70.9,39,69.5,69.4,1,24.44,1,46.7,71.3,43.5,1,44.7,1
2026-09-24T07:20:00-06:00,2026-09-24 07:20:00,58.6,58.6,51.1,0.2,1.1,3.4,231,0,0.05,0,0.05,0.42,55.98,29.98,76,0,22.5,72.7,35,67.1,48,67.1,70.9,39,69.5,69.4,1,24.43,1,46.7,71.3,43.5,1,44.7,1
2026-09-24T07:15:00-06:00,2026-09-24 07:15:00,59,59,51.1,0.9,1.1,3.4,233,0,0.05,0,0.05,0.42,55.98,29.98,75,0,17.6,72.7,35,67.1,48,67.1,70.9,39,69.5,69.4,1,24.43,1,46.7,71.3,43.5,1,44.7,1
2026-09-24T07:10:00-06:00,2026-09-24 07:10:00,59.2,59.2,50.5,0,0,3.4,220,0,0.05,0,0.05,0.42,55.98,29.98,73,0,11.4,72.5,35,67.1,48,67.1,70.9,39,69.5,69.4,1,24.43,1,46.7,71.1,43.3,1,44.7,1
2026-09-24T07:05:00-06:00,2026-09-24 07:05:00,58.3,58.3,50,0,0,3.4,212,0,0.05,0,0.05,0.42,55.98,29.98,74,0,5.6,72.7,35,67.1,48,67.1,70.9,39,69.5,69.4,1,24.43,1,46.7,71.3,43.5,1,44.7,1
2026-09-24T07:00:00-06:00,2026-09-24 07:00:00,57.7,57.7,50.2,0,0,3.4,219,0,0.05,0,0.05,0.42,55.98,29.98,76,0,3.6,72.7,35,67.1,48,67.1,70.9,39,69.5,69.4,1,24.43,1,46.7,71.3,43.5,1,44.7,1
2026-09-24T06:55:00-06:00,2026-09-24 06:55:00,57.9,57.9,50.7,0,0,3.4,224,0,0.05,0,0.05,0.42,55.98,29.98,77,0,2,72.7,35,67.1,48,67.1,70.9,39,69.5,69.4,1,24.43,1,46.7,71.3,43.5,1,44.7,1
2026-09-24T06:50:00-06:00,2026-09-24 06:50:00,57.7,57.7,50.9,0,0,3.4,242,0,0.05,0,0.05,0.42,55.98,29.98,78,0,1.1,72.7,35,67.1,48,67.1,70.9,39,69.5,69.4,1,24.42,1,46.7,71.3,43.5,1,44.7,1
2026-09-24T06:45:00-06:00,2026-09-24 06:45:00,57.6,57.6,50.8,0,0,3.4,228,0,0.05,0,0.05,0.42,55.98,29.98,78,0,0.6,72.7,35,67.1,48,67.1,70.9,39,69.5,69.4,1,24.43,1,46.7,71.3,43.5,1,44.7,1
2026-09-24T06:40:00-06:00,2026-09-24 06:40:00,57.6,57.6,51.1,0,0,3.4,224,0,0.05,0,0.05,0.42,55.98,29.98,79,0,0.3,72.7,35,67.1,48,67.1,71.1,39,69.7,69.4,1,24.43,1,46.7,71.3,43.5,1,44.9,1
2026-09-24T06:35:00-06:00,2026-09-24 06:35:00,57.7,57.7,51.2,0,0,3.4,214,0,0.05,0,0.05,0.42,55.98,29.98,79,0,0.1,72.7,35,67.1,48,67.1,70.9,39,69.5,69.4,1,24.42,1,46.7,71.3,43.5,1,44.7,1
2026-09-24T06:30:00-06:00,2026-09-24 06:30:00,57.7,57.7,51.2,0,0,3.4,222,0,0.05,0,0.05,0.42,55.98,29.98,79,0,0,72.7,35,67.1,48,67.1,70.9,39,69.5,69.4,1,24.43,1,46.7,71.3,43.5,1,44.7,1
2026-09-24T06:25:00-06:00,2026-09-24 06:25:00,58.1,58.1,51.6,0.9,1.1,3.4,188,0,0.05,0,0.05,0.42,55.98,29.98,79,0,0,72.9,35,67.1,48,67.1,71.1,39,69.7,69.4,1,24.43,1,46.7,71.5,43.6,1,44.9,1
2026-09-24T06:20:00-06:00,2026-09-24 06:20:00,58.5,58.5,51.3,0,0,3.4,224,0,0.05,0,0.05,0.42,55.98,29.98,77,0,0,72.9,35,67.3,48,67.3,71.1,39,69.7,69.4,1,24.43,1,46.9,71.5,43.6,1,44.9,1
2026-09-24T06:15:00-06:00,2026-09-24 06:15:00,58.6,58.6,50.7,0,0,3.4,223,0,0.05,0,0.05,0.42,55.98,29.98,75,0,0,72.9,35,67.1,48,67.1,71.1,39,69.7,69.4,1,24.42,1,46.7,71.5,43.6,1,44.9,1
2026-09-24T06:10:00-06:00,2026-09-24 06:10:00,58.5,58.5,51,0,0,3.4,221,0,0.05,0,0.05,0.42,55.98,29.98,76,0,0,72.9,35,67.1,48,67.1,71.1,39,69.7,69.4,1,24.43,1,46.7,71.5,43.6,1,44.9,1
2026-09-24T06:05:00-06:00,2026-09-24 06:05:00,58.6,58.6,51.1,0,0,3.4,218,0,0.05,0,0.05,0.42,55.98,29.98,76,0,0,72.9,35,67.3,48,67.3,71.1,39,69.7,69.4,1,24.43,1,46.9,71.5,43.6,1,44.9,1
2026-09-24T06:00:00-06:00,2026-09-24 06:00:00,58.3,58.3,51.1,2.9,3.4,3.4,129,0,0.05,0,0.05,0.42,55.98,29.98,77,0,0,72.9,35,67.1,48,67.1,71.1,39,69.7,69.4,1,24.42,1,46.7,71.5,43.6,1,44.9,1
2026-09-24T05:55:00-06:00,2026-09-24 05:55:00,58.3,58.3,52.2,0.9,1.1,2.2,195,0,0.05,0,0.05,0.42,55.98,29.98,80,0,0,72.9,35,67.1,48,67.1,71.1,39,69.7,69.6,1,24.42,1,46.7,71.5,43.6,1,44.9,1
2026-09-24T05:50:00-06:00,2026-09-24 05:50:00,58.6,58.6,51.8,0,0,2.2,193,0,0.05,0,0.05,0.42,55.98,29.98,78,0,0,72.9,35,67.1,48,67.1,71.1,39,69.7,69.6,1,24.43,1,46.7,71.5,43.6,1,44.9,1
2026-09-24T05:45:00-06:00,2026-09-24 05:45:00,58.6,58.6,51.8,0,0,2.2,221,0,0.05,0,0.05,0.42,55.98,29.97,78,0,0,72.9,35,67.3,48,67.3,71.1,39,69.7,69.6,1,24.42,1,46.9,71.5,43.6,1,44.9,1
2026-09-24T05:40:00-06:00,2026-09-24 05:40:00,58.3,58.3,51.1,0,0,2.2,221,0,0.05,0,0.05,0.42,55.98,29.98,77,0,0,73,35,67.3,48,67.3,71.1,39,69.7,69.6,1,24.43,1,46.9,71.6,43.7,1,44.9,1
2026-09-24T05:35:00-06:00,2026-09-24 05:35:00,58.3,58.3,50.8,0,0,2.2,209,0,0.05,0,0.05,0.42,55.98,29.97,76,0,0,72.9,35,67.1,48,67.1,71.1,39,69.7,69.6,1,24.42,1,46.7,71.5,43.6,1,44.9,1
2026-09-24T05:30:00-06:00,2026-09-24 05:30:00,57.7,57.7,50.2,0,0,2.2,227,0,0.05,0,0.05,0.42,55.98,29.98,76,0,0,73,35,67.1,48,67.1,71.2,39,69.9,69.6,1,24.43,1,46.7,71.6,43.7,1,45,1
2026-09-24T05:25:00-06:00,2026-09-24 05:25:00,57.4,57.4,50.6,0,0,2.2,220,0,0.05,0,0.05,0.42,55.98,29.97,78,0,0,73,35,67.3,48,67.3,71.1,39,69.7,69.6,1,24.42,1,46.9,71.6,43.7,1,44.9,1
2026-09-24T05:20:00-06:00,2026-09-24 05:20:00,57.4,57.4,50.2,0,0,2.2,229,0,0.05,0,0.05,0.42,55.98,29.98,77,0,0,73,35,67.3,48,67.3,71.2,39,69.9,69.6,1,24.43,1,46.9,71.6,43.7,1,45,1
2026-09-24T05:15:00-06:00,2026-09-24 05:15:00,57.2,57.2,50.4,0,0,2.2,234,0,0.05,0,0.05,0.42,55.98,29.98,78,0,0,73,35,67.3,48,67.3,71.2,39,69.9,69.6,1,24.43,1,46.9,71.6,43.7,1,45,1
2026-09-24T05:10:00-06:00,2026-09-24 05:10:00,57.2,57.2,50.7,0,0,2.2,234,0,0.05,0,0.05,0.42,55.98,29.98,79,0,0,73,35,67.3,48,67.3,71.1,39,69.7,69.6,1,24.42,1,46.9,71.6,43.7,1,44.9,1
2026-09-24T05:05:00-06:00,2026-09-24 05:05:00,57.2,57.2,50.7,0,0,2.2,236,0,0.05,0,0.05,0.42,55.98,29.98,79,0,0,73,35,67.1,48,67.1,71.2,39,69.9,69.6,1,24.42,1,46.7,71.6,43.7,1,45,1
2026-09-24T05:00:00-06:00,2026-09-24 05:00:00,57.4,57.4,51.3,1.1,1.1,2.2,238,0,0.05,0,0.05,0.42,55.98,29.97,80,0,0,73,35,67.3,48,67.3,71.2,39,69.9,69.6,1,24.42,1,46.9,71.6,43.7,1,45,1
2026-09-24T04:55:00-06:00,2026-09-24 04:55:00,57.6,57.6,51.1,0.5,1.1,2.2,247,0,0.05,0,0.05,0.42,55.98,29.97,79,0,0,73,35,67.3,48,67.3,71.2,39,69.9,69.6,1,24.42,1,46.9,71.6,43.7,1,45,1
2026-09-24T04:50:00-06:00,2026-09-24 04:50:00,57.7,57.7,51.2,0,0,2.2,229,0,0.05,0,0.05,0.42,55.98,29.97,79,0,0,73.2,35,67.1,48,67.1,71.2,39,69.9,69.6,1,24.41,1,46.7,71.9,43.9,1,45,1
2026-09-24T04:45:00-06:00,2026-09-24 04:45:00,57.9,57.9,51.4,0,0,2.2,233,0,0.05,0,0.05,0.42,55.98,29.98,79,0,0,73.2,35,67.1,48,67.1,71.2,39,69.9,69.6,1,24.42,1,46.7,71.9,43.9,1,45,1
2026-09-24T04:40:00-06:00,2026-09-24 04:40:00,57.6,57.6,51.5,0,0,2.2,231,0,0.05,0,0.05,0.42,55.98,29.97,80,0,0,73.2,35,67.3,48,67.3,71.2,39,69.9,69.6,1,24.41,1,46.9,71.9,43.9,1,45,1
2026-09-24T04:35:00-06:00,2026-09-24 04:35:00,57.6,57.6,51.5,0,0,2.2,226,0,0.05,0,0.05,0.42,55.98,29.97,80,0,0,73.2,35,67.3,48,67.3,71.2,39,69.9,69.6,1,24.42,1,46.9,71.9,43.9,1,45,1
2026-09-24T04:30:00-06:00,2026-09-24 04:30:00,57.7,57.7,51.9,0.2,1.1,2.2,224,0,0.05,0,0.05,0.42,55.98,29.97,81,0,0,73.2,35,67.3,48,67.3,71.2,39,69.9,69.6,1,24.42,1,46.9,71.9,43.9,1,45,1
2026-09-24T04:25:00-06:00,2026-09-24 04:25:00,58.1,58.1,52,0,0,2.2,226,0,0.05,0,0.05,0.42,55.98,29.98,80,0,0,73.2,35,67.3,48,67.3,71.2,39,69.9,69.6,1,24.42,1,46.9,71.9,43.9,1,45,1
2026-09-24T04:20:00-06:00,2026-09-24 04:20:00,57.9,57.9,51.8,0.2,1.1,2.2,232,0,0.05,0,0.05,0.42,55.98,29.98,80,0,0,73.2,35,67.3,48,67.3,71.2,39,69.9,69.6,1,24.42,1,46.9,71.9,43.9,1,45,1
2026-09-24T04:15:00-06:00,2026-09-24 04:15:00,58.1,58.1,52,1.1,1.1,2.2,242,0,0.05,0,0.05,0.42,55.98,29.97,80,0,0,73.2,35,67.3,48,67.3,71.2,39,69.9,69.6,1,24.41,1,46.9,71.9,43.9,1,45,1
2026-09-24T04:10:00-06:00,2026-09-24 04:10:00,57.9,57.9,51.4,0,0,2.2,234,0,0.05,0,0.05,0.42,55.98,29.98,79,0,0,73.4,35,67.3,48,67.3,71.2,39,69.9,69.6,1,24.42,1,46.9,72.1,44.1,1,45,1
2026-09-24T04:05:00-06:00,2026-09-24 04:05:00,57.7,57.7,51.9,0,0,2.2,229,0,0.05,0,0.05,0.42,55.98,29.97,81,0,0,73.4,35,67.3,48,67.3,71.4,39,70.1,69.6,1,24.42,1,46.9,72.1,44.1,1,45.1,1
2026-09-24T04:00:00-06:00,2026-09-24 04:00:00,57.9,57.9,51.4,0,0,2.2,226,0,0.05,0,0.05,0.42,55.98,29.97,79,0,0,73.4,35,67.3,48,67.3,71.4,39,70.1,69.8,1,24.42,1,46.9,72.1,44.1,1,45.1,1
2026-09-24T03:55:00-06:00,2026-09-24 03:55:00,57.9,57.9,51.4,0,0,2.2,233,0,0.05,0,0.05,0.42,55.98,29.98,79,0,0,73.4,35,67.3,48,67.3,71.4,39,70.1,69.8,1,24.42,1,46.9,72.1,44.1,1,45.1,1
2026-09-24T03:50:00-06:00,2026-09-24 03:50:00,57.7,57.7,51.6,0,0,2.2,230,0,0.05,0,0.05,0.42,55.98,29.97,80,0,0,73.4,35,67.3,48,67.3,71.4,39,70.1,69.8,1,24.42,1,46.9,72.1,44.1,1,45.1,1
2026-09-24T03:45:00-06:00,2026-09-24 03:45:00,57.6,57.6,51.8,0,0,2.2,234,0,0.05,0,0.05,0.42,55.98,29.97,81,0,0,73.4,35,67.3,48,67.3,71.4,39,70.1,69.8,1,24.42,1,46.9,72.1,44.1,1,45.1,1
2026-09-24T03:40:00-06:00,2026-09-24 03:40:00,57.6,57.6,52.1,0,0,2.2,233,0,0.05,0,0.05,0.42,55.98,29.98,82,0,0,73.4,35,67.3,48,67.3,71.4,39,70.1,69.8,1,24.42,1,46.9,72.1,44.1,1,45.1,1
2026-09-24T03:35:00-06:00,2026-09-24 03:35:00,57.7,57.7,51.9,0,0,2.2,237,0,0.05,0,0.05,0.42,55.98,29.98,81,0,0,73.4,35,67.3,48,67.3,71.4,39,70.1,69.8,1,24.42,1,46.9,72.1,44.1,1,45.1,1
2026-09-24T03:30:00-06:00,2026-09-24 03:30:00,57.9,57.9,52.1,0,0,2.2,239,0,0.05,0,0.05,0.42,55.98,29.97,81,0,0,73.6,35,67.3,48,67.3,71.4,39,70.1,69.8,1,24.42,1,46.9,72.3,44.2,1,45.1,1
2026-09-24T03:25:00-06:00,2026-09-24 03:25:00,57.6,57.6,52.1,1.1,1.1,2.2,252,0,0.05,0,0.05,0.42,55.98,29.98,82,0,0,73.6,35,67.3,48,67.3,71.4,39,70.1,69.8,1,24.42,1,46.9,72.3,44.2,1,45.1,1
2026-09-24T03:20:00-06:00,2026-09-24 03:20:00,57.4,57.4,51.9,0,0,2.2,229,0,0.05,0,0.05,0.42,55.98,29.98,82,0,0,73.6,35,67.3,48,67.3,71.6,39,70.3,69.8,1,24.43,1,46.9,72.3,44.2,1,45.3,1
2026-09-24T03:15:00-06:00,2026-09-24 03:15:00,57.4,57.4,52.3,0,0,2.2,233,0,0.05,0,0.05,0.42,55.98,29.97,83,0,0,73.6,35,67.3,48,67.3,71.6,39,70.3,69.8,1,24.42,1,46.9,72.3,44.2,1,45.3,1
2026-09-24T03:10:00-06:00,2026-09-24 03:10:00,57.4,57.4,52.3,0,0,2.2,233,0,0.05,0,0.05,0.42,55.98,29.97,83,0,0,73.6,35,67.3,48,67.3,71.6,39,70.3,69.8,1,24.42,1,46.9,72.3,44.2,1,45.3,1
2026-09-24T03:05:00-06:00,2026-09-24 03:05:00,57.4,57.4,52.3,0,0,2.2,235,0,0.05,0,0.05,0.42,55.98,29.98,83,0,0,73.6,35,67.3,48,67.3,71.6,39,70.3,69.8,1,24.42,1,46.9,72.3,44.2,1,45.3,1
2026-09-24T03:00:00-06:00,2026-09-24 03:00:00,57.6,57.6,52.5,0,0,2.2,226,0,0.05,0,0.05,0.42,55.98,29.98,83,0,0,73.6,35,67.3,48,67.3,71.6,39,70.3,69.8,1,24.42,1,46.9,72.3,44.2,1,45.3,1
2026-09-24T02:55:00-06:00,2026-09-24 02:55:00,57.6,57.6,52.5,0,0,2.2,227,0,0.05,0,0.05,0.42,55.98,29.98,83,0,0,73.6,35,67.3,48,67.3,71.6,39,70.3,69.8,1,24.43,1,46.9,72.3,44.2,1,45.3,1
2026-09-24T02:50:00-06:00,2026-09-24 02:50:00,57.9,57.9,52.4,0,0,2.2,231,0,0.05,0,0.05,0.42,55.98,29.98,82,0,0,73.8,35,67.3,48,67.3,71.6,39,70.3,69.8,1,24.42,1,46.9,72.5,44.4,1,45.3,1
2026-09-24T02:45:00-06:00,2026-09-24 02:45:00,58.1,58.1,52.3,0,0,2.2,227,0,0.05,0,0.05,0.42,55.98,29.98,81,0,0,73.8,35,67.3,48,67.3,71.6,39,70.3,69.8,1,24.43,1,46.9,72.5,44.4,1,45.3,1
2026-09-24T02:40:00-06:00,2026-09-24 02:40:00,58.5,58.5,52.7,0,0,2.2,224,0,0.05,0,0.05,0.42,55.98,29.97,81,0,0,73.8,35,67.3,48,67.3,71.6,39,70.3,69.8,1,24.42,1,46.9,72.5,44.4,1,45.3,1
2026-09-24T02:35:00-06:00,2026-09-24 02:35:00,58.8,58.8,52.6,0,0,2.2,226,0,0.05,0,0.05,0.42,55.98,29.97,80,0,0,73.8,35,67.3,48,67.3,71.6,39,70.3,69.8,1,24.42,1,46.9,72.5,44.4,1,45.3,1
2026-09-24T02:30:00-06:00,2026-09-24 02:30:00,59.2,59.2,52.3,0,0,2.2,234,0,0.05,0,0.05,0.42,55.98,29.97,78,0,0,73.8,35,67.3,48,67.3,71.6,39,70.3,69.8,1,24.41,1,46.9,72.5,44.4,1,45.3,1
2026-09-24T02:25:00-06:00,2026-09-24 02:25:00,58.8,58.8,52.3,0.5,1.1,2.2,234,0,0.05,0,0.05,0.42,55.98,29.97,79,0,0,73.8,35,67.3,48,67.3,71.6,39,70.3,69.8,1,24.42,1,46.9,72.5,44.4,1,45.3,1
2026-09-24T02:20:00-06:00,2026-09-24 02:20:00,59.4,59.4,51.8,0.9,1.1,2.2,199,0,0.05,0,0.05,0.42,55.98,29.97,76,0,0,73.8,35,67.3,48,67.3,71.8,39,70.5,69.8,1,24.42,1,46.9,72.5,44.4,1,45.5,1
2026-09-24T02:15:00-06:00,2026-09-24 02:15:00,57.7,57.7,51.9,1.3,2.2,2.2,207,0,0.05,0,0.05,0.42,55.98,29.97,81,0,0,73.8,35,67.3,48,67.3,71.8,39,70.5,69.8,1,24.42,1,46.9,72.5,44.4,1,45.5,1
2026-09-24T02:10:00-06:00,2026-09-24 02:10:00,57.7,57.7,52.6,0,0,1.1,234,0,0.05,0,0.05,0.42,55.98,29.98,83,0,0,73.9,35,67.3,48,67.3,71.8,39,70.5,69.8,1,24.43,1,46.9,72.6,44.5,1,45.5,1
2026-09-24T02:05:00-06:00,2026-09-24 02:05:00,58.1,58.1,52.6,0,0,1.1,236,0,0.05,0,0.05,0.42,55.98,29.98,82,0,0,73.9,35,67.3,48,67.3,71.8,39,70.5,69.8,1,24.42,1,46.9,72.6,44.5,1,45.5,1
2026-09-24T02:00:00-06:00,2026-09-24 02:00:00,58.1,58.1,52.6,0,0,1.1,223,0,0.05,0,0.05,0.42,55.98,29.98,82,0,0,73.9,35,67.3,48,67.3,71.8,39,70.5,69.8,1,24.43,1,46.9,72.6,44.5,1,45.5,1
2026-09-24T01:55:00-06:00,2026-09-24 01:55:00,57.9,57.9,52.8,0,0,1.1,224,0,0.05,0,0.05,0.42,55.98,29.98,83,0,0,73.9,35,67.3,48,67.3,71.8,39,70.5,69.8,1,24.43,1,46.9,72.6,44.5,1,45.5,1
2026-09-24T01:50:00-06:00,2026-09-24 01:50:00,57.9,57.9,52.8,0,0,1.1,211,0,0.05,0,0.05,0.42,55.98,29.98,83,0,0,73.9,35,67.3,48,67.3,71.8,39,70.5,69.8,1,24.43,1,46.9,72.6,44.5,1,45.5,1
2026-09-24T01:45:00-06:00,2026-09-24 01:45:00,58.1,58.1,52.6,0,0,1.1,221,0,0.05,0,0.05,0.42,55.98,29.98,82,0,0,73.9,35,67.3,48,67.3,71.8,39,70.5,69.8,1,24.43,1,46.9,72.6,44.5,1,45.5,1
2026-09-24T01:40:00-06:00,2026-09-24 01:40:00,58.6,58.6,53.5,0,0,1.1,224,0,0.05,0,0.05,0.42,55.98,29.98,83,0,0,73.9,35,67.3,48,67.3,71.8,39,70.5,69.8,1,24.42,1,46.9,72.6,44.5,1,45.5,1
2026-09-24T01:35:00-06:00,2026-09-24 01:35:00,58.6,58.6,53.1,0,0,1.1,202,0,0.05,0,0.05,0.42,55.98,29.98,82,0,0,74.1,35,67.3,48,67.3,71.8,39,70.5,69.8,1,24.43,1,46.9,72.9,44.7,1,45.5,1
2026-09-24T01:30:00-06:00,2026-09-24 01:30:00,58.5,58.5,52,0,0,1.1,218,0,0.05,0,0.05,0.42,55.98,29.97,79,0,0,74.1,35,67.3,48,67.3,71.8,39,70.5,69.8,1,24.42,1,46.9,72.9,44.7,1,45.5,1
2026-09-24T01:25:00-06:00,2026-09-24 01:25:00,58.5,58.5,52,0,0,1.1,218,0,0.05,0,0.05,0.42,55.98,29.98,79,0,0,73.9,35,67.3,48,67.3,71.8,39,70.5,69.8,1,24.42,1,46.9,72.6,44.5,1,45.5,1
2026-09-24T01:20:00-06:00,2026-09-24 01:20:00,58.6,58.6,52.4,0,0,1.1,217,0,0.05,0,0.05,0.42,55.98,29.97,80,0,0,74.1,35,67.3,48,67.3,72,39,70.7,69.8,1,24.42,1,46.9,72.9,44.7,1,45.7,1
2026-09-24T01:15:00-06:00,2026-09-24 01:15:00,58.5,58.5,52.4,0,0,1.1,220,0,0.05,0,0.05,0.42,55.98,29.97,80,0,0,74.1,35,67.3,48,67.3,72,39,70.7,70,1,24.42,1,46.9,72.9,44.7,1,45.7,1
2026-09-24T01:10:00-06:00,2026-09-24 01:10:00,57.6,57.6,52.1,0,0,1.1,222,0,0.05,0,0.05,0.42,55.98,29.97,82,0,0,74.1,35,67.3,48,67.3,72,39,70.7,70,1,24.41,1,46.9,72.9,44.7,1,45.7,1
2026-09-24T01:05:00-06:00,2026-09-24 01:05:00,57.6,57.6,52.8,0,0,1.1,227,0,0.05,0,0.05,0.42,55.98,29.98,84,0,0,74.1,35,67.3,48,67.3,72,39,70.7,70,1,24.43,1,46.9,72.9,44.7,1,45.7,1
2026-09-24T01:00:00-06:00,2026-09-24 01:00:00,57.2,57.2,52.7,0,0,1.1,230,0,0.05,0,0.05,0.42,55.98,29.98,85,0,0,74.3,35,67.3,48,67.3,72,39,70.7,70,1,24.43,1,46.9,73.1,44.9,1,45.7,1
2026-09-24T00:55:00-06:00,2026-09-24 00:55:00,57.2,57.2,52.7,0,0,1.1,231,0,0.05,0,0.05,0.42,55.98,29.98,85,0,0,74.3,35,67.3,48,67.3,72,39,70.7,70,1,24.43,1,46.9,73.1,44.9,1,45.7,1
2026-09-24T00:50:00-06:00,2026-09-24 00:50:00,57.6,57.6,53.1,0,0,1.1,222,0,0.05,0,0.05,0.42,55.98,29.98,85,0,0,74.3,35,67.3,48,67.3,72,39,70.7,70,1,24.43,1,46.9,73.1,44.9,1,45.7,1
2026-09-24T00:45:00-06:00,2026-09-24 00:45:00,57.7,57.7,52.9,0,0,1.1,229,0,0.05,0,0.05,0.42,55.98,29.98,84,0,0,74.3,35,67.3,48,67.3,72,39,70.7,70,1,24.43,1,46.9,73.1,44.9,1,45.7,1
2026-09-24T00:40:00-06:00,2026-09-24 00:40:00,57.6,57.6,52.8,0.7,1.1,1.1,223,0,0.05,0,0.05,0.42,55.98,29.98,84,0,0,74.3,35,67.3,48,67.3,72.1,39,70.8,70,1,24.43,1,46.9,73.1,44.9,1,45.8,1
2026-09-24T00:35:00-06:00,2026-09-24 00:35:00,57.6,57.6,52.8,0,0,1.1,213,0,0.05,0,0.05,0.42,55.98,29.98,84,0,0,74.3,35,67.3,48,67.3,72.1,39,70.8,70,1,24.43,1,46.9,73.1,44.9,1,45.8,1
2026-09-24T00:30:00-06:00,2026-09-24 00:30:00,57.6,57.6,52.8,0,0,1.1,229,0,0.05,0,0.05,0.42,55.98,29.98,84,0,0,74.3,34,67.3,48,67.3,72.1,39,70.8,70,1,24.43,1,46.9,73,44.1,1,45.8,1
2026-09-24T00:25:00-06:00,2026-09-24 00:25:00,57.6,57.6,52.8,0,0,1.1,233,0,0.05,0,0.05,0.42,55.98,29.98,84,0,0,74.3,34,67.3,48,67.3,72.1,39,70.8,70,1,24.43,1,46.9,73,44.1,1,45.8,1
2026-09-24T00:20:00-06:00,2026-09-24 00:20:00,57.6,57.6,53.1,0,0,1.1,226,0,0.05,0,0.05,0.42,55.98,29.98,85,0,0,74.5,34,67.3,48,67.3,72.1,39,70.8,70,1,24.43,1,46.9,73.2,44.3,1,45.8,1
2026-09-24T00:15:00-06:00,2026-09-24 00:15:00,57.7,57.7,53.2,0,0,1.1,226,0,0.05,0,0.05,0.42,55.98,29.99,85,0,0,74.5,34,67.3,48,67.3,72.1,39,70.8,70,1,24.44,1,46.9,73.2,44.3,1,45.8,1
2026-09-24T00:10:00-06:00,2026-09-24 00:10:00,57.6,57.6,53.4,0,0,1.1,239,0,0.05,0,0.05,0.42,55.98,29.98,86,0,0,74.5,34,67.3,48,67.3,72.1,39,70.8,70,1,24.43,1,46.9,73.2,44.3,1,45.8,1
2026-09-24T00:05:00-06:00,2026-09-24 00:05:00,57.2,57.2,53.7,0,0,0,234,0,0.05,0,0.05,0.42,55.98,29.99,88,0,0,74.5,35,67.3,48,67.3,72.1,39,70.8,70,1,24.44,1,46.9,73.3,45,1,45.8,1
2026-09-24T00:00:00-06:00,2026-09-24 00:00:00,57.2,57.2,54,0,0,0,234,0,0.05,0,0.05,0.42,55.98,29.98,89,0,0,74.5,34,67.3,48,67.3,72.1,39,70.8,70,1,24.43,1,46.9,73.2,44.3,1,45.8,1
2026-09-23T23:55:00-06:00,2026-09-23 23:55:00,56.7,56.7,53.8,0,0,9.2,224,0,0.05,0.05,0.05,0.42,55.98,29.98,90,0,0,74.5,34,67.3,48,67.3,72.1,38,70.8,70,1,24.43,1,46.9,73.2,44.3,1,45.1,1
2026-09-23T23:50:00-06:00,2026-09-23 23:50:00,56.8,56.8,54.2,0,0,9.2,225,0,0.05,0.05,0.05,0.42,55.98,29.99,91,0,0,74.5,34,67.3,48,67.3,72.1,39,70.8,70,1,24.44,1,46.9,73.2,44.3,1,45.8,1
2026-09-23T23:45:00-06:00,2026-09-23 23:45:00,57,57,54.1,0,0,9.2,221,0,0.05,0.05,0.05,0.42,55.98,29.99,90,0,0,74.7,34,67.3,48,67.3,72.1,39,70.8,70,1,24.44,1,46.9,73.5,44.5,1,45.8,1
2026-09-23T23:40:00-06:00,2026-09-23 23:40:00,56.8,56.8,54.2,0,0,9.2,218,0,0.05,0.05,0.05,0.42,55.98,29.98,91,0,0,74.7,34,67.3,48,67.3,72.3,39,71.1,70,1,24.43,1,46.9,73.5,44.5,1,45.9,1
2026-09-23T23:35:00-06:00,2026-09-23 23:35:00,56.8,56.8,54.2,0,0,9.2,196,0,0.05,0.05,0.05,0.42,55.98,29.99,91,0,0,74.7,34,67.3,48,67.3,72.1,38,70.8,70,1,24.44,1,46.9,73.5,44.5,1,45.1,1
2026-09-23T23:30:00-06:00,2026-09-23 23:30:00,57.2,57.2,54.6,0,0,9.2,228,0,0.05,0.05,0.05,0.42,55.98,29.99,91,0,0,74.7,34,67.3,48,67.3,72.3,38,71,70,1,24.44,1,46.9,73.5,44.5,1,45.3,1
2026-09-23T23:25:00-06:00,2026-09-23 23:25:00,57.2,57.2,54.6,0,0,9.2,224,0,0.05,0.05,0.05,0.42,55.98,29.99,91,0,0,74.7,34,67.3,48,67.3,72.3,38,71,70,1,24.44,1,46.9,73.5,44.5,1,45.3,1
2026-09-23T23:20:00-06:00,2026-09-23 23:20:00,57.2,57.2,54.6,0,0,9.2,225,0,0.05,0.05,0.05,0.42,55.98,29.99,91,0,0,74.7,34,67.3,48,67.3,72.3,38,71,70,1,24.44,1,46.9,73.5,44.5,1,45.3,1
2026-09-23T23:16:00-06:00,2026-09-23 23:16:00,57.4,57.4,54.8,0,0,9.2,239,0,0.05,0.05,0.05,0.42,55.98,30,91,0,0,74.7,34,67.3,48,67.3,72.3,38,71,70,1,24.45,1,46.9,73.5,44.5,1,45.3,1
2026-09-23T23:10:00-06:00,2026-09-23 23:10:00,57.6,57.6,54.7,0,0,9.2,225,0,0.05,0.05,0.05,0.42,55.98,29.99,90,0,0,74.8,34,67.3,48,67.3,72.3,38,71,70,1,24.44,1,46.9,73.6,44.5,1,45.3,1
2026-09-23T23:05:00-06:00,2026-09-23 23:05:00,57.7,57.7,54.8,0,0,9.2,218,0,0.05,0.05,0.05,0.42,55.98,30,90,0,0,74.7,34,67.3,48,67.3,72.3,38,71,70,1,24.45,1,46.9,73.5,44.5,1,45.3,1
2026-09-23T23:00:00-06:00,2026-09-23 23:00:00,57.7,57.7,54.5,0,0,9.2,221,0,0.05,0.05,0.05,0.42,55.98,29.99,89,0,0,74.8,34,67.3,48,67.3,72.3,38,71,70,1,24.44,1,46.9,73.6,44.5,1,45.3,1
2026-09-23T22:55:00-06:00,2026-09-23 22:55:00,57.4,57.4,54.2,0,0,9.2,225,0,0.05,0.05,0.05,0.42,55.98,29.99,89,0,0,74.8,34,67.3,48,67.3,72.3,38,71,70,1,24.44,1,46.9,73.6,44.5,1,45.3,1
2026-09-23T22:50:00-06:00,2026-09-23 22:50:00,57.2,57.2,54.3,0,0,9.2,234,0,0.05,0.05,0.05,0.42,55.98,29.99,90,0,0,74.8,34,67.3,48,67.3,72.3,38,71,70,1,24.44,1,46.9,73.6,44.5,1,45.3,1
2026-09-23T22:45:00-06:00,2026-09-23 22:45:00,57,57,54.4,0,0,9.2,229,0,0.05,0.05,0.05,0.42,55.98,29.99,91,0,0,74.8,34,67.3,48,67.3,72.5,38,71.2,70,1,24.44,1,46.9,73.6,44.5,1,45.4,1
2026-09-23T22:40:00-06:00,2026-09-23 22:40:00,56.8,56.8,54.5,0.2,1.1,9.2,236,0,0.05,0.05,0.05,0.42,55.98,29.99,92,0,0,74.8,34,67.3,48,67.3,72.5,38,71.2,70,1,24.44,1,46.9,73.6,44.5,1,45.4,1
2026-09-23T22:35:00-06:00,2026-09-23 22:35:00,56.7,56.7,54.4,0,0,9.2,229,0,0.05,0.05,0.05,0.42,55.98,30,92,0,0,74.8,34,67.3,48,67.3,72.5,38,71.2,70,1,24.45,1,46.9,73.6,44.5,1,45.4,1
2026-09-23T22:30:00-06:00,2026-09-23 22:30:00,56.8,56.8,54.5,0,0,9.2,221,0,0.05,0.05,0.05,0.42,55.98,29.99,92,0,0,74.8,34,67.3,48,67.3,72.5,38,71.2,70,1,24.44,1,46.9,73.6,44.5,1,45.4,1
2026-09-23T22:25:00-06:00,2026-09-23 22:25:00,56.8,56.8,54.5,0,0,9.2,225,0,0.05,0.05,0.05,0.42,55.98,30,92,0,0,75,34,67.3,48,67.3,72.5,38,71.2,70,1,24.45,1,46.9,73.8,44.7,1,45.4,1
2026-09-23T22:20:00-06:00,2026-09-23 22:20:00,56.8,56.8,54.5,0,0,9.2,228,0,0.05,0.05,0.05,0.42,55.98,29.99,92,0,0,75,34,67.3,48,67.3,72.5,38,71.2,70,1,24.44,1,46.9,73.8,44.7,1,45.4,1
2026-09-23T22:15:00-06:00,2026-09-23 22:15:00,56.8,56.8,54.5,0,0,9.2,226,0,0.05,0.05,0.05,0.42,55.98,29.99,92,0,0,75,34,67.3,48,67.3,72.5,38,71.2,70,1,24.44,1,46.9,73.8,44.7,1,45.4,1
2026-09-23T22:10:00-06:00,2026-09-23 22:10:00,56.8,56.8,54.5,0,0,9.2,232,0,0.05,0.05,0.05,0.42,55.98,29.98,92,0,0,75,34,67.3,48,67.3,72.7,38,71.5,70,1,24.43,1,46.9,73.8,44.7,1,45.6,1
2026-09-23T22:05:00-06:00,2026-09-23 22:05:00,56.8,56.8,54.5,0,0,9.2,222,0,0.05,0.05,0.05,0.42,55.98,29.99,92,0,0,75,34,67.3,48,67.3,72.7,38,71.5,70,1,24.44,1,46.9,73.8,44.7,1,45.6,1
2026-09-23T22:00:00-06:00,2026-09-23 22:00:00,57,57,54.7,0,0,9.2,240,0,0.05,0.05,0.05,0.42,55.98,29.99,92,0,0,75.2,34,67.3,48,67.3,72.7,38,71.5,70,1,24.44,1,46.9,74,44.9,1,45.6,1
2026-09-23T21:55:00-06:00,2026-09-23 21:55:00,56.8,56.8,54.5,0,0,9.2,224,0,0.05,0.05,0.05,0.42,55.98,29.99,92,0,0,75.2,34,67.3,48,67.3,72.7,38,71.5,70,1,24.44,1,46.9,74,44.9,1,45.6,1
2026-09-23T21:50:00-06:00,2026-09-23 21:50:00,57,57,54.4,0,0,9.2,223,0,0.05,0.05,0.05,0.42,55.98,29.99,91,0,0,75.2,34,67.3,48,67.3,72.7,38,71.5,70,1,24.44,1,46.9,74,44.9,1,45.6,1
2026-09-23T21:45:00-06:00,2026-09-23 21:45:00,57,57,54.4,0.9,1.1,9.2,235,0,0.05,0.05,0.05,0.42,55.98,29.99,91,0,0,75.2,34,67.3,48,67.3,72.7,38,71.5,70,1,24.44,1,46.9,74,44.9,1,45.6,1
2026-09-23T21:40:00-06:00,2026-09-23 21:40:00,57.6,57.6,54.4,0.2,1.1,9.2,246,0,0.05,0.05,0.05,0.42,55.98,29.99,89,0,0,75.2,34,67.3,48,67.3,72.7,38,71.5,70,1,24.44,1,46.9,74,44.9,1,45.6,1
2026-09-23T21:35:00-06:00,2026-09-23 21:35:00,57.4,57.4,54.2,0,0,9.2,210,0,0.05,0.05,0.05,0.42,55.98,30,89,0,0,75.2,34,67.3,48,67.3,72.7,38,71.5,69.8,1,24.45,1,46.9,74,44.9,1,45.6,1
2026-09-23T21:30:00-06:00,2026-09-23 21:30:00,57.7,57.7,54.2,0,0,9.2,220,0.07,0.05,0.05,0.05,0.42,55.98,30,88,0,0,75.2,34,67.3,48,67.3,72.7,38,71.5,69.8,1,24.45,1,46.9,74,44.9,1,45.6,1
2026-09-23T21:25:00-06:00,2026-09-23 21:25:00,58.5,58.5,54.3,1.8,2.2,9.2,262,0.07,0.05,0.05,0.05,0.42,55.98,29.99,86,0,0,75.4,34,67.3,48,67.3,72.7,38,71.5,69.8,1,24.44,1,46.9,74.2,45.1,1,45.6,1
2026-09-23T21:20:00-06:00,2026-09-23 21:20:00,58.6,58.6,53.8,1.3,2.2,9.2,265,0.07,0.05,0.05,0.05,0.42,55.98,29.99,84,0,0,75.4,34,67.3,48,67.3,72.9,38,71.7,69.8,1,24.44,1,46.9,74.2,45.1,1,45.8,1
2026-09-23T21:15:00-06:00,2026-09-23 21:15:00,58.3,58.3,53.8,1.8,2.2,9.2,196,0,0.04,0.04,0.04,0.41,55.97,29.99,85,0,0,75.4,34,67.3,48,67.3,72.9,38,71.7,69.8,1,24.44,1,46.9,74.2,45.1,1,45.8,1
2026-09-23T21:10:00-06:00,2026-09-23 21:10:00,57.9,57.9,54.1,3.4,3.4,9.2,181,0,0.04,0.04,0.04,0.41,55.97,30,87,0,0,75.4,34,67.3,48,67.3,72.9,38,71.7,69.8,1,24.45,1,46.9,74.2,45.1,1,45.8,1
2026-09-23T21:05:00-06:00,2026-09-23 21:05:00,57.6,57.6,54.1,0,0,9.2,199,0.05,0.04,0.04,0.04,0.41,55.97,30,88,0,0,75.4,34,67.3,48,67.3,72.9,38,71.7,69.8,1,24.45,1,46.9,74.2,45.1,1,45.8,1
2026-09-23T21:00:00-06:00,2026-09-23 21:00:00,57.7,57.7,54.2,0,0,9.2,225,0.12,0.04,0.04,0.04,0.41,55.97,30,88,0,0,75.4,34,67.3,48,67.3,72.9,38,71.7,69.8,1,24.45,1,46.9,74.2,45.1,1,45.8,1
2026-09-23T20:55:00-06:00,2026-09-23 20:55:00,58.1,58.1,54.2,1.8,2.2,9.2,187,0.12,0.03,0.03,0.03,0.4,55.97,29.99,87,0,0,75.4,34,67.3,48,67.3,72.9,38,71.7,69.8,1,24.44,1,46.9,74.2,45.1,1,45.8,1
2026-09-23T20:50:00-06:00,2026-09-23 20:50:00,58.3,58.3,54.1,1.3,2.2,9.2,204,0.05,0.02,0.02,0.02,0.39,55.95,29.99,86,0,0,75.6,34,67.3,48,67.3,72.9,38,71.7,69.8,1,24.44,1,46.9,74.5,45.2,1,45.8,1
2026-09-23T20:45:00-06:00,2026-09-23 20:45:00,58.3,58.3,54.1,0,0,9.2,224,0,0.01,0.01,0.01,0.38,55.95,29.99,86,0,0,75.6,34,67.3,47,67.3,72.9,38,71.7,69.8,1,24.44,1,46.4,74.5,45.2,1,45.8,1
2026-09-23T20:40:00-06:00,2026-09-23 20:40:00,58.6,58.6,54.7,0,0,9.2,203,0,0.01,0.01,0.01,0.38,55.95,29.99,87,0,0,75.6,34,67.3,47,67.3,73,38,71.8,69.8,1,24.44,1,46.4,74.5,45.2,1,45.9,1
2026-09-23T20:35:00-06:00,2026-09-23 20:35:00,58.5,58.5,54.3,0,0,9.2,211,0,0.01,0.01,0.01,0.38,55.95,29.99,86,0,0,75.6,34,67.3,47,67.3,73,38,71.8,69.8,1,24.44,1,46.4,74.5,45.2,1,45.9,1
2026-09-23T20:30:00-06:00,2026-09-23 20:30:00,58.8,58.8,54.3,0.2,1.1,9.2,169,0.07,0.01,0.01,0.01,0.38,55.95,29.99,85,0,0,75.7,34,67.1,47,67.1,73,38,71.8,69.8,1,24.44,1,46.2,74.6,45.3,1,45.9,1
2026-09-23T20:25:00-06:00,2026-09-23 20:25:00,59.5,59.5,54.3,1.3,2.2,9.2,206,0.07,0.01,0.01,0.01,0.38,55.95,29.99,83,0,0,75.7,34,67.1,47,67.1,73,38,71.8,69.8,1,24.44,1,46.2,74.6,45.3,1,45.9,1
2026-09-23T20:20:00-06:00,2026-09-23 20:20:00,59.9,59.9,54.4,2.9,3.4,9.2,170,0,0,0,0,0.37,55.93,29.98,82,0,0,75.7,34,67.1,47,67.1,73,38,71.8,69.8,1,24.43,1,46.2,74.6,45.3,1,45.9,1
2026-09-23T20:15:00-06:00,2026-09-23 20:15:00,60.8,60.8,54.2,1.1,2.2,9.2,100,0,0,0,0,0.37,55.93,29.99,79,0,0,75.7,34,67.1,47,67.1,73,38,71.8,69.8,1,24.44,1,46.2,74.6,45.3,1,45.9,1
2026-09-23T20:10:00-06:00,2026-09-23 20:10:00,61.5,61.5,53.9,2.2,3.4,9.2,163,0,0,0,0,0.37,55.93,29.98,76,0,0,75.9,34,67.3,47,67.3,73,38,71.8,69.8,1,24.43,1,46.4,74.8,45.5,1,45.9,1
2026-09-23T20:05:00-06:00,2026-09-23 20:05:00,61.9,61.9,54.6,3.6,4.5,9.2,90,0,0,0,0,0.37,55.93,29.97,77,0,0,75.9,34,67.1,47,67.1,73,38,71.8,69.8,1,24.42,1,46.2,74.8,45.5,1,45.9,1
2026-09-23T20:00:00-06:00,2026-09-23 20:00:00,61.7,61.7,53,0.9,2.2,9.2,172,0,0,0,0,0.37,55.93,29.97,73,0,0,75.9,34,67.1,47,67.1,73,38,71.8,69.8,1,24.41,1,46.2,74.8,45.5,1,45.9,1
2026-09-23T19:55:00-06:00,2026-09-23 19:55:00,62.2,62.2,53.1,1.1,1.1,9.2,277,0,0,0,0,0.37,55.93,29.97,72,0,0,75.9,34,67.1,47,67.1,73,38,71.8,69.8,1,24.41,1,46.2,74.8,45.5,1,45.9,1
2026-09-23T19:50:00-06:00,2026-09-23 19:50:00,63.7,63.7,52.9,2,2.2,9.2,257,0,0,0,0,0.37,55.93,29.97,68,0,0,75.9,34,67.1,47,67.1,73,38,71.8,69.8,1,24.41,1,46.2,74.8,45.5,1,45.9,1
2026-09-23T19:45:00-06:00,2026-09-23 19:45:00,64.8,64.8,51.5,1.8,2.2,9.2,241,0,0,0,0,0.37,55.93,29.96,62,0,0,75.9,34,67.1,47,67.1,73.2,38,72,69.8,1,24.41,1,46.2,74.8,45.5,1,46.1,1
2026-09-23T19:40:00-06:00,2026-09-23 19:40:00,64.9,64.9,50.7,0.7,1.1,9.2,198,0,0,0,0,0.37,55.93,29.96,60,0,0,76.1,34,67.1,47,67.1,73,38,71.8,69.8,1,24.41,1,46.2,75,45.7,1,45.9,1
2026-09-23T19:35:00-06:00,2026-09-23 19:35:00,65.3,65.3,50.6,2.5,4.5,9.2,238,0,0,0,0,0.37,55.93,29.96,59,0,0,76.1,34,67.1,47,67.1,73.2,38,72,69.8,1,24.41,1,46.2,75,45.7,1,46.1,1
2026-09-23T19:30:00-06:00,2026-09-23 19:30:00,65.5,65.5,50.3,3.4,4.5,9.2,241,0,0,0,0,0.37,55.93,29.96,58,0,0,76.1,34,67.1,47,67.1,73,38,71.8,69.8,1,24.41,1,46.2,75,45.7,1,45.9,1
2026-09-23T19:25:00-06:00,2026-09-23 19:25:00,65.5,65.5,50.3,1.3,2.2,8.1,246,0,0,0,0,0.37,55.93,29.96,58,0,0,76.1,34,67.1,47,67.1,73.2,38,72,69.8,1,24.41,1,46.2,75,45.7,1,46.1,1
2026-09-23T19:20:00-06:00,2026-09-23 19:20:00,65.8,65.8,50.6,2.9,6.9,8.1,243,0,0,0,0,0.37,55.93,29.96,58,0,0,76.1,34,67.1,47,67.1,73.2,38,72,69.8,1,24.41,1,46.2,75,45.7,1,46.1,1
2026-09-23T19:15:00-06:00,2026-09-23 19:15:00,66.6,66.6,50.9,1.8,2.2,8.1,261,0,0,0,0,0.37,55.93,29.95,57,0,0,76.3,34,67.1,47,67.1,73.2,38,72,69.8,1,24.4,1,46.2,75.2,45.9,1,46.1,1
2026-09-23T19:10:00-06:00,2026-09-23 19:10:00,67.5,67.5,50.8,4.3,8.1,8.1,288,0,0,0,0,0.37,55.93,29.95,55,0,0.1,76.3,33,67.1,47,67.1,73.2,38,72,69.8,1,24.4,1,46.2,75.2,45.1,1,46.1,1
2026-09-23T19:05:00-06:00,2026-09-23 19:05:00,67.5,67.5,50.8,0.2,1.1,8.1,235,0,0,0,0,0.37,55.93,29.95,55,0,0.1,76.3,33,67.1,47,67.1,73.2,38,72,69.8,1,24.39,1,46.2,75.2,45.1,1,46.1,1
2026-09-23T19:00:00-06:00,2026-09-23 19:00:00,67.5,67.5,50.8,0,0,8.1,236,0,0,0,0,0.37,55.93,29.95,55,0,0.3,76.5,33,67.1,47,67.1,73.2,38,72,69.8,1,24.4,1,46.2,75.4,45.2,1,46.1,1
2026-09-23T18:55:00-06:00,2026-09-23 18:55:00,67.5,67.5,51.2,0,0,8.1,229,0,0,0,0,0.37,55.93,29.95,56,0,0.6,76.5,33,67.1,47,67.1,73.2,38,72,69.8,1,24.39,1,46.2,75.4,45.2,1,46.1,1
2026-09-23T18:50:00-06:00,2026-09-23 18:50:00,67.6,67.6,51.3,0,0,8.1,225,0,0,0,0,0.37,55.93,29.95,56,0,0.9,76.5,33,67.1,47,67.1,73.2,37,72,69.8,1,24.4,1,46.2,75.4,45.2,1,45.4,1
2026-09-23T18:45:00-06:00,2026-09-23 18:45:00,67.8,67.8,51.5,0,0,8.1,240,0,0,0,0,0.37,55.93,29.94,56,0,1.6,76.5,33,67.1,47,67.1,73.4,38,72.2,69.8,1,24.39,1,46.2,75.4,45.2,1,46.2,1
2026-09-23T18:40:00-06:00,2026-09-23 18:40:00,68,68,51.2,0.9,2.2,8.1,229,0,0,0,0,0.37,55.93,29.94,55,0,3,76.5,33,67.1,47,67.1,73.4,37,72.2,69.6,1,24.39,1,46.2,75.4,45.2,1,45.5,1
2026-09-23T18:35:00-06:00,2026-09-23 18:35:00,68,68,51.2,0,0,8.1,191,0,0,0,0,0.37,55.93,29.95,55,0,5.5,76.5,33,67.1,47,67.1,73.4,38,72.2,69.6,1,24.39,1,46.2,75.4,45.2,1,46.2,1
2026-09-23T18:30:00-06:00,2026-09-23 18:30:00,68,68,51.2,0,0,8.1,241,0,0,0,0,0.37,55.93,29.94,55,0,7.2,76.5,33,67.1,47,67.1,73.4,38,72.2,69.6,1,24.39,1,46.2,75.4,45.2,1,46.2,1
2026-09-23T18:25:00-06:00,2026-09-23 18:25:00,68.2,67.3,51.4,0,0,8.1,225,0,0,0,0,0.37,55.93,29.95,55,0,7.2,76.5,33,67.1,47,67.1,73.4,37,72.2,69.6,1,24.39,1,46.2,75.4,45.2,1,45.5,1
2026-09-23T18:20:00-06:00,2026-09-23 18:20:00,68.4,67.5,51.6,0,0,8.1,228,0,0,0,0,0.37,55.93,29.94,55,0,7.4,76.5,33,67.1,47,67.1,73.4,37,72.2,69.6,1,24.39,1,46.2,75.4,45.2,1,45.5,1
2026-09-23T18:15:00-06:00,2026-09-23 18:15:00,68.5,67.6,51.7,0,0,8.1,230,0,0,0,0,0.37,55.93,29.94,55,0,10.2,76.6,33,67.1,47,67.1,73.4,37,72.2,69.6,1,24.39,1,46.2,75.5,45.3,1,45.5,1
2026-09-23T18:10:00-06:00,2026-09-23 18:10:00,68.5,67.6,51.2,0,0,8.1,222,0,0,0,0,0.37,55.93,29.93,54,0,16.4,76.6,33,67.1,47,67.1,73.4,37,72.2,69.6,1,24.38,1,46.2,75.5,45.3,1,45.5,1
2026-09-23T18:05:00-06:00,2026-09-23 18:05:00,68.7,67.9,51.9,0,0,8.1,231,0,0,0,0,0.37,55.93,29.94,55,0,20.4,76.6,33,67.1,47,67.1,73.4,37,72.2,69.6,1,24.39,1,46.2,75.5,45.3,1,45.5,1
2026-09-23T18:00:00-06:00,2026-09-23 18:00:00,68.7,67.9,52.4,0,0,8.1,218,0,0,0,0,0.37,55.93,29.93,56,0,23.6,76.6,33,67.1,47,67.1,73.4,37,72.2,69.6,1,24.38,1,46.2,75.5,45.3,1,45.5,1
2026-09-23T17:55:00-06:00,2026-09-23 17:55:00,68.7,67.9,52.4,0,0,8.1,222,0,0,0,0,0.37,55.93,29.93,56,0,27.7,76.6,33,67.1,47,67.1,73.4,37,72.2,69.6,1,24.37,1,46.2,75.5,45.3,1,45.5,1
2026-09-23T17:50:00-06:00,2026-09-23 17:50:00,69.1,68.3,52.7,0,0,8.1,221,0,0,0,0,0.37,55.93,29.93,56,0,30.9,76.6,33,67.1,47,67.1,73.6,37,72.4,69.6,1,24.38,1,46.2,75.5,45.3,1,45.7,1
2026-09-23T17:45:00-06:00,2026-09-23 17:45:00,69.1,68.3,52.2,0.7,1.1,8.1,211,0,0,0,0,0.37,55.93,29.93,55,0,34.3,76.6,33,67.1,47,67.1,73.6,37,72.4,69.6,1,24.38,1,46.2,75.5,45.3,1,45.7,1
2026-09-23T17:40:00-06:00,2026-09-23 17:40:00,69.4,68.6,52.5,0,0,8.1,220,0,0,0,0,0.37,55.93,29.93,55,0,37.9,76.6,33,67.1,47,67.1,73.6,37,72.4,69.6,1,24.37,1,46.2,75.5,45.3,1,45.7,1
2026-09-23T17:35:00-06:00,2026-09-23 17:35:00,69.6,68.8,52.7,0,0,8.1,227,0,0,0,0,0.37,55.93,29.93,55,0,41.3,76.6,33,67.1,47,67.1,73.6,37,72.4,69.6,1,24.38,1,46.2,75.5,45.3,1,45.7,1
2026-09-23T17:30:00-06:00,2026-09-23 17:30:00,69.4,68.6,52.5,0,0,8.1,217,0,0,0,0,0.37,55.93,29.92,55,0,45.5,76.6,33,67.1,47,67.1,73.6,37,72.4,69.6,1,24.37,1,46.2,75.5,45.3,1,45.7,1
2026-09-23T17:25:00-06:00,2026-09-23 17:25:00,69.6,68.8,52.7,0,0,8.1,198,0,0,0,0,0.37,55.93,29.93,55,0,49.2,76.6,33,67.1,47,67.1,73.6,37,72.4,69.6,1,24.38,1,46.2,75.5,45.3,1,45.7,1
2026-09-23T17:20:00-06:00,2026-09-23 17:20:00,69.6,68.8,52.7,0,0,8.1,238,0,0,0,0,0.37,55.93,29.93,55,0,51,76.6,33,67.1,47,67.1,73.6,37,72.4,69.6,1,24.37,1,46.2,75.5,45.3,1,45.7,1
2026-09-23T17:15:00-06:00,2026-09-23 17:15:00,70.2,69.5,53.3,0,0,8.1,204,0,0,0,0,0.37,55.93,29.93,55,0,53.9,76.8,33,67.1,47,67.1,73.6,37,72.4,69.6,1,24.37,1,46.2,75.7,45.5,1,45.7,1
2026-09-23T17:10:00-06:00,2026-09-23 17:10:00,70.2,69.5,53.3,0,0,8.1,220,0,0,0,0,0.37,55.93,29.92,55,0,57.5,76.6,33,67.1,47,67.1,73.6,37,72.4,69.6,1,24.37,1,46.2,75.5,45.3,1,45.7,1
2026-09-23T17:05:00-06:00,2026-09-23 17:05:00,70.2,69.5,52.8,0,0,8.1,221,0,0,0,0,0.37,55.93,29.92,54,0,64.5,76.8,33,67.1,47,67.1,73.6,37,72.4,69.6,1,24.37,1,46.2,75.7,45.5,1,45.7,1
2026-09-23T17:00:00-06:00,2026-09-23 17:00:00,70.3,69.6,52.9,0,0,8.1,95,0,0,0,0,0.37,55.93,29.92,54,0,68.4,76.8,33,67.1,47,67.1,73.6,37,72.4,69.6,1,24.37,1,46.2,75.7,45.5,1,45.7,1
2026-09-23T16:55:00-06:00,2026-09-23 16:55:00,70.7,70.1,53.7,0.7,1.1,8.1,212,0,0,0,0,0.37,55.93,29.92,55,0,72.7,76.8,33,67.1,47,67.1,73.6,37,72.4,69.6,1,24.37,1,46.2,75.7,45.5,1,45.7,1
2026-09-23T16:50:00-06:00,2026-09-23 16:50:00,70.9,70.3,53.9,0,0,8.1,219,0,0,0,0,0.37,55.93,29.92,55,0,77.1,76.8,33,67.1,47,67.1,73.6,37,72.4,69.6,1,24.37,1,46.2,75.7,45.5,1,45.7,1
2026-09-23T16:45:00-06:00,2026-09-23 16:45:00,70.9,70.2,52.9,0,0,8.1,207,0,0,0,0,0.37,55.93,29.92,53,0,84.2,76.8,33,67.1,47,67.1,73.6,37,72.4,69.4,1,24.37,1,46.2,75.7,45.5,1,45.7,1
2026-09-23T16:40:00-06:00,2026-09-23 16:40:00,70.9,70.1,52.4,0,0,8.1,221,0,0,0,0,0.37,55.93,29.92,52,0,95.6,76.8,33,67.1,47,67.1,73.6,37,72.4,69.4,1,24.36,1,46.2,75.7,45.5,1,45.7,1
2026-09-23T16:35:00-06:00,2026-09-23 16:35:00,70.9,70.1,52.4,1.6,2.2,8.1,91,0,0,0,0,0.37,55.93,29.92,52,1,102.8,76.8,33,66.9,47,66.9,73.6,37,72.4,69.3,1,24.37,1,46,75.7,45.5,1,45.7,1
2026-09-23T16:30:00-06:00,2026-09-23 16:30:00,71.1,70.4,53.1,0.2,1.1,8.1,209,0,0,0,0,0.37,55.93,29.91,53,1,105,76.8,33,66.9,47,66.9,73.6,37,72.4,68.9,1,24.36,1,46,75.7,45.5,1,45.7,1
2026-09-23T16:25:00-06:00,2026-09-23 16:25:00,70.9,70.1,52.4,1.6,2.2,8.1,130,0,0,0,0,0.37,55.93,29.92,52,1,108.1,76.6,33,66.9,47,66.9,73.6,37,72.4,68.7,1,24.36,1,46,75.5,45.3,1,45.7,1
2026-09-23T16:20:00-06:00,2026-09-23 16:20:00,71.2,70.5,52.7,0,0,8.1,308,0,0,0,0,0.37,55.93,29.92,52,1,118.1,76.8,33,66.9,47,66.9,73.6,37,72.4,68.4,1,24.36,1,46,75.7,45.5,1,45.7,1
2026-09-23T16:15:00-06:00,2026-09-23 16:15:00,71.1,70.3,52,1.6,2.2,8.1,156,0,0,0,0,0.37,55.93,29.92,51,1,130.7,76.6,33,66.9,47,66.9,73.6,37,72.4,67.6,1,24.37,1,46,75.5,45.3,1,45.7,1
2026-09-23T16:10:00-06:00,2026-09-23 16:10:00,71.1,70.3,52,0.9,1.1,8.1,197,0,0,0,0,0.37,55.93,29.91,51,1,140.9,76.8,33,67.1,47,67.1,73.6,37,72.4,69.6,1,24.36,1,46.2,75.7,45.5,1,45.7,1
2026-09-23T16:05:00-06:00,2026-09-23 16:05:00,71.1,70.4,52.6,0,0,8.1,218,0,0,0,0,0.37,55.93,29.91,52,1,154.6,76.8,33,66.9,47,66.9,73.6,37,72.4,69.6,1,24.36,1,46,75.7,45.5,1,45.7,1
2026-09-23T16:00:00-06:00,2026-09-23 16:00:00,70.9,70.2,52.9,0.2,1.1,8.1,207,0,0,0,0,0.37,55.93,29.91,53,1,160.6,76.6,33,66.9,47,66.9,73.6,37,72.4,69.6,1,24.36,1,46,75.5,45.3,1,45.7,1
2026-09-23T15:55:00-06:00,2026-09-23 15:55:00,70.5,69.7,52.5,0,0,8.1,218,0,0,0,0,0.37,55.93,29.91,53,1,174.2,76.6,33,66.9,47,66.9,73.4,37,72.2,69.6,1,24.36,1,46,75.5,45.3,1,45.5,1
2026-09-23T15:50:00-06:00,2026-09-23 15:50:00,70.2,69.4,52.3,0,0,8.1,193,0,0,0,0,0.37,55.93,29.92,53,1,179.8,76.6,33,66.9,47,66.9,73.4,37,72.2,69.6,1,24.36,1,46,75.5,45.3,1,45.5,1
2026-09-23T15:45:00-06:00,2026-09-23 15:45:00,70.5,69.7,52.5,0.9,1.1,8.1,147,0,0,0,0,0.37,55.93,29.92,53,1,186.3,76.5,33,66.9,47,66.9,73.4,37,72.2,69.6,1,24.37,1,46,75.4,45.2,1,45.5,1
2026-09-23T15:40:00-06:00,2026-09-23 15:40:00,70,69.2,52.6,0.9,1.1,8.1,188,0,0,0,0,0.37,55.93,29.92,54,1,187.6,76.5,33,66.9,47,66.9,73.2,37,72,69.6,1,24.37,1,46,75.4,45.2,1,45.4,1
2026-09-23T15:35:00-06:00,2026-09-23 15:35:00,70.5,69.8,53,0.7,1.1,8.1,177,0,0,0,0,0.37,55.93,29.91,54,1,179.3,76.5,33,66.9,47,66.9,73.2,37,72,69.6,1,24.36,1,46,75.4,45.2,1,45.4,1
2026-09-23T15:30:00-06:00,2026-09-23 15:30:00,70.3,69.6,52.9,0.2,1.1,8.1,187,0,0,0,0,0.37,55.93,29.92,54,1,192.1,76.5,33,66.9,47,66.9,73.2,37,72,69.6,1,24.37,1,46,75.4,45.2,1,45.4,1
2026-09-23T15:25:00-06:00,2026-09-23 15:25:00,70,69.3,53.1,0,0,8.1,217,0,0,0,0,0.37,55.93,29.92,55,1,192.7,76.3,33,66.9,47,66.9,73.2,37,72,69.6,1,24.36,1,46,75.2,45.1,1,45.4,1
2026-09-23T15:20:00-06:00,2026-09-23 15:20:00,69.3,68.6,52.9,0.5,1.1,8.1,164,0,0,0,0,0.37,55.93,29.92,56,1,177,76.3,33,66.9,47,66.9,73.2,37,72,69.6,1,24.36,1,46,75.2,45.1,1,45.4,1
2026-09-23T15:15:00-06:00,2026-09-23 15:15:00,69.8,69.1,53.4,0,0,8.1,193,0,0,0,0,0.37,55.93,29.92,56,1,148.1,76.3,33,66.9,47,66.9,73.2,37,72,69.4,1,24.37,1,46,75.2,45.1,1,45.4,1
2026-09-23T15:10:00-06:00,2026-09-23 15:10:00,70.3,69.6,53.4,0,0,8.1,206,0,0,0,0,0.37,55.93,29.93,55,1,118,76.3,33,66.9,47,66.9,73.2,37,72,69.6,1,24.37,1,46,75.2,45.1,1,45.4,1
2026-09-23T15:05:00-06:00,2026-09-23 15:05:00,70.7,70.1,54.2,0,0,8.1,203,0,0,0,0,0.37,55.93,29.93,56,1,118.1,76.3,33,66.9,47,66.9,73.2,37,72,69.4,1,24.37,1,46,75.2,45.1,1,45.4,1
2026-09-23T15:00:00-06:00,2026-09-23 15:00:00,70.3,69.6,53.4,0,0,8.1,232,0,0,0,0,0.37,55.93,29.93,55,1,120.1,76.3,33,66.9,47,66.9,73.2,37,72,69.4,1,24.38,1,46,75.2,45.1,1,45.4,1
2026-09-23T14:55:00-06:00,2026-09-23 14:55:00,69.8,69.1,52.9,0,0,8.1,234,0,0,0,0,0.37,55.93,29.92,55,1,123.3,76.3,33,66.9,47,66.9,73.2,37,72,69.4,1,24.37,1,46,75.2,45.1,1,45.4,1
2026-09-23T14:50:00-06:00,2026-09-23 14:50:00,69.4,68.6,52.5,0,0,8.1,234,0,0,0,0,0.37,55.93,29.92,55,1,117.3,76.3,33,66.9,47,66.9,73.2,37,72,69.4,1,24.37,1,46,75.2,45.1,1,45.4,1
2026-09-23T14:45:00-06:00,2026-09-23 14:45:00,69.8,69.1,52.9,0.9,2.2,8.1,88,0,0,0,0,0.37,55.93,29.93,55,0,99.5,76.3,33,66.9,47,66.9,73.2,37,72,69.4,1,24.37,1,46,75.2,45.1,1,45.4,1
2026-09-23T14:40:00-06:00,2026-09-23 14:40:00,70,69.2,52.6,0,0,8.1,207,0,0,0,0,0.37,55.93,29.92,54,0,99.4,76.1,33,66.9,47,66.9,73.2,37,72,69.4,1,24.37,1,46,75,44.9,1,45.4,1
2026-09-23T14:35:00-06:00,2026-09-23 14:35:00,70.3,69.6,52.9,0,0,8.1,226,0,0,0,0,0.37,55.93,29.93,54,1,105.9,76.1,33,66.9,47,66.9,73.2,37,72,69.4,1,24.37,1,46,75,44.9,1,45.4,1
2026-09-23T14:30:00-06:00,2026-09-23 14:30:00,70,69.2,52.1,0,0,8.1,216,0,0,0,0,0.37,55.93,29.92,53,0,96.4,76.3,33,66.9,47,66.9,73,37,71.7,69.4,1,24.37,1,46,75.2,45.1,1,45.2,1
2026-09-23T14:25:00-06:00,2026-09-23 14:25:00,70,69.2,52.1,0,0,8.1,228,0,0,0,0,0.37,55.93,29.93,53,0,81.4,76.1,33,66.9,47,66.9,73.2,37,72,69.4,1,24.38,1,46,75,44.9,1,45.4,1
2026-09-23T14:20:00-06:00,2026-09-23 14:20:00,70.3,69.6,53.4,0,0,8.1,214,0,0,0,0,0.37,55.93,29.93,55,0,82.5,76.1,33,66.9,47,66.9,73.2,37,72,69.4,1,24.37,1,46,75,44.9,1,45.4,1
2026-09-23T14:15:00-06:00,2026-09-23 14:15:00,70,69.3,53.1,0,0,8.1,219,0,0,0,0,0.37,55.93,29.93,55,0,95,76.1,33,66.9,47,66.9,73,37,71.7,69.4,1,24.38,1,46,75,44.9,1,45.2,1
2026-09-23T14:10:00-06:00,2026-09-23 14:10:00,70.2,69.5,52.8,0,0,8.1,216,0,0,0,0,0.37,55.93,29.93,54,0,101,76.1,33,66.9,47,66.9,73.2,37,72,69.4,1,24.38,1,46,75,44.9,1,45.4,1
2026-09-23T14:05:00-06:00,2026-09-23 14:05:00,70.3,69.6,52.9,0,0,8.1,228,0,0,0,0,0.37,55.93,29.93,54,1,117.9,76.1,33,66.9,47,66.9,73,37,71.7,69.4,1,24.38,1,46,75,44.9,1,45.2,1
2026-09-23T14:00:00-06:00,2026-09-23 14:00:00,70.2,69.5,53.3,0,0,8.1,215,0,0,0,0,0.37,55.93,29.92,55,1,158.7,76.1,33,66.9,47,66.9,73,37,71.7,69.4,1,24.37,1,46,75,44.9,1,45.2,1
2026-09-23T13:55:00-06:00,2026-09-23 13:55:00,69.4,68.6,52.5,1.1,2.2,8.1,149,0,0,0,0,0.37,55.93,29.92,55,1,163,76.1,33,66.9,47,66.9,73,37,71.7,69.4,1,24.37,1,46,75,44.9,1,45.2,1
2026-09-23T13:50:00-06:00,2026-09-23 13:50:00,69.8,69,51.9,2,2.2,8.1,142,0,0,0,0,0.37,55.93,29.92,53,1,142.7,76.1,33,66.9,47,66.9,73,37,71.7,69.4,1,24.37,1,46,75,44.9,1,45.2,1
2026-09-23T13:45:00-06:00,2026-09-23 13:45:00,69.8,69,52.4,0,0,8.1,193,0,0,0,0,0.37,55.93,29.93,54,1,140.4,76.1,33,66.9,47,66.9,73,37,71.7,69.4,1,24.38,1,46,75,44.9,1,45.2,1
2026-09-23T13:40:00-06:00,2026-09-23 13:40:00,70.5,69.7,52,2,2.2,8.1,176,0,0,0,0,0.37,55.93,29.93,52,1,165.1,76.1,33,66.9,47,66.9,73,37,71.7,69.4,1,24.38,1,46,75,44.9,1,45.2,1
2026-09-23T13:35:00-06:00,2026-09-23 13:35:00,71.2,70.5,52.7,0.2,1.1,8.1,221,0,0,0,0,0.37,55.93,29.93,52,2,209.4,76.1,33,66.9,47,66.9,73,37,71.7,69.4,1,24.38,1,46,75,44.9,1,45.2,1
2026-09-23T13:30:00-06:00,2026-09-23 13:30:00,70.2,69.5,52.8,0,0,8.1,219,0,0,0,0,0.37,55.93,29.93,54,3,332.7,76.1,33,66.9,47,66.9,73,37,71.7,69.4,1,24.38,1,46,75,44.9,1,45.2,1
2026-09-23T13:25:00-06:00,2026-09-23 13:25:00,69.8,69,51.9,3.4,4.5,8.1,98,0,0,0,0,0.37,55.93,29.93,53,2,239.2,75.9,33,66.7,47,66.7,73,37,71.7,69.4,1,24.37,1,45.8,74.7,44.7,1,45.2,1
2026-09-23T13:20:00-06:00,2026-09-23 13:20:00,69.6,68.8,52.2,0.2,1.1,8.1,125,0,0,0,0,0.37,55.93,29.93,54,1,172.7,75.9,33,66.9,47,66.9,73,37,71.7,69.3,1,24.38,1,46,74.7,44.7,1,45.2,1
2026-09-23T13:15:00-06:00,2026-09-23 13:15:00,69.4,68.5,51.5,0.9,1.1,8.1,181,0,0,0,0,0.37,55.93,29.93,53,1,149.6,75.9,33,66.9,47,66.9,72.9,37,71.6,69.3,1,24.37,1,46,74.7,44.7,1,45.1,1
2026-09-23T13:10:00-06:00,2026-09-23 13:10:00,70.3,69.5,51.8,1.6,2.2,8.1,185,0,0,0,0,0.37,55.93,29.93,52,1,159.8,75.9,33,66.9,47,66.9,72.9,38,71.7,69.3,1,24.38,1,46,74.7,44.7,1,45.8,1
2026-09-23T13:05:00-06:00,2026-09-23 13:05:00,70,69.2,52.1,0,0,8.1,220,0,0,0,0,0.37,55.93,29.93,53,1,168.4,75.9,33,66.9,47,66.9,73,37,71.7,69.3,1,24.38,1,46,74.7,44.7,1,45.2,1
2026-09-23T13:00:00-06:00,2026-09-23 13:00:00,70,69.2,52.6,0,0,8.1,219,0,0,0,0,0.37,55.93,29.93,54,1,188.8,75.9,33,66.9,47,66.9,72.9,38,71.7,69.3,1,24.38,1,46,74.7,44.7,1,45.8,1
2026-09-23T12:55:00-06:00,2026-09-23 12:55:00,70.3,69.5,51.8,1.1,1.1,8.1,162,0,0,0,0,0.37,55.93,29.93,52,1,194.9,75.9,33,66.7,47,66.7,72.9,38,71.7,69.3,1,24.38,1,45.8,74.7,44.7,1,45.8,1
2026-09-23T12:50:00-06:00,2026-09-23 12:50:00,69.8,68.9,51.4,0,0,8.1,241,0,0,0,0,0.37,55.93,29.93,52,1,179.6,75.7,33,66.9,47,66.9,72.9,37,71.6,69.3,1,24.38,1,46,74.5,44.5,1,45.1,1
2026-09-23T12:45:00-06:00,2026-09-23 12:45:00,69.8,69,51.9,0,0,8.1,174,0,0,0,0,0.37,55.93,29.93,53,1,160.4,75.7,33,66.7,47,66.7,72.9,38,71.7,69.3,1,24.37,1,45.8,74.5,44.5,1,45.8,1
2026-09-23T12:40:00-06:00,2026-09-23 12:40:00,69.8,69,51.9,2.2,2.2,8.1,196,0,0,0,0,0.37,55.93,29.93,53,1,163.5,75.7,33,66.9,47,66.9,72.9,38,71.7,69.3,1,24.38,1,46,74.5,44.5,1,45.8,1
2026-09-23T12:35:00-06:00,2026-09-23 12:35:00,69.4,68.5,51.5,0.2,1.1,8.1,212,0,0,0,0,0.37,55.93,29.93,53,1,168.3,75.7,33,66.9,47,66.9,72.9,37,71.6,69.3,1,24.38,1,46,74.5,44.5,1,45.1,1
2026-09-23T12:30:00-06:00,2026-09-23 12:30:00,69.6,68.8,51.7,0.9,2.2,8.1,142,0,0,0,0,0.37,55.93,29.93,53,1,181.1,75.7,33,66.9,47,66.9,72.9,38,71.7,69.3,1,24.38,1,46,74.5,44.5,1,45.8,1
2026-09-23T12:25:00-06:00,2026-09-23 12:25:00,69.8,68.9,51.4,1.3,2.2,8.1,188,0,0,0,0,0.37,55.93,29.93,52,1,196.3,75.6,33,66.7,47,66.7,72.9,38,71.7,69.3,1,24.38,1,45.8,74.4,44.5,1,45.8,1
2026-09-23T12:20:00-06:00,2026-09-23 12:20:00,70.3,69.5,51.8,1.8,2.2,8.1,55,0,0,0,0,0.37,55.93,29.93,52,1,191.2,75.6,33,66.7,47,66.7,72.9,38,71.7,69.3,1,24.38,1,45.8,74.4,44.5,1,45.8,1
2026-09-23T12:15:00-06:00,2026-09-23 12:15:00,70.5,69.7,52,0.5,1.1,8.1,225,0,0,0,0,0.37,55.93,29.93,52,1,184.1,75.6,33,66.9,47,66.9,72.9,38,71.7,69.3,1,24.38,1,46,74.4,44.5,1,45.8,1
2026-09-23T12:10:00-06:00,2026-09-23 12:10:00,70.2,69.4,51.7,0.2,1.1,8.1,172,0,0,0,0,0.37,55.93,29.93,52,1,198.4,75.6,33,66.7,47,66.7,72.9,38,71.7,69.3,1,24.38,1,45.8,74.4,44.5,1,45.8,1
2026-09-23T12:05:00-06:00,2026-09-23 12:05:00,70.2,69.3,51.2,1.1,1.1,8.1,195,0,0,0,0,0.37,55.93,29.93,51,1,196.3,75.6,33,66.7,47,66.7,72.7,38,71.5,69.3,1,24.38,1,45.8,74.4,44.5,1,45.6,1
2026-09-23T12:00:00-06:00,2026-09-23 12:00:00,69.8,68.8,50.3,0,0,8.1,212,0,0,0,0,0.37,55.93,29.94,50,1,168.5,75.6,33,66.9,47,66.9,72.7,38,71.5,69.3,1,24.39,1,46,74.4,44.5,1,45.6,1
2026-09-23T11:55:00-06:00,2026-09-23 11:55:00,69.8,68.8,50.3,0,0,8.1,165,0,0,0,0,0.37,55.93,29.93,50,1,162.1,75.4,33,66.9,47,66.9,72.7,38,71.5,69.3,1,24.38,1,46,74.2,44.3,1,45.6,1
2026-09-23T11:50:00-06:00,2026-09-23 11:50:00,69.3,68.3,50.4,1.1,1.1,8.1,184,0,0,0,0,0.37,55.93,29.93,51,1,162.3,75.4,33,66.7,47,66.7,72.7,38,71.5,69.3,1,24.38,1,45.8,74.2,44.3,1,45.6,1
2026-09-23T11:45:00-06:00,2026-09-23 11:45:00,69.6,68.6,50.1,2.2,2.2,8.1,148,0,0,0,0,0.37,55.93,29.93,50,1,151.8,75.4,33,66.7,47,66.7,72.7,38,71.5,69.1,1,24.38,1,45.8,74.2,44.3,1,45.6,1
2026-09-23T11:40:00-06:00,2026-09-23 11:40:00,69.6,68.7,50.7,1.3,2.2,8.1,184,0,0,0,0,0.37,55.93,29.93,51,1,155.8,75.4,33,66.7,47,66.7,72.7,38,71.5,69.3,1,24.38,1,45.8,74.2,44.3,1,45.6,1
2026-09-23T11:35:00-06:00,2026-09-23 11:35:00,69.8,68.8,49.8,4.5,4.5,8.1,86,0,0,0,0,0.37,55.93,29.93,49,1,167.7,75.4,33,66.7,47,66.7,72.7,38,71.5,69.1,1,24.38,1,45.8,74.2,44.3,1,45.6,1
2026-09-23T11:30:00-06:00,2026-09-23 11:30:00,70.3,69.4,50.8,0,0,8.1,196,0,0,0,0,0.37,55.93,29.93,50,1,169.8,75.2,33,66.7,47,66.7,72.7,38,71.5,69.1,1,24.38,1,45.8,74,44.1,1,45.6,1
2026-09-23T11:25:00-06:00,2026-09-23 11:25:00,70.7,69.7,49.5,0.5,1.1,8.1,204,0,0,0,0,0.37,55.93,29.93,47,1,168.8,75.2,34,66.7,47,66.7,72.7,38,71.5,69.1,1,24.37,1,45.8,74,44.9,1,45.6,1
2026-09-23T11:20:00-06:00,2026-09-23 11:20:00,70.2,69.1,49,0,0,8.1,234,0,0,0,0,0.37,55.93,29.93,47,1,155.1,75.2,34,66.7,47,66.7,72.7,38,71.5,69.1,1,24.38,1,45.8,74,44.9,1,45.6,1
2026-09-23T11:15:00-06:00,2026-09-23 11:15:00,70.5,69.5,49.3,0.2,1.1,8.1,210,0,0,0,0,0.37,55.93,29.93,47,1,157,75.2,34,66.7,47,66.7,72.7,38,71.5,69.1,1,24.38,1,45.8,74,44.9,1,45.6,1
2026-09-23T11:10:00-06:00,2026-09-23 11:10:00,70.3,69.3,49.7,0,0,8.1,210,0,0,0,0,0.37,55.93,29.93,48,1,179.5,75,34,66.7,47,66.7,72.7,38,71.5,69.1,1,24.37,1,45.8,73.8,44.7,1,45.6,1
2026-09-23T11:05:00-06:00,2026-09-23 11:05:00,70,68.9,48.8,0,0,8.1,229,0,0,0,0,0.37,55.93,29.93,47,1,188.3,75,34,66.7,47,66.7,72.7,38,71.5,69.1,1,24.37,1,45.8,73.8,44.7,1,45.6,1
2026-09-23T11:00:00-06:00,2026-09-23 11:00:00,68.7,67.6,49.3,0,0,8.1,234,0,0,0,0,0.37,55.93,29.93,50,1,202.5,75,34,66.7,47,66.7,72.7,38,71.5,69.1,1,24.38,1,45.8,73.8,44.7,1,45.6,1
2026-09-23T10:55:00-06:00,2026-09-23 10:55:00,68.7,67.6,49.3,1.8,2.2,8.1,187,0,0,0,0,0.37,55.93,29.93,50,2,209.4,75,34,66.7,47,66.7,72.5,38,71.2,69.1,1,24.37,1,45.8,73.8,44.7,1,45.4,1
2026-09-23T10:50:00-06:00,2026-09-23 10:50:00,68.9,67.8,49.5,2.9,3.4,8.1,102,0,0,0,0,0.37,55.93,29.93,50,2,208,75,34,66.7,47,66.7,72.5,38,71.2,69.1,1,24.38,1,45.8,73.8,44.7,1,45.4,1
2026-09-23T10:45:00-06:00,2026-09-23 10:45:00,68.9,67.8,48.9,2.9,3.4,8.1,118,0,0,0,0,0.37,55.93,29.92,49,1,199.8,75,34,66.7,47,66.7,72.5,38,71.2,69.1,1,24.37,1,45.8,73.8,44.7,1,45.4,1
2026-09-23T10:40:00-06:00,2026-09-23 10:40:00,69.3,68.3,50.4,2.7,3.4,8.1,67,0,0,0,0,0.37,55.93,29.92,51,1,190.6,74.8,34,66.7,47,66.7,72.5,38,71.2,69.1,1,24.37,1,45.8,73.6,44.5,1,45.4,1
2026-09-23T10:35:00-06:00,2026-09-23 10:35:00,68.7,67.7,50.4,2,2.2,8.1,125,0,0,0,0,0.37,55.93,29.92,52,1,174.7,74.8,34,66.7,47,66.7,72.5,38,71.2,69.1,1,24.37,1,45.8,73.6,44.5,1,45.4,1
2026-09-23T10:30:00-06:00,2026-09-23 10:30:00,68,68,50.2,2.2,2.2,8.1,110,0,0,0,0,0.37,55.93,29.92,53,1,160.2,74.8,34,66.7,47,66.7,72.5,38,71.2,69.1,1,24.37,1,45.8,73.6,44.5,1,45.4,1
2026-09-23T10:25:00-06:00,2026-09-23 10:25:00,68,68,50.2,0.9,2.2,8.1,220,0,0,0,0,0.37,55.93,29.92,53,1,154,74.8,34,66.7,47,66.7,72.3,38,71,69.1,1,24.36,1,45.8,73.6,44.5,1,45.3,1
2026-09-23T10:20:00-06:00,2026-09-23 10:20:00,67.6,67.6,50.4,3.8,4.5,8.1,54,0,0,0,0,0.37,55.93,29.92,54,1,165.8,74.7,34,66.7,47,66.7,72.3,38,71,69.1,1,24.37,1,45.8,73.5,44.5,1,45.3,1
2026-09-23T10:15:00-06:00,2026-09-23 10:15:00,66.7,66.7,49.5,6.9,8.1,8.1,75,0,0,0,0,0.37,55.93,29.92,54,1,201.8,74.7,34,66.7,47,66.7,72.3,38,71,69.1,1,24.37,1,45.8,73.5,44.5,1,45.3,1
2026-09-23T10:10:00-06:00,2026-09-23 10:10:00,66.7,66.7,50,2.2,2.2,8.1,148,0,0,0,0,0.37,55.93,29.92,55,1,143.1,74.5,34,66.7,47,66.7,72.1,38,70.8,69.1,1,24.37,1,45.8,73.2,44.3,1,45.1,1
2026-09-23T10:05:00-06:00,2026-09-23 10:05:00,65.8,65.8,50.1,3.6,5.8,8.1,60,0,0,0,0,0.37,55.93,29.92,57,1,146.5,74.5,34,66.7,47,66.7,72.1,38,70.8,69.1,1,24.37,1,45.8,73.2,44.3,1,45.1,1
2026-09-23T10:00:00-06:00,2026-09-23 10:00:00,65.5,65.5,50.3,4,4.5,8.1,98,0,0,0,0,0.37,55.93,29.93,58,1,135.5,74.3,34,66.7,47,66.7,72.1,38,70.8,69.1,1,24.37,1,45.8,73,44.1,1,45.1,1
2026-09-23T09:55:00-06:00,2026-09-23 09:55:00,64.8,64.8,50.6,1.3,2.2,8.1,206,0,0,0,0,0.37,55.93,29.92,60,1,122.8,74.3,34,66.7,47,66.7,72,38,70.7,69.1,1,24.37,1,45.8,73,44.1,1,45,1
2026-09-23T09:50:00-06:00,2026-09-23 09:50:00,64.8,64.8,50.6,2.9,3.4,8.1,86,0,0,0,0,0.37,55.93,29.92,60,1,110.2,74.3,34,66.7,47,66.7,72,38,70.7,69.1,1,24.37,1,45.8,73,44.1,1,45,1
2026-09-23T09:45:00-06:00,2026-09-23 09:45:00,64.4,64.4,50.2,3.4,5.8,8.1,130,0,0,0,0,0.37,55.93,29.92,60,0,102.4,74.1,34,66.7,47,66.7,72,38,70.7,69.1,1,24.37,1,45.8,72.8,43.9,1,45,1
2026-09-23T09:40:00-06:00,2026-09-23 09:40:00,64.4,64.4,50.2,4.5,5.8,8.1,22,0,0,0,0,0.37,55.93,29.91,60,0,99.8,74.1,34,66.7,47,66.7,72,38,70.7,69.1,1,24.36,1,45.8,72.8,43.9,1,45,1
2026-09-23T09:35:00-06:00,2026-09-23 09:35:00,64.4,64.4,49.8,1.3,2.2,8.1,135,0,0,0,0,0.37,55.93,29.93,59,1,106.9,74.1,34,66.7,47,66.7,72,38,70.7,69.1,1,24.38,1,45.8,72.8,43.9,1,45,1
2026-09-23T09:30:00-06:00,2026-09-23 09:30:00,63.9,63.9,49.7,1.1,3.4,8.1,96,0,0,0,0,0.37,55.93,29.92,60,1,110.8,74.1,34,66.7,47,66.7,72,38,70.7,69.1,1,24.37,1,45.8,72.8,43.9,1,45,1
2026-09-23T09:25:00-06:00,2026-09-23 09:25:00,64.2,64.2,50,4,4.5,8.1,53,0,0,0,0,0.37,55.93,29.92,60,1,119.8,74.1,34,66.7,47,66.7,71.8,38,70.5,69.1,1,24.37,1,45.8,72.8,43.9,1,44.8,1
2026-09-23T09:20:00-06:00,2026-09-23 09:20:00,64,64,49.8,0,0,8.1,205,0,0,0,0,0.37,55.93,29.93,60,1,122.8,74.1,34,66.7,47,66.7,71.8,38,70.5,69.1,1,24.38,1,45.8,72.8,43.9,1,44.8,1
2026-09-23T09:15:00-06:00,2026-09-23 09:15:00,63.5,63.5,50.2,1.3,2.2,8.1,108,0,0,0,0,0.37,55.93,29.92,62,1,134.9,73.9,34,66.7,47,66.7,71.8,38,70.5,69.1,1,24.37,1,45.8,72.6,43.7,1,44.8,1
2026-09-23T09:10:00-06:00,2026-09-23 09:10:00,63,63,50.2,1.1,1.1,8.1,189,0,0,0,0,0.37,55.93,29.92,63,1,121.4,73.9,34,66.7,47,66.7,71.6,38,70.2,69.1,1,24.37,1,45.8,72.6,43.7,1,44.6,1
2026-09-23T09:05:00-06:00,2026-09-23 09:05:00,63.3,63.3,50.5,0.2,1.1,8.1,163,0,0,0,0,0.37,55.93,29.92,63,1,120.2,73.9,34,66.7,47,66.7,71.6,38,70.2,69.1,1,24.36,1,45.8,72.6,43.7,1,44.6,1
2026-09-23T09:00:00-06:00,2026-09-23 09:00:00,62.2,62.2,50.3,0,0,8.1,221,0,0,0,0,0.37,55.93,29.93,65,1,111.3,73.9,34,66.7,47,66.7,71.6,38,70.2,69.1,1,24.37,1,45.8,72.6,43.7,1,44.6,1
2026-09-23T08:55:00-06:00,2026-09-23 08:55:00,61.9,61.9,49.2,3.1,3.4,8.1,152,0,0,0,0,0.37,55.93,29.92,63,1,106.8,73.8,34,66.7,47,66.7,71.6,38,70.2,69.1,1,24.37,1,45.8,72.5,43.7,1,44.6,1
2026-09-23T08:50:00-06:00,2026-09-23 08:50:00,62.4,62.4,50.1,3.1,3.4,8.1,123,0,0,0,0,0.37,55.93,29.92,64,0,100.7,73.8,34,66.7,47,66.7,71.6,38,70.2,69.1,1,24.37,1,45.8,72.5,43.7,1,44.6,1
2026-09-23T08:45:00-06:00,2026-09-23 08:45:00,61.9,61.9,49.6,0.9,2.2,8.1,161,0,0,0,0,0.37,55.93,29.91,64,0,94.8,73.8,34,66.7,47,66.7,71.6,38,70.2,69.1,1,24.36,1,45.8,72.5,43.7,1,44.6,1
2026-09-23T08:40:00-06:00,2026-09-23 08:40:00,62.1,62.1,50.2,0.2,1.1,8.1,218,0,0,0,0,0.37,55.93,29.91,65,0,93.3,73.6,34,66.7,47,66.7,71.4,38,70,69.1,1,24.36,1,45.8,72.3,43.5,1,44.5,1
2026-09-23T08:35:00-06:00,2026-09-23 08:35:00,61.9,61.9,49.6,0,0,8.1,225,0,0,0,0,0.37,55.93,29.92,64,0,87.2,73.6,34,66.7,47,66.7,71.4,38,70,69.1,1,24.36,1,45.8,72.3,43.5,1,44.5,1
2026-09-23T08:30:00-06:00,2026-09-23 08:30:00,61.3,61.3,49.8,0,0,8.1,210,0,0,0,0,0.37,55.93,29.91,66,0,89.9,73.6,34,66.7,47,66.7,71.4,38,70,69.1,1,24.36,1,45.8,72.3,43.5,1,44.5,1
2026-09-23T08:25:00-06:00,2026-09-23 08:25:00,61,61,49.6,0,0,8.1,184,0,0,0,0,0.37,55.93,29.91,66,0,88.2,73.4,34,66.7,47,66.7,71.4,38,70,69.1,1,24.36,1,45.8,72,43.3,1,44.5,1
2026-09-23T08:20:00-06:00,2026-09-23 08:20:00,60.6,60.6,49.2,0,0,8.1,222,0,0,0,0,0.37,55.93,29.92,66,0,81.1,73.4,34,66.6,47,66.6,71.4,38,70,69.1,1,24.37,1,45.7,72,43.3,1,44.5,1
2026-09-23T08:15:00-06:00,2026-09-23 08:15:00,60.3,60.3,48.9,0,0,8.1,221,0,0,0,0,0.37,55.93,29.91,66,0,71.5,73.4,34,66.7,47,66.7,71.4,38,70,69.1,1,24.36,1,45.8,72,43.3,1,44.5,1
2026-09-23T08:10:00-06:00,2026-09-23 08:10:00,60.1,60.1,49.1,0,0,8.1,220,0,0,0,0,0.37,55.93,29.91,67,0,61.4,73.4,34,66.7,47,66.7,71.4,38,70,69.1,1,24.36,1,45.8,72,43.3,1,44.5,1
2026-09-23T08:05:00-06:00,2026-09-23 08:05:00,59.9,59.9,48.9,0,0,8.1,221,0,0,0,0,0.37,55.93,29.91,67,0,55.9,73.4,34,66.7,47,66.7,71.4,38,70,69.1,1,24.36,1,45.8,72,43.3,1,44.5,1
2026-09-23T08:00:00-06:00,2026-09-23 08:00:00,60.1,60.1,49.1,0,0,8.1,221,0,0,0,0,0.37,55.93,29.91,67,0,52.7,73.4,34,66.7,47,66.7,71.4,38,70,69.1,1,24.36,1,45.8,72,43.3,1,44.5,1
2026-09-23T07:55:00-06:00,2026-09-23 07:55:00,60.4,60.4,49.4,0,0,8.1,184,0,0,0,0,0.37,55.93,29.91,67,0,46.9,73.4,34,66.7,47,66.7,71.4,38,70,69.1,1,24.36,1,45.8,72,43.3,1,44.5,1
2026-09-23T07:50:00-06:00,2026-09-23 07:50:00,61.9,61.9,49.2,0.2,1.1,8.1,107,0,0,0,0,0.37,55.93,29.91,63,0,37.5,73.4,34,66.7,47,66.7,71.4,38,70,69.1,1,24.35,1,45.8,72,43.3,1,44.5,1
2026-09-23T07:45:00-06:00,2026-09-23 07:45:00,61.9,61.9,48.3,0,0,8.1,224,0,0,0,0,0.37,55.93,29.91,61,0,31.5,73.4,34,66.7,47,66.7,71.4,38,70,69.1,1,24.36,1,45.8,72,43.3,1,44.5,1
2026-09-23T07:40:00-06:00,2026-09-23 07:40:00,61.5,61.5,47.9,0,0,8.1,231,0,0,0,0,0.37,55.93,29.9,61,0,28.9,73.4,34,66.7,47,66.7,71.4,38,70,69.1,1,24.35,1,45.8,72,43.3,1,44.5,1
2026-09-23T07:35:00-06:00,2026-09-23 07:35:00,61.3,61.3,47.7,0,0,8.1,230,0,0,0,0,0.37,55.93,29.91,61,0,25.3,73.4,34,66.6,47,66.6,71.4,38,70,69.1,1,24.35,1,45.7,72,43.3,1,44.5,1
2026-09-23T07:30:00-06:00,2026-09-23 07:30:00,61.2,61.2,47.6,0,0,8.1,231,0,0,0,0,0.37,55.93,29.91,61,0,20.4,73.4,34,66.7,47,66.7,71.4,38,70,69.1,1,24.36,1,45.8,72,43.3,1,44.5,1
2026-09-23T07:25:00-06:00,2026-09-23 07:25:00,61,61,47.9,0.7,1.1,8.1,239,0,0,0,0,0.37,55.93,29.9,62,0,16.5,73.4,34,66.7,47,66.7,71.4,38,70,69.1,1,24.35,1,45.8,72,43.3,1,44.5,1
2026-09-23T07:20:00-06:00,2026-09-23 07:20:00,60.8,60.8,47.3,0,0,8.1,240,0,0,0,0,0.37,55.93,29.9,61,0,14,73.4,34,66.6,47,66.6,71.4,38,70,69.1,1,24.35,1,45.7,72,43.3,1,44.5,1
2026-09-23T07:15:00-06:00,2026-09-23 07:15:00,60.4,60.4,47.3,1.1,1.1,8.1,252,0,0,0,0,0.37,55.93,29.89,62,0,11.8,73.4,34,66.6,47,66.6,71.4,38,70,69.1,1,24.34,1,45.7,72,43.3,1,44.5,1
2026-09-23T07:10:00-06:00,2026-09-23 07:10:00,60.6,60.6,47.1,0,0,8.1,237,0,0,0,0,0.37,55.93,29.9,61,0,9.5,73.4,34,66.7,47,66.7,71.4,38,70,69.1,1,24.35,1,45.8,72,43.3,1,44.5,1
2026-09-23T07:05:00-06:00,2026-09-23 07:05:00,60.8,60.8,47.3,0.2,1.1,8.1,253,0,0,0,0,0.37,55.93,29.9,61,0,6.7,73.4,34,66.6,47,66.6,71.6,38,70.2,68.9,1,24.34,1,45.7,72,43.3,1,44.6,1
2026-09-23T07:00:00-06:00,2026-09-23 07:00:00,60.3,60.3,47.2,0,0,8.1,229,0,0,0,0,0.37,55.93,29.89,62,0,4.7,73.4,34,66.6,47,66.6,71.4,38,70,68.9,1,24.34,1,45.7,72,43.3,1,44.5,1
2026-09-23T06:55:00-06:00,2026-09-23 06:55:00,60.3,60.3,47.2,1.6,3.4,8.1,263,0,0,0,0,0.37,55.93,29.89,62,0,3.4,73.6,34,66.6,47,66.6,71.6,38,70.2,68.9,1,24.34,1,45.7,72.3,43.5,1,44.6,1
2026-09-23T06:50:00-06:00,2026-09-23 06:50:00,59.9,59.9,47.3,0,0,8.1,234,0,0,0,0,0.37,55.93,29.89,63,0,2.1,73.6,34,66.6,47,66.6,71.4,38,70,68.9,1,24.34,1,45.7,72.3,43.5,1,44.5,1
2026-09-23T06:45:00-06:00,2026-09-23 06:45:00,59.5,59.5,46.9,0.5,1.1,8.1,249,0,0,0,0,0.37,55.93,29.89,63,0,1.2,73.6,34,66.6,47,66.6,71.6,38,70.2,68.9,1,24.34,1,45.7,72.3,43.5,1,44.6,1
2026-09-23T06:40:00-06:00,2026-09-23 06:40:00,59.7,59.7,47.1,0,0,8.1,226,0,0,0,0,0.37,55.93,29.89,63,0,0.6,73.6,34,66.6,47,66.6,71.6,38,70.2,68.9,1,24.34,1,45.7,72.3,43.5,1,44.6,1
2026-09-23T06:35:00-06:00,2026-09-23 06:35:00,59.9,59.9,47.3,0,0,8.1,227,0,0,0,0,0.37,55.93,29.89,63,0,0.2,73.6,34,66.6,47,66.6,71.6,38,70.2,68.9,1,24.34,1,45.7,72.3,43.5,1,44.6,1
2026-09-23T06:30:00-06:00,2026-09-23 06:30:00,59.2,59.2,46.6,0,0,8.1,231,0,0,0,0,0.37,55.93,29.89,63,0,0.1,73.6,34,66.6,47,66.6,71.6,38,70.2,68.9,1,24.34,1,45.7,72.3,43.5,1,44.6,1
2026-09-23T06:25:00-06:00,2026-09-23 06:25:00,58.8,58.8,47.1,0,0,8.1,233,0,0,0,0,0.37,55.93,29.88,65,0,0,73.6,34,66.6,47,66.6,71.6,38,70.2,68.9,1,24.33,1,45.7,72.3,43.5,1,44.6,1
2026-09-23T06:20:00-06:00,2026-09-23 06:20:00,59.4,59.4,47.6,0,0,8.1,225,0,0,0,0,0.37,55.93,29.89,65,0,0,73.6,34,66.6,47,66.6,71.6,38,70.2,68.9,1,24.34,1,45.7,72.3,43.5,1,44.6,1
2026-09-23T06:15:00-06:00,2026-09-23 06:15:00,60.1,60.1,48.7,0,0,8.1,222,0,0,0,0,0.37,55.93,29.88,66,0,0,73.6,34,66.6,47,66.6,71.6,38,70.2,68.9,1,24.33,1,45.7,72.3,43.5,1,44.6,1
2026-09-23T06:10:00-06:00,2026-09-23 06:10:00,61.2,61.2,48.5,0,0,8.1,219,0,0,0,0,0.37,55.93,29.88,63,0,0,73.8,34,66.6,47,66.6,71.6,38,70.2,68.9,1,24.33,1,45.7,72.5,43.7,1,44.6,1
2026-09-23T06:05:00-06:00,2026-09-23 06:05:00,62.1,62.1,48.5,0.2,1.1,8.1,227,0,0,0,0,0.37,55.93,29.89,61,0,0,73.8,34,66.6,47,66.6,71.6,38,70.2,68.9,1,24.34,1,45.7,72.5,43.7,1,44.6,1
2026-09-23T06:00:00-06:00,2026-09-23 06:00:00,62.4,62.4,47.4,0.7,1.1,8.1,231,0,0,0,0,0.37,55.93,29.88,58,0,0,73.8,34,66.6,47,66.6,71.8,38,70.5,68.9,1,24.33,1,45.7,72.5,43.7,1,44.8,1
2026-09-23T05:55:00-06:00,2026-09-23 05:55:00,62.6,62.6,48.1,0.9,1.1,8.1,245,0,0,0,0,0.37,55.93,29.88,59,0,0,73.8,34,66.6,47,66.6,71.6,38,70.2,68.9,1,24.33,1,45.7,72.5,43.7,1,44.6,1
2026-09-23T05:50:00-06:00,2026-09-23 05:50:00,63.1,63.1,48.1,0.2,1.1,8.1,251,0,0,0,0,0.37,55.93,29.88,58,0,0,73.8,34,66.6,47,66.6,71.8,38,70.5,68.9,1,24.33,1,45.7,72.5,43.7,1,44.8,1
2026-09-23T05:45:00-06:00,2026-09-23 05:45:00,62.6,62.6,48.1,0.5,1.1,8.1,239,0,0,0,0,0.37,55.93,29.88,59,0,0,73.8,34,66.6,47,66.6,71.8,38,70.5,68.9,1,24.33,1,45.7,72.5,43.7,1,44.8,1
2026-09-23T05:40:00-06:00,2026-09-23 05:40:00,62.2,62.2,47.7,1.8,2.2,8.1,251,0,0,0,0,0.37,55.93,29.88,59,0,0,73.9,34,66.6,47,66.6,71.8,38,70.5,68.9,1,24.33,1,45.7,72.6,43.7,1,44.8,1
2026-09-23T05:35:00-06:00,2026-09-23 05:35:00,62.4,62.4,48.3,0,0,8.1,236,0,0,0,0,0.37,55.93,29.88,60,0,0,73.8,34,66.6,47,66.6,71.8,38,70.5,68.9,1,24.32,1,45.7,72.5,43.7,1,44.8,1
2026-09-23T05:30:00-06:00,2026-09-23 05:30:00,62.6,62.6,48.1,0.9,2.2,8.1,237,0,0,0,0,0.37,55.93,29.87,59,0,0,73.9,34,66.6,47,66.6,71.8,38,70.5,68.9,1,24.32,1,45.7,72.6,43.7,1,44.8,1
2026-09-23T05:25:00-06:00,2026-09-23 05:25:00,63,63,48.4,0.2,1.1,8.1,247,0,0,0,0,0.37,55.93,29.87,59,0,0,73.9,34,66.6,47,66.6,71.8,38,70.5,68.9,1,24.32,1,45.7,72.6,43.7,1,44.8,1
2026-09-23T05:20:00-06:00,2026-09-23 05:20:00,63,63,48.4,1.3,3.4,8.1,254,0,0,0,0,0.37,55.93,29.88,59,0,0,73.9,34,66.6,47,66.6,71.8,38,70.5,68.9,1,24.32,1,45.7,72.6,43.7,1,44.8,1
2026-09-23T05:15:00-06:00,2026-09-23 05:15:00,62.6,62.6,48.1,0.7,1.1,8.1,246,0,0,0,0,0.37,55.93,29.88,59,0,0,73.9,34,66.6,47,66.6,71.8,38,70.5,68.9,1,24.33,1,45.7,72.6,43.7,1,44.8,1
2026-09-23T05:10:00-06:00,2026-09-23 05:10:00,62.6,62.6,48.1,0.2,1.1,8.1,258,0,0,0,0,0.37,55.93,29.87,59,0,0,73.9,34,66.6,47,66.6,71.8,38,70.5,68.9,1,24.32,1,45.7,72.6,43.7,1,44.8,1
2026-09-23T05:05:00-06:00,2026-09-23 05:05:00,62.6,62.6,48.1,2.2,2.2,8.1,253,0,0,0,0,0.37,55.93,29.87,59,0,0,73.9,34,66.6,47,66.6,71.8,38,70.5,68.9,1,24.32,1,45.7,72.6,43.7,1,44.8,1
2026-09-23T05:00:00-06:00,2026-09-23 05:00:00,62.6,62.6,48.5,1.1,2.2,8.1,297,0,0,0,0,0.37,55.93,29.87,60,0,0,73.9,34,66.6,47,66.6,72,38,70.7,68.9,1,24.32,1,45.7,72.6,43.7,1,45,1
2026-09-23T04:55:00-06:00,2026-09-23 04:55:00,61.9,61.9,48.3,0.7,2.2,8.1,292,0,0,0,0,0.37,55.93,29.87,61,0,0,73.9,34,66.6,47,66.6,71.8,38,70.5,68.9,1,24.32,1,45.7,72.6,43.7,1,44.8,1
2026-09-23T04:50:00-06:00,2026-09-23 04:50:00,62.2,62.2,48.6,0.9,1.1,8.1,241,0,0,0,0,0.37,55.93,29.86,61,0,0,73.9,34,66.6,47,66.6,72,38,70.7,68.9,1,24.31,1,45.7,72.6,43.7,1,45,1
2026-09-23T04:45:00-06:00,2026-09-23 04:45:00,62.2,62.2,48.1,0,0,8.1,226,0,0,0,0,0.37,55.93,29.87,60,0,0,74.1,34,66.6,47,66.6,72,38,70.7,68.9,1,24.32,1,45.7,72.8,43.9,1,45,1
2026-09-23T04:40:00-06:00,2026-09-23 04:40:00,61.3,61.3,48.2,0.2,1.1,8.1,237,0,0,0,0,0.37,55.93,29.88,62,0,0,74.1,34,66.6,47,66.6,72,38,70.7,68.9,1,24.32,1,45.7,72.8,43.9,1,45,1
2026-09-23T04:35:00-06:00,2026-09-23 04:35:00,61.3,61.3,48.2,0,0,8.1,248,0,0,0,0,0.37,55.93,29.88,62,0,0,74.1,34,66.6,47,66.6,72,38,70.7,68.9,1,24.32,1,45.7,72.8,43.9,1,45,1
2026-09-23T04:30:00-06:00,2026-09-23 04:30:00,61.3,61.3,48.2,0,0,8.1,229,0,0,0,0,0.37,55.93,29.87,62,0,0,74.1,34,66.6,47,66.6,72,38,70.7,68.9,1,24.32,1,45.7,72.8,43.9,1,45,1
2026-09-23T04:25:00-06:00,2026-09-23 04:25:00,61.7,61.7,48.5,0,0,8.1,231,0,0,0,0,0.37,55.93,29.87,62,0,0,74.1,34,66.6,47,66.6,72,38,70.7,68.9,1,24.32,1,45.7,72.8,43.9,1,45,1
2026-09-23T04:20:00-06:00,2026-09-23 04:20:00,61.9,61.9,48.7,0.2,1.1,8.1,232,0,0,0,0,0.37,55.93,29.87,62,0,0,74.1,34,66.6,47,66.6,72,38,70.7,68.9,1,24.32,1,45.7,72.8,43.9,1,45,1
2026-09-23T04:15:00-06:00,2026-09-23 04:15:00,62.1,62.1,48.5,0.2,1.1,8.1,273,0,0,0,0,0.37,55.93,29.88,61,0,0,74.3,34,66.6,47,66.6,72,38,70.7,68.7,1,24.32,1,45.7,73,44.1,1,45,1
2026-09-23T04:10:00-06:00,2026-09-23 04:10:00,62.1,62.1,48.5,4,5.8,8.1,319,0,0,0,0,0.37,55.93,29.87,61,0,0,74.3,34,66.6,47,66.6,72,38,70.7,68.7,1,24.32,1,45.7,73,44.1,1,45,1
2026-09-23T04:05:00-06:00,2026-09-23 04:05:00,61.7,61.7,48.1,1.1,2.2,8.1,227,0,0,0,0,0.37,55.93,29.87,61,0,0,74.3,34,66.6,47,66.6,72,38,70.7,68.7,1,24.32,1,45.7,73,44.1,1,45,1
2026-09-23T04:00:00-06:00,2026-09-23 04:00:00,61.7,61.7,47.7,0,0,8.1,213,0,0,0,0,0.37,55.93,29.88,60,0,0,74.3,34,66.6,47,66.6,72,37,70.6,68.7,1,24.32,1,45.7,73,44.1,1,44.3,1
2026-09-23T03:55:00-06:00,2026-09-23 03:55:00,61.9,61.9,47,0,0,8.1,232,0,0,0,0,0.37,55.93,29.87,58,0,0,74.3,34,66.6,47,66.6,72.1,37,70.7,68.7,1,24.32,1,45.7,73,44.1,1,44.4,1
2026-09-23T03:50:00-06:00,2026-09-23 03:50:00,62.1,62.1,47.1,0,0,8.1,220,0,0,0,0,0.37,55.93,29.87,58,0,0,74.3,34,66.6,47,66.6,72.1,38,70.8,68.7,1,24.32,1,45.7,73,44.1,1,45.1,1
2026-09-23T03:45:00-06:00,2026-09-23 03:45:00,61.9,61.9,47,0.7,2.2,8.1,234,0,0,0,0,0.37,55.93,29.88,58,0,0,74.3,34,66.6,47,66.6,72,38,70.7,68.7,1,24.32,1,45.7,73,44.1,1,45,1
2026-09-23T03:40:00-06:00,2026-09-23 03:40:00,62.4,62.4,47.4,0,0,8.1,232,0,0,0,0,0.37,55.93,29.88,58,0,0,74.3,34,66.6,47,66.6,72.1,37,70.7,68.7,1,24.33,1,45.7,73,44.1,1,44.4,1
2026-09-23T03:35:00-06:00,2026-09-23 03:35:00,62.6,62.6,47.1,0.5,1.1,8.1,234,0,0,0,0,0.37,55.93,29.87,57,0,0,74.3,34,66.6,47,66.6,72.1,37,70.7,68.7,1,24.32,1,45.7,73,44.1,1,44.4,1
2026-09-23T03:30:00-06:00,2026-09-23 03:30:00,62.6,62.6,47.1,1.3,2.2,8.1,313,0,0,0,0,0.37,55.93,29.88,57,0,0,74.5,34,66.6,47,66.6,72.1,37,70.7,68.7,1,24.33,1,45.7,73.2,44.3,1,44.4,1
2026-09-23T03:25:00-06:00,2026-09-23 03:25:00,62.2,62.2,47.7,1.6,2.2,8.1,231,0,0,0,0,0.37,55.93,29.87,59,0,0,74.5,34,66.6,47,66.6,72.1,37,70.7,68.7,1,24.32,1,45.7,73.2,44.3,1,44.4,1
2026-09-23T03:20:00-06:00,2026-09-23 03:20:00,61.9,61.9,47.9,2,3.4,8.1,257,0,0,0,0,0.37,55.93,29.86,60,0,0,74.5,34,66.6,47,66.6,72.1,37,70.7,68.7,1,24.31,1,45.7,73.2,44.3,1,44.4,1
2026-09-23T03:15:00-06:00,2026-09-23 03:15:00,62.2,62.2,48.1,1.3,2.2,8.1,277,0,0,0,0,0.37,55.93,29.86,60,0,0,74.5,34,66.6,47,66.6,72.1,37,70.7,68.7,1,24.31,1,45.7,73.2,44.3,1,44.4,1
2026-09-23T03:10:00-06:00,2026-09-23 03:10:00,63.1,63.1,44.2,0.2,1.1,6.9,227,0,0,0,0,0.37,55.93,29.86,50,0,0,74.5,34,66.6,47,66.6,72.1,37,70.7,68.7,1,24.31,1,45.7,73.2,44.3,1,44.4,1
2026-09-23T03:05:00-06:00,2026-09-23 03:05:00,61.7,61.7,44.4,0,0,6.9,216,0,0,0,0,0.37,55.93,29.86,53,0,0,74.5,34,66.6,47,66.6,72.1,37,70.7,68.5,1,24.31,1,45.7,73.2,44.3,1,44.4,1
2026-09-23T03:00:00-06:00,2026-09-23 03:00:00,61.3,61.3,45,0,0,6.9,208,0,0,0,0,0.37,55.93,29.86,55,0,0,74.5,34,66.6,47,66.6,72.1,37,70.7,68.5,1,24.3,1,45.7,73.2,44.3,1,44.4,1
2026-09-23T02:55:00-06:00,2026-09-23 02:55:00,61.3,61.3,44.5,0,0,6.9,173,0,0,0,0,0.37,55.93,29.86,54,0,0,74.5,34,66.6,47,66.6,72.1,37,70.7,68.5,1,24.31,1,45.7,73.2,44.3,1,44.4,1
2026-09-23T02:50:00-06:00,2026-09-23 02:50:00,61.7,61.7,44.4,0,0,6.9,236,0,0,0,0,0.37,55.93,29.86,53,0,0,74.7,34,66.6,47,66.6,72.3,37,71,68.5,1,24.31,1,45.7,73.5,44.5,1,44.6,1
2026-09-23T02:45:00-06:00,2026-09-23 02:45:00,61.7,61.7,44.4,0,0,6.9,224,0,0,0,0,0.37,55.93,29.86,53,0,0,74.7,34,66.4,47,66.4,72.3,37,71,68.5,1,24.31,1,45.6,73.5,44.5,1,44.6,1
2026-09-23T02:40:00-06:00,2026-09-23 02:40:00,62.2,62.2,44.4,0,0,6.9,239,0,0,0,0,0.37,55.93,29.86,52,0,0,74.7,34,66.6,47,66.6,72.3,37,71,68.5,1,24.31,1,45.7,73.5,44.5,1,44.6,1
2026-09-23T02:35:00-06:00,2026-09-23 02:35:00,63.1,63.1,45.2,0,0,6.9,237,0,0,0,0,0.37,55.93,29.86,52,0,0,74.7,34,66.6,47,66.6,72.3,37,71,68.5,1,24.31,1,45.7,73.5,44.5,1,44.6,1
2026-09-23T02:30:00-06:00,2026-09-23 02:30:00,64.2,64.2,45.7,0,0,6.9,224,0,0,0,0,0.37,55.93,29.86,51,0,0,74.7,34,66.4,47,66.4,72.3,37,71,68.5,1,24.31,1,45.6,73.5,44.5,1,44.6,1
2026-09-23T02:25:00-06:00,2026-09-23 02:25:00,64.8,64.8,45.2,0,0,6.9,176,0,0,0,0,0.37,55.93,29.86,49,0,0,74.7,34,66.6,47,66.6,72.3,37,71,68.5,1,24.3,1,45.7,73.5,44.5,1,44.6,1
2026-09-23T02:20:00-06:00,2026-09-23 02:20:00,65.8,65.8,45.6,0,0,6.9,228,0,0,0,0,0.37,55.93,29.86,48,0,0,74.7,33,66.6,47,66.6,72.3,37,71,68.5,1,24.31,1,45.7,73.4,43.7,1,44.6,1
2026-09-23T02:15:00-06:00,2026-09-23 02:15:00,66.7,66.7,46.4,2.5,3.4,6.9,33,0,0,0,0,0.37,55.93,29.85,48,0,0,74.7,34,66.6,47,66.6,72.3,37,71,68.5,1,24.3,1,45.7,73.5,44.5,1,44.6,1
2026-09-23T02:10:00-06:00,2026-09-23 02:10:00,67.1,67.1,44.5,0.9,1.1,6.9,208,0,0,0,0,0.37,55.93,29.86,44,0,0,74.7,34,66.6,47,66.6,72.3,37,71,68.5,1,24.31,1,45.7,73.5,44.5,1,44.6,1
2026-09-23T02:05:00-06:00,2026-09-23 02:05:00,66.7,66.7,44.7,1.1,1.1,6.9,245,0,0,0,0,0.37,55.93,29.85,45,0,0,74.8,34,66.4,47,66.4,72.3,37,71,68.5,1,24.3,1,45.6,73.6,44.5,1,44.6,1
2026-09-23T02:00:00-06:00,2026-09-23 02:00:00,65.8,65.8,43.9,0.9,3.4,6.9,236,0,0,0,0,0.37,55.93,29.86,45,0,0,74.8,33,66.4,47,66.4,72.3,37,71,68.4,1,24.31,1,45.6,73.5,43.8,1,44.6,1
2026-09-23T01:55:00-06:00,2026-09-23 01:55:00,64.8,64.8,44.6,1.8,3.4,6.9,248,0,0,0,0,0.37,55.93,29.86,48,0,0,74.8,33,66.4,47,66.4,72.5,37,71.2,68.4,1,24.3,1,45.6,73.5,43.8,1,44.7,1
2026-09-23T01:50:00-06:00,2026-09-23 01:50:00,64,64,44.5,1.8,3.4,6.9,93,0,0,0,0,0.37,55.93,29.85,49,0,0,74.8,33,66.4,47,66.4,72.5,37,71.2,68.4,1,24.3,1,45.6,73.5,43.8,1,44.7,1
2026-09-23T01:45:00-06:00,2026-09-23 01:45:00,65.7,65.7,44.9,0,0,6.9,228,0,0,0,0,0.37,55.93,29.86,47,0,0,74.8,33,66.4,47,66.4,72.3,37,71,68.4,1,24.31,1,45.6,73.5,43.8,1,44.6,1
2026-09-23T01:40:00-06:00,2026-09-23 01:40:00,66,66,44,1.3,2.2,6.9,236,0,0,0,0,0.37,55.93,29.85,45,0,0,74.8,33,66.4,47,66.4,72.5,37,71.2,68.4,1,24.3,1,45.6,73.5,43.8,1,44.7,1
2026-09-23T01:35:00-06:00,2026-09-23 01:35:00,65.3,65.3,45.1,2.5,3.4,6.9,275,0,0,0,0,0.37,55.93,29.86,48,0,0,74.8,33,66.4,47,66.4,72.5,37,71.2,68.4,1,24.31,1,45.6,73.5,43.8,1,44.7,1
2026-09-23T01:30:00-06:00,2026-09-23 01:30:00,66,66,44.6,0,0,6.9,225,0,0,0,0,0.37,55.93,29.86,46,0,0,75,33,66.4,47,66.4,72.5,37,71.2,68.4,1,24.31,1,45.6,73.8,43.9,1,44.7,1
2026-09-23T01:25:00-06:00,2026-09-23 01:25:00,66.4,66.4,45,0,0,6.9,221,0,0,0,0,0.37,55.93,29.86,46,0,0,75,33,66.4,47,66.4,72.5,37,71.2,68.4,1,24.31,1,45.6,73.8,43.9,1,44.7,1
2026-09-23T01:20:00-06:00,2026-09-23 01:20:00,63.1,63.1,43.1,4.9,6.9,6.9,276,0,0,0,0,0.37,55.93,29.87,48,0,0,75,33,66.4,47,66.4,72.5,37,71.2,68.2,1,24.32,1,45.6,73.8,43.9,1,44.7,1
2026-09-23T01:15:00-06:00,2026-09-23 01:15:00,62.8,62.8,44.9,0,0,2.2,228,0,0,0,0,0.37,55.93,29.86,52,0,0,75,33,66.4,47,66.4,72.5,37,71.2,68.2,1,24.31,1,45.6,73.8,43.9,1,44.7,1
2026-09-23T01:10:00-06:00,2026-09-23 01:10:00,62.4,62.4,45.5,0,0,2.2,240,0,0,0,0,0.37,55.93,29.87,54,0,0,75.2,33,66.4,47,66.4,72.5,37,71.2,68.2,1,24.32,1,45.6,74,44.1,1,44.7,1
2026-09-23T01:05:00-06:00,2026-09-23 01:05:00,62.6,62.6,46.2,0.9,1.1,2.2,216,0,0,0,0,0.37,55.93,29.87,55,0,0,75.2,33,66.4,47,66.4,72.5,37,71.2,68.2,1,24.32,1,45.6,74,44.1,1,44.7,1
2026-09-23T01:00:00-06:00,2026-09-23 01:00:00,63.1,63.1,46.2,0.5,1.1,2.2,255,0,0,0,0,0.37,55.93,29.87,54,0,0,75.2,33,66.4,47,66.4,72.5,37,71.2,68.2,1,24.32,1,45.6,74,44.1,1,44.7,1
2026-09-23T00:55:00-06:00,2026-09-23 00:55:00,63.9,63.9,46.9,0,0,2.2,222,0,0,0,0,0.37,55.93,29.87,54,0,0,75.2,33,66.4,47,66.4,72.7,37,71.4,68.2,1,24.32,1,45.6,74,44.1,1,44.9,1
2026-09-23T00:50:00-06:00,2026-09-23 00:50:00,64.4,64.4,46.4,0,0,2.2,223,0,0,0,0,0.37,55.93,29.87,52,0,0,75.2,33,66.4,47,66.4,72.7,37,71.4,68.2,1,24.32,1,45.6,74,44.1,1,44.9,1
2026-09-23T00:45:00-06:00,2026-09-23 00:45:00,64.8,64.8,46.2,1.1,1.1,2.2,138,0,0,0,0,0.37,55.93,29.87,51,0,0,75.2,33,66.4,47,66.4,72.7,37,71.4,68,1,24.32,1,45.6,74,44.1,1,44.9,1
2026-09-23T00:40:00-06:00,2026-09-23 00:40:00,65.1,65.1,46,0,0,2.2,209,0,0,0,0,0.37,55.93,29.87,50,0,0,75.2,33,66.4,47,66.4,72.7,37,71.4,68,1,24.32,1,45.6,74,44.1,1,44.9,1
2026-09-23T00:35:00-06:00,2026-09-23 00:35:00,65.5,65.5,45.8,0,0,2.2,213,0,0,0,0,0.37,55.93,29.87,49,0,0,75.2,33,66.4,47,66.4,72.7,37,71.4,68,1,24.32,1,45.6,74,44.1,1,44.9,1
2026-09-23T00:30:00-06:00,2026-09-23 00:30:00,65.7,65.7,46,0,0,2.2,222,0,0,0,0,0.37,55.93,29.88,49,0,0,75.4,33,66.4,47,66.4,72.7,37,71.4,68,1,24.32,1,45.6,74.2,44.3,1,44.9,1
2026-09-23T00:25:00-06:00,2026-09-23 00:25:00,65.8,65.8,46.1,0,0,2.2,222,0,0,0,0,0.37,55.93,29.88,49,0,0,75.4,33,66.4,47,66.4,72.7,37,71.4,68,1,24.33,1,45.6,74.2,44.3,1,44.9,1
2026-09-23T00:20:00-06:00,2026-09-23 00:20:00,66,66,46.3,0,0,2.2,225,0,0,0,0,0.37,55.93,29.88,49,0,0,75.4,33,66.4,47,66.4,72.7,37,71.4,68,1,24.32,1,45.6,74.2,44.3,1,44.9,1
2026-09-23T00:15:00-06:00,2026-09-23 00:15:00,66,66,46.3,0.2,1.1,2.2,220,0,0,0,0,0.37,55.93,29.88,49,0,0,75.4,33,66.2,47,66.2,72.7,37,71.4,67.8,1,24.32,1,45.4,74.2,44.3,1,44.9,1
2026-09-23T00:10:00-06:00,2026-09-23 00:10:00,65.8,65.8,46.1,0,0,2.2,226,0,0,0,0,0.37,55.93,29.88,49,0,0,75.4,33,66.4,47,66.4,72.9,37,71.6,67.8,1,24.33,1,45.6,74.2,44.3,1,45.1,1
2026-09-23T00:05:00-06:00,2026-09-23 00:05:00,66,66,46.8,0,0,2.2,179,0,0,0,0,0.37,55.93,29.88,50,0,0,75.4,33,66.4,47,66.4,72.9,37,71.6,67.8,1,24.33,1,45.6,74.2,44.3,1,45.1,1
2026-09-23T00:00:00-06:00,2026-09-23 00:00:00,66.6,66.6,46.8,0,0,0,241,0,0,0,0,0.37,55.93,29.89,49,0,0,75.4,33,66.2,47,66.2,72.9,37,71.6,67.8,1,24.34,1,45.4,74.2,44.3,1,45.1,1
2026-09-22T23:55:00-06:00,2026-09-22 23:55:00,66.9,66.9,46,0,0,14.8,210,0,0,0,0,0.37,55.93,29.89,47,0,0,75.4,33,66.2,47,66.2,72.9,37,71.6,67.8,1,24.34,1,45.4,74.2,44.3,1,45.1,1
2026-09-22T23:50:00-06:00,2026-09-22 23:50:00,66.7,66.7,46.4,0,0,14.8,217,0,0,0,0,0.37,55.93,29.89,48,0,0,75.6,33,66.2,47,66.2,72.9,37,71.6,67.8,1,24.34,1,45.4,74.4,44.5,1,45.1,1
2026-09-22T23:45:00-06:00,2026-09-22 23:45:00,65.7,65.7,47.1,0,0,14.8,201,0,0,0,0,0.37,55.93,29.89,51,0,0,75.6,33,66.2,47,66.2,72.9,37,71.6,67.6,1,24.34,1,45.4,74.4,44.5,1,45.1,1
2026-09-22T23:40:00-06:00,2026-09-22 23:40:00,65.3,65.3,47.7,0,0,14.8,224,0,0,0,0,0.37,55.93,29.89,53,0,0,75.4,33,66.2,47,66.2,72.9,37,71.6,67.6,1,24.34,1,45.4,74.2,44.3,1,45.1,1
2026-09-22T23:35:00-06:00,2026-09-22 23:35:00,64.9,64.9,48.3,0,0,14.8,221,0,0,0,0,0.37,55.93,29.88,55,0,0,75.6,33,66.2,47,66.2,72.9,37,71.6,67.6,1,24.33,1,45.4,74.4,44.5,1,45.1,1
2026-09-22T23:30:00-06:00,2026-09-22 23:30:00,65.3,65.3,49.7,0.2,1.1,14.8,245,0,0,0,0,0.37,55.93,29.89,57,0,0,75.6,33,66.2,47,66.2,72.9,37,71.6,67.6,1,24.34,1,45.4,74.4,44.5,1,45.1,1
2026-09-22T23:25:00-06:00,2026-09-22 23:25:00,65.7,65.7,49.1,0.5,1.1,14.8,235,0,0,0,0,0.37,55.93,29.89,55,0,0,75.6,33,66.2,47,66.2,72.9,37,71.6,67.5,1,24.34,1,45.4,74.4,44.5,1,45.1,1
2026-09-22T23:20:00-06:00,2026-09-22 23:20:00,65.5,65.5,49.4,2.5,3.4,14.8,99,0,0,0,0,0.37,55.93,29.89,56,0,0,75.6,33,66.2,46,66.2,72.9,36,71.6,67.5,1,24.34,1,44.8,74.4,44.5,1,44.4,1
2026-09-22T23:15:00-06:00,2026-09-22 23:15:00,65.3,65.3,49.7,2.2,2.2,14.8,148,0,0,0,0,0.37,55.93,29.89,57,0,0,75.6,33,66.2,46,66.2,72.9,36,71.6,67.5,1,24.34,1,44.8,74.4,44.5,1,44.4,1
2026-09-22T23:10:00-06:00,2026-09-22 23:10:00,65.3,65.3,49.7,4.7,5.8,14.8,92,0,0,0,0,0.37,55.93,29.88,57,0,0,75.6,33,66.2,46,66.2,72.9,36,71.6,67.5,1,24.33,1,44.8,74.4,44.5,1,44.4,1
2026-09-22T23:05:00-06:00,2026-09-22 23:05:00,65.3,65.3,50.1,1.3,2.2,14.8,172,0,0,0,0,0.37,55.93,29.88,58,0,0,75.6,33,66.2,46,66.2,73,36,71.7,67.3,1,24.32,1,44.8,74.4,44.5,1,44.5,1
2026-09-22T23:00:00-06:00,2026-09-22 23:00:00,65.7,65.7,50,0,0,14.8,175,0,0,0,0,0.37,55.93,29.88,57,0,0,75.7,33,66.2,46,66.2,73,36,71.7,67.3,1,24.33,1,44.8,74.5,44.5,1,44.5,1
2026-09-22T22:55:00-06:00,2026-09-22 22:55:00,66,66,49.8,1.1,2.2,14.8,235,0,0,0,0,0.37,55.93,29.89,56,0,0,75.7,33,66.2,46,66.2,73,36,71.7,67.3,1,24.34,1,44.8,74.5,44.5,1,44.5,1
2026-09-22T22:50:00-06:00,2026-09-22 22:50:00,66,66,49.4,0,0,14.8,253,0,0,0,0,0.37,55.93,29.89,55,0,0,75.7,33,66,46,66,73,36,71.7,67.3,1,24.34,1,44.6,74.5,44.5,1,44.5,1
2026-09-22T22:45:00-06:00,2026-09-22 22:45:00,65.8,65.8,49.7,0.7,1.1,14.8,234,0,0,0,0,0.37,55.93,29.89,56,0,0,75.7,33,66,46,66,73,36,71.7,67.1,1,24.34,1,44.6,74.5,44.5,1,44.5,1
2026-09-22T22:40:00-06:00,2026-09-22 22:40:00,66.2,66.2,49.5,0,0,14.8,218,0,0,0,0,0.37,55.93,29.9,55,0,0,75.7,33,66,46,66,73,36,71.7,67.1,1,24.34,1,44.6,74.5,44.5,1,44.5,1
2026-09-22T22:35:00-06:00,2026-09-22 22:35:00,65.8,65.8,49.2,2.9,4.5,14.8,243,0,0,0,0,0.37,55.93,29.89,55,0,0,75.7,33,66,46,66,73.2,36,71.9,67.1,1,24.34,1,44.6,74.5,44.5,1,44.6,1
2026-09-22T22:30:00-06:00,2026-09-22 22:30:00,66,66,49.8,0,0,14.8,244,0,0,0,0,0.37,55.93,29.9,56,0,0,75.9,33,66,46,66,73.2,36,71.9,66.9,1,24.34,1,44.6,74.7,44.7,1,44.6,1
2026-09-22T22:25:00-06:00,2026-09-22 22:25:00,66.4,66.4,50.2,0,0,14.8,222,0,0,0,0,0.37,55.93,29.89,56,0,0,75.9,32,66,46,66,73.2,36,71.9,66.9,1,24.34,1,44.6,74.7,43.9,1,44.6,1
2026-09-22T22:20:00-06:00,2026-09-22 22:20:00,66.4,66.4,50.2,2.7,3.4,14.8,104,0,0,0,0,0.37,55.93,29.9,56,0,0,75.9,32,66,46,66,73.2,36,71.9,66.9,1,24.34,1,44.6,74.7,43.9,1,44.6,1
2026-09-22T22:15:00-06:00,2026-09-22 22:15:00,66.2,66.2,50,1.1,2.2,14.8,208,0,0,0,0,0.37,55.93,29.9,56,0,0,75.9,32,66,46,66,73.2,36,71.9,66.7,1,24.34,1,44.6,74.7,43.9,1,44.6,1
2026-09-22T22:10:00-06:00,2026-09-22 22:10:00,65.5,65.5,49.9,1.6,2.2,14.8,178,0,0,0,0,0.37,55.93,29.9,57,0,0,75.9,32,66,46,66,73.2,36,71.9,66.7,1,24.35,1,44.6,74.7,43.9,1,44.6,1
2026-09-22T22:05:00-06:00,2026-09-22 22:05:00,65.1,65.1,50.4,0.7,1.1,14.8,209,0,0,0,0,0.37,55.93,29.91,59,0,0,75.9,32,66,46,66,73.2,36,71.9,66.6,1,24.35,1,44.6,74.7,43.9,1,44.6,1
2026-09-22T22:00:00-06:00,2026-09-22 22:00:00,64.9,64.9,50.7,3.1,3.4,14.8,83,0,0,0,0,0.37,55.93,29.9,60,0,0,76.1,32,66,46,66,73.2,36,71.9,66.6,1,24.35,1,44.6,74.9,44.1,1,44.6,1
2026-09-22T21:55:00-06:00,2026-09-22 21:55:00,64.9,64.9,50.7,0.7,2.2,14.8,229,0,0,0,0,0.37,55.93,29.91,60,0,0,76.1,32,66,46,66,73.2,36,71.9,66.6,1,24.35,1,44.6,74.9,44.1,1,44.6,1
2026-09-22T21:50:00-06:00,2026-09-22 21:50:00,65.1,65.1,50.4,2.9,5.8,14.8,211,0,0,0,0,0.37,55.93,29.9,59,0,0,76.1,32,66,46,66,73.4,36,72.1,66.4,1,24.35,1,44.6,74.9,44.1,1,44.8,1
2026-09-22T21:45:00-06:00,2026-09-22 21:45:00,64.9,64.9,50.2,1.3,2.2,14.8,101,0,0,0,0,0.37,55.93,29.91,59,0,0,76.1,32,66,46,66,73.4,36,72.1,66.4,1,24.36,1,44.6,74.9,44.1,1,44.8,1
2026-09-22T21:40:00-06:00,2026-09-22 21:40:00,64.9,64.9,50.2,2.5,4.5,14.8,58,0,0,0,0,0.37,55.93,29.91,59,0,0,76.1,32,66,46,66,73.4,36,72.1,66.2,1,24.35,1,44.6,74.9,44.1,1,44.8,1
2026-09-22T21:35:00-06:00,2026-09-22 21:35:00,64.9,64.9,50.2,2.9,5.8,14.8,88,0,0,0,0,0.37,55.93,29.91,59,0,0,76.3,32,66,46,66,73.4,36,72.1,66.2,1,24.36,1,44.6,75.1,44.3,1,44.8,1
2026-09-22T21:30:00-06:00,2026-09-22 21:30:00,64.8,64.8,50.1,3.8,5.8,14.8,111,0,0,0,0,0.37,55.93,29.91,59,0,0,76.3,32,66,46,66,73.4,36,72.1,66,1,24.36,1,44.6,75.1,44.3,1,44.8,1
2026-09-22T21:25:00-06:00,2026-09-22 21:25:00,64.9,64.9,50.2,1.3,2.2,14.8,163,0,0,0,0,0.37,55.93,29.91,59,0,0,76.3,32,66,46,66,73.4,36,72.1,66,1,24.36,1,44.6,75.1,44.3,1,44.8,1
2026-09-22T21:20:00-06:00,2026-09-22 21:20:00,64.9,64.9,50.2,3.4,4.5,14.8,142,0,0,0,0,0.37,55.93,29.91,59,0,0,76.3,32,66,46,66,73.6,36,72.4,65.8,1,24.36,1,44.6,75.1,44.3,1,45,1
2026-09-22T21:15:00-06:00,2026-09-22 21:15:00,64.9,64.9,50.2,2.2,3.4,14.8,97,0,0,0,0,0.37,55.93,29.91,59,0,0,76.5,32,66,46,66,73.6,36,72.4,65.8,1,24.36,1,44.6,75.4,44.4,1,45,1
2026-09-22T21:10:00-06:00,2026-09-22 21:10:00,64.9,64.9,50.2,3.1,3.4,14.8,147,0,0,0,0,0.37,55.93,29.9,59,0,0,76.5,32,66,46,66,73.6,36,72.4,65.7,1,24.35,1,44.6,75.4,44.4,1,45,1
2026-09-22T21:05:00-06:00,2026-09-22 21:05:00,65.1,65.1,50.4,3.8,4.5,14.8,154,0,0,0,0,0.37,55.93,29.9,59,0,0,76.5,32,66,46,66,73.6,36,72.4,65.5,1,24.35,1,44.6,75.4,44.4,1,45,1
2026-09-22T21:00:00-06:00,2026-09-22 21:00:00,65.1,65.1,50.4,2.7,6.9,14.8,31,0,0,0,0,0.37,55.93,29.9,59,0,0,76.5,32,66,46,66,73.6,36,72.4,65.5,1,24.35,1,44.6,75.4,44.4,1,45,1
2026-09-22T20:55:00-06:00,2026-09-22 20:55:00,65.3,65.3,50.6,6,8.1,14.8,104,0,0,0,0,0.37,55.93,29.91,59,0,0,76.6,32,66,46,66,73.6,35,72.3,65.3,1,24.35,1,44.6,75.5,44.5,1,44.2,1
2026-09-22T20:50:00-06:00,2026-09-22 20:50:00,65.1,65.1,50,1.8,3.4,14.8,136,0,0,0,0,0.37,55.93,29.9,58,0,0,76.5,32,66,46,66,73.8,35,72.5,65.1,1,24.35,1,44.6,75.4,44.4,1,44.4,1
2026-09-22T20:45:00-06:00,2026-09-22 20:45:00,65.3,65.3,50.1,3.1,4.5,14.8,87,0,0,0,0,0.37,55.93,29.9,58,0,0,76.6,31,66,45,66,73.8,35,72.5,64.9,1,24.35,1,44,75.4,43.7,1,44.4,1
2026-09-22T20:40:00-06:00,2026-09-22 20:40:00,65.5,65.5,50.3,5.4,9.2,14.8,57,0,0,0,0,0.37,55.93,29.9,58,0,0,76.6,31,66,45,66,73.8,35,72.5,64.8,1,24.34,1,44,75.4,43.7,1,44.4,1
2026-09-22T20:35:00-06:00,2026-09-22 20:35:00,65.7,65.7,50,7.2,9.2,14.8,46,0,0,0,0,0.37,55.93,29.89,57,0,0,76.5,31,66,45,66,73.8,35,72.5,64.6,1,24.34,1,44,75.3,43.6,1,44.4,1
2026-09-22T20:30:00-06:00,2026-09-22 20:30:00,65.8,65.8,50.1,2.5,4.5,14.8,107,0,0,0,0,0.37,55.93,29.9,57,0,0,76.6,31,66,45,66,73.9,35,72.6,64.4,1,24.34,1,44,75.4,43.7,1,44.5,1
2026-09-22T20:25:00-06:00,2026-09-22 20:25:00,66.4,66.4,50.2,0.2,1.1,14.8,187,0,0,0,0,0.37,55.93,29.9,56,0,0,76.6,31,66,45,66,73.9,35,72.6,64.2,1,24.34,1,44,75.4,43.7,1,44.5,1
2026-09-22T20:20:00-06:00,2026-09-22 20:20:00,66.7,66.7,50,0.7,1.1,14.8,118,0,0,0,0,0.37,55.93,29.89,55,0,0,76.6,31,66,45,66,73.9,35,72.6,63.9,1,24.34,1,44,75.4,43.7,1,44.5,1
2026-09-22T20:15:00-06:00,2026-09-22 20:15:00,67.5,67.5,49.8,4,10.3,14.8,87,0,0,0,0,0.37,55.93,29.88,53,0,0,76.6,31,66,45,66,73.9,35,72.6,63.7,1,24.33,1,44,75.4,43.7,1,44.5,1
2026-09-22T20:10:00-06:00,2026-09-22 20:10:00,68.2,67.1,48.8,1.6,4.5,14.8,114,0,0,0,0,0.37,55.93,29.89,50,0,0,76.6,31,66,45,66,73.9,35,72.6,63.1,1,24.34,1,44,75.4,43.7,1,44.5,1
2026-09-22T20:05:00-06:00,2026-09-22 20:05:00,68.9,67.7,47.8,2.7,4.5,14.8,89,0,0,0,0,0.37,55.93,29.88,47,0,0,76.6,31,66,45,66,74.1,35,72.9,62.8,1,24.33,1,44,75.4,43.7,1,44.7,1
2026-09-22T20:00:00-06:00,2026-09-22 20:00:00,69.6,68.4,47.3,0.7,3.4,14.8,116,0,0,0,0,0.37,55.93,29.88,45,0,0,76.6,31,66,45,66,74.1,35,72.9,62.2,1,24.32,1,44,75.4,43.7,1,44.7,1
2026-09-22T19:55:00-06:00,2026-09-22 19:55:00,69.8,68.5,46.3,0.2,1.1,14.8,94,0,0,0,0,0.37,55.93,29.88,43,0,0,76.6,31,66,45,66,74.1,35,72.9,61.2,1,24.32,1,44,75.4,43.7,1,44.7,1
2026-09-22T19:50:00-06:00,2026-09-22 19:50:00,69.8,68.5,46.3,0,0,14.8,215,0,0,0,0,0.37,55.93,29.88,43,0,0,76.6,31,66,45,66,74.3,35,73.1,60.1,1,24.32,1,44,75.4,43.7,1,44.9,1
2026-09-22T19:45:00-06:00,2026-09-22 19:45:00,70,68.7,45.8,1.3,2.2,14.8,260,0,0,0,0,0.37,55.93,29.86,42,0,0,76.6,30,66,45,66,74.3,35,73.1,58.6,1,24.31,1,44,75.4,42.8,1,44.9,1
2026-09-22T19:40:00-06:00,2026-09-22 19:40:00,70.2,68.8,45.4,1.3,2.2,14.8,181,0,0,0,0,0.37,55.93,29.86,41,0,0,76.6,30,66,45,66,74.3,34,73,55.6,1,24.31,1,44,75.4,42.8,1,44.1,1
2026-09-22T19:35:00-06:00,2026-09-22 19:35:00,70,68.5,43.2,0.7,2.2,14.8,131,0,0,0,0,0.37,55.93,29.87,38,0,0,76.6,29,66,45,66,74.3,34,73,52.5,1,24.32,1,44,75.3,41.9,1,44.1,1
2026-09-22T19:30:00-06:00,2026-09-22 19:30:00,69.3,67.6,41.2,7.6,9.2,14.8,42,0,0,0,0,0.37,55.93,29.86,36,0,0,76.8,30,66,45,66,74.5,35,73.3,50.5,1,24.31,1,44,75.6,43,1,45,1
2026-09-22T19:25:00-06:00,2026-09-22 19:25:00,67.6,67.6,40.4,0,0,14.8,220,0,0,0,0,0.37,55.93,29.85,37,0,0,76.8,30,66,45,66,74.5,34,73.2,57.6,1,24.3,1,44,75.6,43,1,44.3,1
2026-09-22T19:20:00-06:00,2026-09-22 19:20:00,67.6,67.6,41.8,0.9,1.1,14.8,267,0,0,0,0,0.37,55.93,29.85,39,0,0,76.8,30,66,45,66,74.5,34,73.2,55.8,1,24.3,1,44,75.6,43,1,44.3,1
2026-09-22T19:15:00-06:00,2026-09-22 19:15:00,68.2,66.5,41.6,1.3,2.2,14.8,230,0,0,0,0,0.37,55.93,29.84,38,0,0.1,76.8,29,66,45,66,74.7,34,73.5,52.7,1,24.29,1,44,75.5,42.1,1,44.5,1
2026-09-22T19:10:00-06:00,2026-09-22 19:10:00,70,68.4,41.8,0.9,1.1,14.8,247,0,0,0,0,0.37,55.93,29.84,36,0,0.3,77,29,66,45,66,74.7,34,73.5,48.2,1,24.29,1,44,75.8,42.3,1,44.5,1
2026-09-22T19:05:00-06:00,2026-09-22 19:05:00,69.6,68,41.5,0,0,14.8,217,0,0,0,0,0.37,55.93,29.84,36,0,0.7,77.2,29,66,45,66,74.7,34,73.5,50.2,1,24.29,1,44,76,42.5,1,44.5,1
2026-09-22T19:00:00-06:00,2026-09-22 19:00:00,70.9,69.4,42.6,0,0,14.8,225,0,0,0,0,0.37,55.93,29.85,36,0,1.4,77.2,30,66.2,45,66.2,74.8,34,73.6,53.8,1,24.29,1,44.2,76,43.3,1,44.5,1
2026-09-22T18:55:00-06:00,2026-09-22 18:55:00,72,70.5,42.1,0,0,14.8,219,0,0,0,0,0.37,55.93,29.85,34,0,2.3,77.4,29,66.2,45,66.2,74.8,34,73.6,51.8,1,24.29,1,44.2,76.2,42.6,1,44.5,1
2026-09-22T18:50:00-06:00,2026-09-22 18:50:00,73,71.6,42.2,0,0,14.8,224,0,0,0,0,0.37,55.93,29.84,33,0,3.7,77.4,28,66.2,45,66.2,75,34,73.8,47.7,1,24.29,1,44.2,76.2,41.7,1,44.7,1
2026-09-22T18:45:00-06:00,2026-09-22 18:45:00,73.4,71.9,41.7,0,0,14.8,218,0,0,0,0,0.37,55.93,29.84,32,0,5.9,77.5,29,66.2,45,66.2,75,34,73.8,48.2,1,24.29,1,44.2,76.3,42.7,1,44.7,1
2026-09-22T18:40:00-06:00,2026-09-22 18:40:00,73.8,72.4,42.1,0,0,14.8,214,0,0,0,0,0.37,55.93,29.84,32,0,8.1,77.7,29,66.2,45,66.2,75,34,73.8,49.8,1,24.29,1,44.2,76.5,42.9,1,44.7,1
2026-09-22T18:35:00-06:00,2026-09-22 18:35:00,74.1,72.7,42.3,0,0,14.8,246,0,0,0,0,0.37,55.93,29.84,32,0,10.2,77.7,29,66.2,45,66.2,75.2,34,74,52.9,1,24.29,1,44.2,76.5,42.9,1,44.9,1
2026-09-22T18:30:00-06:00,2026-09-22 18:30:00,74.5,73.2,42.7,0,0,14.8,235,0,0,0,0,0.37,55.93,29.84,32,0,9.8,77.9,28,66.2,45,66.2,75.2,34,74,50.5,1,24.29,1,44.2,76.7,42.2,1,44.9,1
2026-09-22T18:25:00-06:00,2026-09-22 18:25:00,75,73.7,43.1,0,0,14.8,218,0,0,0,0,0.37,55.93,29.84,32,0,12.7,78.1,28,66.4,45,66.4,75.4,34,74.2,48,1,24.29,1,44.4,76.9,42.3,1,45.1,1
2026-09-22T18:20:00-06:00,2026-09-22 18:20:00,75.4,74.1,42.6,0,0,14.8,210,0,0,0,0,0.37,55.93,29.84,31,0,19.9,78.3,28,66.4,45,66.4,75.4,34,74.2,48.2,1,24.29,1,44.4,77.1,42.5,1,45.1,1
2026-09-22T18:15:00-06:00,2026-09-22 18:15:00,75.6,74.4,43.6,1.3,2.2,14.8,152,0,0,0,0,0.37,55.93,29.84,32,0,28.4,78.3,28,66.4,45,66.4,75.6,35,74.5,48.2,1,24.29,1,44.4,77.1,42.5,1,46,1
2026-09-22T18:10:00-06:00,2026-09-22 18:10:00,75.6,74.3,42,0,0,14.8,226,0,0,0,0,0.37,55.93,29.84,30,0,37,78.4,28,66.4,45,66.4,75.6,35,74.5,48.4,1,24.29,1,44.4,77.3,42.6,1,46,1
2026-09-22T18:05:00-06:00,2026-09-22 18:05:00,75.9,74.7,43.9,0,0,14.8,222,0,0,0,0,0.37,55.93,29.84,32,0,37,78.6,28,66.4,45,66.4,75.6,35,74.5,48.6,1,24.29,1,44.4,77.5,42.7,1,46,1
2026-09-22T18:00:00-06:00,2026-09-22 18:00:00,76.3,75.1,43.4,0,0,14.8,221,0,0,0,0,0.37,55.93,29.84,31,0,31.8,78.6,29,66.4,45,66.4,75.7,35,74.6,48.7,1,24.29,1,44.4,77.5,43.7,1,46.1,1
2026-09-22T17:55:00-06:00,2026-09-22 17:55:00,76.5,75.3,42.7,0,0,14.8,226,0,0,0,0,0.37,55.93,29.84,30,0,41.4,78.8,29,66.4,46,66.4,75.7,35,74.6,49.1,1,24.29,1,45,77.7,43.8,1,46.1,1
2026-09-22T17:50:00-06:00,2026-09-22 17:50:00,76.5,75.2,41.9,2.5,3.4,14.8,177,0,0,0,0,0.37,55.93,29.84,29,0,34.6,78.8,29,66.4,46,66.4,75.9,35,74.8,50,1,24.29,1,45,77.7,43.8,1,46.3,1
2026-09-22T17:45:00-06:00,2026-09-22 17:45:00,76.6,75.4,42.8,1.3,2.2,14.8,158,0,0,0,0,0.37,55.93,29.84,30,0,33.9,79,30,66.4,46,66.4,75.9,35,74.8,53.1,1,24.29,1,45,78,44.9,1,46.3,1
2026-09-22T17:40:00-06:00,2026-09-22 17:40:00,77.2,76,43.3,0.2,1.1,14.8,148,0,0,0,0,0.37,55.93,29.84,30,0,47.3,79.2,29,66.6,46,66.6,75.9,35,74.8,53.6,1,24.29,1,45.2,78.2,44.2,1,46.3,1
2026-09-22T17:35:00-06:00,2026-09-22 17:35:00,77.4,76.2,42.6,0.2,1.1,14.8,212,0,0,0,0,0.37,55.93,29.84,29,0,56.4,79.2,29,66.4,46,66.4,75.9,35,74.8,49.5,1,24.29,1,45,78.2,44.2,1,46.3,1
2026-09-22T17:30:00-06:00,2026-09-22 17:30:00,77.2,76,42.5,3.6,5.8,14.8,257,0,0,0,0,0.37,55.93,29.84,29,0,69,79.3,29,66.6,46,66.6,76.1,35,75.1,49.6,1,24.29,1,45.2,78.3,44.3,1,46.4,1
2026-09-22T17:25:00-06:00,2026-09-22 17:25:00,77.5,76.3,42.7,1.3,2.2,14.8,162,0,0,0,0,0.37,55.93,29.83,29,0,69.7,79.5,29,66.6,46,66.6,76.3,35,75.3,49.6,1,24.28,1,45.2,78.5,44.4,1,46.6,1
2026-09-22T17:20:00-06:00,2026-09-22 17:20:00,77,75.8,43.2,0,0,14.8,221,0,0,0,0,0.37,55.93,29.84,30,0,83.8,79.5,29,66.6,46,66.6,76.3,35,75.3,49.8,1,24.29,1,45.2,78.5,44.4,1,46.6,1
2026-09-22T17:15:00-06:00,2026-09-22 17:15:00,77,75.9,44,2.5,3.4,14.8,106,0,0,0,0,0.37,55.93,29.84,31,0,49.3,79.5,29,66.6,46,66.6,76.5,35,75.5,50,1,24.29,1,45.2,78.5,44.4,1,46.8,1
2026-09-22T17:10:00-06:00,2026-09-22 17:10:00,77.5,76.4,44.5,5.8,9.2,14.8,123,0,0,0,0,0.37,55.93,29.84,31,0,47.1,79.7,30,66.6,46,66.6,76.6,36,75.7,50.2,1,24.29,1,45.2,78.8,45.5,1,47.6,1
2026-09-22T17:05:00-06:00,2026-09-22 17:05:00,78.3,77.2,44.3,2.9,3.4,14.8,64,0,0,0,0,0.37,55.93,29.84,30,0,67.3,79.9,30,66.6,46,66.6,76.6,36,75.7,50.4,1,24.29,1,45.2,79,45.7,1,47.6,1
2026-09-22T17:00:00-06:00,2026-09-22 17:00:00,77.5,76.4,43.6,4.7,5.8,14.8,124,0,0,0,0,0.37,55.93,29.83,30,1,168.1,79.9,30,66.6,46,66.6,76.6,36,75.7,50.5,1,24.28,1,45.2,79,45.7,1,47.6,1
2026-09-22T16:55:00-06:00,2026-09-22 16:55:00,77.5,76.4,44.5,3.8,4.5,14.8,107,0,0,0,0,0.37,55.93,29.84,31,0,76.2,80.1,31,66.6,47,66.6,76.6,36,75.7,51.3,1,24.29,1,45.7,79.3,46.7,1,47.6,1
2026-09-22T16:50:00-06:00,2026-09-22 16:50:00,78.6,77.6,44.6,1.3,2.2,14.8,190,0,0,0,0,0.37,55.93,29.84,30,1,173.2,80.1,31,66.6,47,66.6,76.5,36,75.5,53.1,1,24.29,1,45.7,79.3,46.7,1,47.5,1
2026-09-22T16:45:00-06:00,2026-09-22 16:45:00,78.6,77.5,43.7,2.2,3.4,14.8,81,0,0,0,0,0.37,55.93,29.83,29,1,188.8,80.2,32,66.6,47,66.6,76.3,37,75.4,56.1,1,24.28,1,45.7,79.4,47.6,1,48.1,1
2026-09-22T16:40:00-06:00,2026-09-22 16:40:00,77.5,76.4,44.5,2.2,3.4,14.8,202,0,0,0,0,0.37,55.93,29.84,31,1,197.6,80.2,32,66.6,47,66.6,76.1,37,75.1,62.8,1,24.29,1,45.7,79.4,47.6,1,47.9,1
2026-09-22T16:35:00-06:00,2026-09-22 16:35:00,78.6,77.6,45.4,6,8.1,14.8,96,0,0,0,0,0.37,55.93,29.84,31,2,210.3,79.9,32,66.6,47,66.6,75.9,37,74.9,59.7,1,24.29,1,45.7,79.1,47.4,1,47.7,1
2026-09-22T16:30:00-06:00,2026-09-22 16:30:00,77.9,76.8,44.8,4,6.9,14.8,104,0,0,0,0,0.37,55.93,29.84,31,2,233,79.5,32,66.6,47,66.6,75.7,37,74.7,56.5,1,24.29,1,45.7,78.7,47,1,47.6,1
2026-09-22T16:25:00-06:00,2026-09-22 16:25:00,77.5,76.4,44.5,9.6,13.7,13.7,84,0,0,0,0,0.37,55.93,29.84,31,1,171.2,79.7,33,66.6,47,66.6,75.6,37,74.6,57.9,1,24.29,1,45.7,78.9,48,1,47.5,1
2026-09-22T16:20:00-06:00,2026-09-22 16:20:00,78.4,77.4,44.4,10.1,12.5,12.5,69,0,0,0,0,0.37,55.93,29.85,30,3,316.6,79.7,33,66.6,47,66.6,75.6,37,74.6,66.7,1,24.3,1,45.7,78.9,48,1,47.5,1
2026-09-22T16:15:00-06:00,2026-09-22 16:15:00,78.3,77.2,44.3,3.4,5.8,12.5,227,0,0,0,0,0.37,55.93,29.85,30,2,296.5,79.5,33,66.6,47,66.6,75.2,37,74.2,65.8,1,24.3,1,45.7,78.7,47.9,1,47.1,1
2026-09-22T16:10:00-06:00,2026-09-22 16:10:00,76.6,75.4,42.8,7.4,10.3,12.5,61,0,0,0,0,0.37,55.93,29.85,30,3,347.2,79.2,33,66.6,47,66.6,75.2,37,74.2,64.8,1,24.3,1,45.7,78.4,47.6,1,47.1,1
2026-09-22T16:05:00-06:00,2026-09-22 16:05:00,77.7,76.6,43.8,2.2,4.5,12.5,50,0,0,0,0,0.37,55.93,29.85,30,0,68.7,79.2,33,66.6,47,66.6,75.2,37,74.2,62.4,1,24.3,1,45.7,78.4,47.6,1,47.1,1
2026-09-22T16:00:00-06:00,2026-09-22 16:00:00,78.8,77.7,43.8,4.7,6.9,12.5,110,0,0,0,0,0.37,55.93,29.85,29,1,111.5,79.2,33,66.6,47,66.6,75,37,73.9,60.1,1,24.29,1,45.7,78.4,47.6,1,46.9,1
2026-09-22T15:55:00-06:00,2026-09-22 15:55:00,77.9,76.8,43.1,2.9,3.4,12.5,162,0,0,0,0,0.37,55.93,29.85,29,3,350.6,79.2,33,66.6,47,66.6,74.8,37,73.7,61.3,1,24.3,1,45.7,78.4,47.6,1,46.8,1
2026-09-22T15:50:00-06:00,2026-09-22 15:50:00,78.4,77.3,43.5,1.8,2.2,12.5,153,0,0,0,0,0.37,55.93,29.86,29,3,332.9,79.2,33,66.6,47,66.6,74.7,37,73.6,69.1,1,24.3,1,45.7,78.4,47.6,1,46.7,1
2026-09-22T15:45:00-06:00,2026-09-22 15:45:00,77.5,76.4,43.6,6.9,9.2,12.5,103,0,0,0,0,0.37,55.93,29.85,30,0,75.4,79,33,66.4,47,66.4,74.7,37,73.6,69.1,1,24.3,1,45.6,78.2,47.4,1,46.7,1
2026-09-22T15:40:00-06:00,2026-09-22 15:40:00,78.8,77.7,43.8,8.1,10.3,12.5,68,0,0,0,0,0.37,55.93,29.86,29,0,88.3,79.2,33,66.4,47,66.4,74.5,37,73.4,69.1,1,24.3,1,45.6,78.4,47.6,1,46.5,1
2026-09-22T15:35:00-06:00,2026-09-22 15:35:00,78.4,77.3,43.5,4.5,4.5,12.5,126,0,0,0,0,0.37,55.93,29.86,29,4,422.8,78.8,33,66.4,47,66.4,74.3,38,73.2,69.1,1,24.3,1,45.6,77.9,47.2,1,47,1
2026-09-22T15:30:00-06:00,2026-09-22 15:30:00,78.1,77,43.2,4.9,5.8,12.5,88,0,0,0,0,0.37,55.93,29.85,29,4,468,78.6,33,66.4,47,66.4,74.1,38,73,69.1,1,24.3,1,45.6,77.7,47.1,1,46.9,1
2026-09-22T15:25:00-06:00,2026-09-22 15:25:00,76.6,75.4,42.8,5.1,6.9,12.5,173,0,0,0,0,0.37,55.93,29.86,30,4,476.3,78.3,33,66.4,47,66.4,74.1,38,73,68.9,1,24.3,1,45.6,77.4,46.8,1,46.9,1
2026-09-22T15:20:00-06:00,2026-09-22 15:20:00,76.1,74.9,44.1,1.8,2.2,12.5,193,0,0,0,0,0.37,55.93,29.85,32,3,341.9,78.1,33,66.4,47,66.4,73.9,38,72.8,68.9,1,24.3,1,45.6,77.2,46.6,1,46.7,1
2026-09-22T15:15:00-06:00,2026-09-22 15:15:00,76.3,75.1,43.4,2.2,3.4,12.5,218,0,0,0,0,0.37,55.93,29.86,31,1,170.8,78.1,33,66.4,47,66.4,73.9,38,72.8,68.9,1,24.31,1,45.6,77.2,46.6,1,46.7,1
2026-09-22T15:10:00-06:00,2026-09-22 15:10:00,76.6,75.4,42.8,0.2,1.1,12.5,160,0,0,0,0,0.37,55.93,29.86,30,1,162.5,78.1,33,66.4,47,66.4,73.9,38,72.8,68.9,1,24.31,1,45.6,77.2,46.6,1,46.7,1
2026-09-22T15:05:00-06:00,2026-09-22 15:05:00,76.6,75.4,42.8,4.3,5.8,12.5,139,0,0,0,0,0.37,55.93,29.86,30,1,156.1,78.1,33,66.4,47,66.4,73.9,38,72.8,68.9,1,24.31,1,45.6,77.2,46.6,1,46.7,1
2026-09-22T15:00:00-06:00,2026-09-22 15:00:00,77.5,76.3,41.8,5.4,9.2,12.5,165,0,0,0,0,0.37,55.93,29.85,28,1,188.8,78.1,33,66.4,47,66.4,73.9,38,72.8,68.9,1,24.3,1,45.6,77.2,46.6,1,46.7,1
2026-09-22T14:55:00-06:00,2026-09-22 14:55:00,77.2,75.9,41.6,1.8,4.5,11.4,347,0,0,0,0,0.37,55.93,29.86,28,2,209.4,78.1,33,66.4,47,66.4,73.9,38,72.8,68.9,1,24.31,1,45.6,77.2,46.6,1,46.7,1
2026-09-22T14:50:00-06:00,2026-09-22 14:50:00,77,75.8,42.3,1.3,2.2,11.4,252,0,0,0,0,0.37,55.93,29.86,29,1,103.4,78.1,33,66.4,47,66.4,73.9,38,72.8,68.9,1,24.31,1,45.6,77.2,46.6,1,46.7,1
2026-09-22T14:45:00-06:00,2026-09-22 14:45:00,77.4,76.2,41.7,4.7,5.8,11.4,235,0,0,0,0,0.37,55.93,29.86,28,0,88,78.1,33,66.4,47,66.4,73.9,38,72.8,68.7,1,24.31,1,45.6,77.2,46.6,1,46.7,1
2026-09-22T14:40:00-06:00,2026-09-22 14:40:00,77.9,76.8,43.1,4.3,8.1,11.4,10,0,0,0,0,0.37,55.93,29.86,29,0,101.7,78.1,33,66.4,47,66.4,73.9,38,72.8,68.7,1,24.31,1,45.6,77.2,46.6,1,46.7,1
2026-09-22T14:35:00-06:00,2026-09-22 14:35:00,77.5,76.4,44.5,1.3,2.2,11.4,176,0,0,0,0,0.37,55.93,29.86,31,1,115,78.1,33,66.4,47,66.4,73.9,38,72.8,68.7,1,24.31,1,45.6,77.2,46.6,1,46.7,1
2026-09-22T14:30:00-06:00,2026-09-22 14:30:00,77.2,76.1,45,1.6,3.4,11.4,221,0,0,0,0,0.37,55.93,29.86,32,1,115.9,78.1,33,66.4,47,66.4,73.9,38,72.8,68.7,1,24.31,1,45.6,77.2,46.6,1,46.7,1
2026-09-22T14:25:00-06:00,2026-09-22 14:25:00,77.4,76.3,44.4,3.6,4.5,11.4,136,0,0,0,0,0.37,55.93,29.86,31,1,112.2,78.1,33,66.4,47,66.4,73.9,38,72.8,68.7,1,24.3,1,45.6,77.2,46.6,1,46.7,1
2026-09-22T14:20:00-06:00,2026-09-22 14:20:00,78.1,77,44.1,4.5,5.8,11.4,78,0,0,0,0,0.37,55.93,29.86,30,1,121.1,78.3,33,66.4,47,66.4,73.9,38,72.8,68.7,1,24.31,1,45.6,77.4,46.8,1,46.7,1
2026-09-22T14:15:00-06:00,2026-09-22 14:15:00,79.2,78.3,45.9,0,0,11.4,214,0,0,0,0,0.37,55.93,29.87,31,1,139,78.3,33,66.2,47,66.2,73.9,38,72.8,68.7,1,24.32,1,45.4,77.4,46.8,1,46.7,1
2026-09-22T14:10:00-06:00,2026-09-22 14:10:00,81.1,79.8,45.8,1.8,2.2,11.4,198,0,0,0,0,0.37,55.93,29.86,29,3,314.4,78.3,33,66.2,47,66.2,73.9,38,72.8,68.5,1,24.31,1,45.4,77.4,46.8,1,46.7,1
2026-09-22T14:05:00-06:00,2026-09-22 14:05:00,79.7,78.8,45.5,3.8,4.5,11.4,90,0,0,0,0,0.37,55.93,29.86,30,5,557.5,78.1,33,66.2,47,66.2,73.8,38,72.7,68.5,1,24.31,1,45.4,77.2,46.6,1,46.6,1
2026-09-22T14:00:00-06:00,2026-09-22 14:00:00,79.9,79,46.5,0.9,1.1,11.4,185,0,0,0,0,0.37,55.93,29.86,31,5,560.1,77.9,33,66.2,47,66.2,73.6,38,72.4,68.5,1,24.31,1,45.4,76.9,46.5,1,46.4,1
2026-09-22T13:55:00-06:00,2026-09-22 13:55:00,79.9,79,46.5,9.2,11.4,11.4,88,0,0,0,0,0.37,55.93,29.86,31,5,556.2,77.7,34,66.2,47,66.2,73.6,38,72.4,68.5,1,24.31,1,45.4,76.8,47.1,1,46.4,1
2026-09-22T13:50:00-06:00,2026-09-22 13:50:00,79.3,78.4,46.9,2.2,3.4,10.3,260,0,0,0,0,0.37,55.93,29.87,32,5,576.8,77.5,34,66.2,47,66.2,73.4,38,72.2,68.5,1,24.32,1,45.4,76.5,46.9,1,46.2,1
2026-09-22T13:45:00-06:00,2026-09-22 13:45:00,80.1,79.3,46.7,1.3,2.2,8.1,176,0,0,0,0,0.37,55.93,29.87,31,5,580.8,77.2,34,66.2,47,66.2,73.4,38,72.2,68.5,1,24.32,1,45.4,76.2,46.6,1,46.2,1
2026-09-22T13:40:00-06:00,2026-09-22 13:40:00,79.2,78.2,45.1,2.9,4.5,8.1,89,0,0,0,0,0.37,55.93,29.88,30,5,586.3,77.2,34,66.2,47,66.2,73.2,38,72,68.5,1,24.32,1,45.4,76.2,46.6,1,46.1,1
2026-09-22T13:35:00-06:00,2026-09-22 13:35:00,78.8,77.8,45.6,2.5,3.4,8.1,121,0,0,0,0,0.37,55.93,29.87,31,5,588.5,76.8,34,66.2,47,66.2,73.2,38,72,68.5,1,24.32,1,45.4,75.8,46.3,1,46.1,1
2026-09-22T13:30:00-06:00,2026-09-22 13:30:00,79,78.2,48.2,0.5,1.1,8.1,177,0,0,0,0,0.37,55.93,29.88,34,5,583.3,76.6,34,66.2,47,66.2,73.2,38,72,68.4,1,24.33,1,45.4,75.6,46.1,1,46.1,1
2026-09-22T13:25:00-06:00,2026-09-22 13:25:00,78.4,77.5,47.7,3.4,4.5,8.1,92,0,0,0,0,0.37,55.93,29.88,34,0,79.5,76.5,34,66.2,47,66.2,73,39,71.8,68.4,1,24.33,1,45.4,75.4,46,1,46.6,1
2026-09-22T13:20:00-06:00,2026-09-22 13:20:00,78.3,77.5,49.1,2,2.2,8.1,138,0,0,0,0,0.37,55.93,29.88,36,3,373.7,76.3,34,66.2,47,66.2,73,39,71.8,68.4,1,24.33,1,45.4,75.2,45.9,1,46.6,1
2026-09-22T13:15:00-06:00,2026-09-22 13:15:00,77.9,77.1,48.8,2,2.2,8.1,155,0,0,0,0,0.37,55.93,29.89,36,3,385.1,76.1,35,66.2,47,66.2,72.9,39,71.7,68.4,1,24.34,1,45.4,75.1,46.4,1,46.5,1
2026-09-22T13:10:00-06:00,2026-09-22 13:10:00,76.8,75.9,47.8,3.4,4.5,8.1,100,0,0,0,0,0.37,55.93,29.89,36,1,109.4,76.1,35,66.2,47,66.2,72.9,39,71.7,68.4,1,24.34,1,45.4,75.1,46.4,1,46.5,1
2026-09-22T13:05:00-06:00,2026-09-22 13:05:00,76.6,75.7,49.1,2.9,4.5,8.1,174,0,0,0,0,0.37,55.93,29.88,38,1,142.5,75.9,35,66.2,47,66.2,72.9,39,71.7,68.4,1,24.33,1,45.4,74.8,46.3,1,46.5,1
2026-09-22T13:00:00-06:00,2026-09-22 13:00:00,75.9,75,49.1,4.9,5.8,8.1,65,0,0,0,0,0.37,55.93,29.88,39,0,73.3,75.7,35,66.2,47,66.2,72.7,39,71.5,68.4,1,24.33,1,45.4,74.6,46.1,1,46.3,1
2026-09-22T12:55:00-06:00,2026-09-22 12:55:00,77.5,76.8,50.6,0.7,1.1,8.1,175,0,0,0,0,0.37,55.93,29.89,39,1,198.9,75.6,35,66.2,47,66.2,72.7,39,71.5,68.2,1,24.34,1,45.4,74.5,46,1,46.3,1
2026-09-22T12:50:00-06:00,2026-09-22 12:50:00,75.4,74.5,49.4,0,0,8.1,220,0,0,0,0,0.37,55.93,29.89,40,1,112.5,75.6,35,66.2,47,66.2,72.7,39,71.5,68.2,1,24.34,1,45.4,74.5,46,1,46.3,1
2026-09-22T12:45:00-06:00,2026-09-22 12:45:00,75.7,74.8,49,2.9,3.4,8.1,169,0,0,0,0,0.37,55.93,29.89,39,1,126.5,75.6,35,66.2,47,66.2,72.5,39,71.3,68.2,1,24.34,1,45.4,74.5,46,1,46.1,1
2026-09-22T12:40:00-06:00,2026-09-22 12:40:00,76.1,75.2,49.3,2.5,3.4,8.1,99,0,0,0,0,0.37,55.93,29.89,39,0,83.8,75.4,35,66.2,47,66.2,72.5,39,71.3,68.2,1,24.34,1,45.4,74.3,45.8,1,46.1,1
2026-09-22T12:35:00-06:00,2026-09-22 12:35:00,76.6,75.8,49.8,0,0,8.1,221,0,0,0,0,0.37,55.93,29.9,39,1,107.2,75.4,35,66,47,66,72.5,39,71.3,68.2,1,24.34,1,45.2,74.3,45.8,1,46.1,1
2026-09-22T12:30:00-06:00,2026-09-22 12:30:00,75.4,74.6,50,0,0,8.1,218,0,0,0,0,0.37,55.93,29.9,41,1,104.8,75.2,35,66,47,66,72.5,39,71.3,68.2,1,24.34,1,45.2,74.1,45.7,1,46.1,1
2026-09-22T12:25:00-06:00,2026-09-22 12:25:00,73.4,72.4,48.3,1.3,2.2,8.1,218,0,0,0,0,0.37,55.93,29.9,41,0,90.9,75.2,35,66.2,47,66.2,72.3,39,71.1,68.2,1,24.35,1,45.4,74.1,45.7,1,45.9,1
2026-09-22T12:20:00-06:00,2026-09-22 12:20:00,73.4,72.4,48.9,1.6,2.2,8.1,201,0,0,0,0,0.37,55.93,29.91,42,1,200.6,75.2,35,66,47,66,72.3,39,71.1,68.2,1,24.35,1,45.2,74.1,45.7,1,45.9,1
2026-09-22T12:15:00-06:00,2026-09-22 12:15:00,73.4,72.4,48.3,3.8,4.5,8.1,130,0,0,0,0,0.37,55.93,29.91,41,0,65.2,75,35,66.2,47,66.2,72.3,39,71.1,68.2,1,24.35,1,45.4,73.8,45.5,1,45.9,1
2026-09-22T12:10:00-06:00,2026-09-22 12:10:00,72.9,71.8,47.8,3.6,4.5,8.1,107,0,0,0,0,0.37,55.93,29.9,41,5,516.9,75,35,66,47,66,72.1,39,70.8,68,1,24.35,1,45.2,73.8,45.5,1,45.8,1
2026-09-22T12:05:00-06:00,2026-09-22 12:05:00,72.1,71,47.7,4,4.5,8.1,122,0,0,0,0,0.37,55.93,29.9,42,1,137.1,75,35,66,47,66,72.1,39,70.8,68,1,24.35,1,45.2,73.8,45.5,1,45.8,1
2026-09-22T12:00:00-06:00,2026-09-22 12:00:00,72.7,71.6,47.6,6,6.9,6.9,79,0,0,0,0,0.37,55.93,29.91,41,0,45.5,75,35,66,47,66,72.1,39,70.8,68,1,24.36,1,45.2,73.8,45.5,1,45.8,1
2026-09-22T11:55:00-06:00,2026-09-22 11:55:00,72,70.9,48.3,2.9,3.4,6.9,55,0,0,0,0,0.37,55.93,29.91,43,0,59.5,74.8,35,66,47,66,72.1,39,70.8,68,1,24.35,1,45.2,73.6,45.3,1,45.8,1
2026-09-22T11:50:00-06:00,2026-09-22 11:50:00,72.7,71.7,49.5,2.9,3.4,6.9,92,0,0,0,0,0.37,55.93,29.91,44,0,89,74.8,35,66,47,66,72.1,39,70.8,68,1,24.36,1,45.2,73.6,45.3,1,45.8,1
2026-09-22T11:45:00-06:00,2026-09-22 11:45:00,72,71,49.5,3.1,3.4,5.8,86,0,0,0,0,0.37,55.93,29.91,45,0,88.3,74.8,35,66,47,66,72,39,70.7,68,1,24.36,1,45.2,73.6,45.3,1,45.7,1
2026-09-22T11:40:00-06:00,2026-09-22 11:40:00,71.2,70.1,48.8,2.9,4.5,5.8,84,0,0,0,0,0.37,55.93,29.91,45,1,114.1,74.7,35,66,47,66,72,39,70.7,68,1,24.36,1,45.2,73.5,45.2,1,45.7,1
2026-09-22T11:35:00-06:00,2026-09-22 11:35:00,70.5,69.5,49.3,0.5,1.1,5.8,217,0,0,0,0,0.37,55.93,29.91,47,1,118.5,74.7,36,66,47,66,72,39,70.7,68,1,24.36,1,45.2,73.6,46,1,45.7,1
2026-09-22T11:30:00-06:00,2026-09-22 11:30:00,70.3,69.3,49.7,0,0,5.8,220,0,0,0,0,0.37,55.93,29.92,48,0,74.8,74.7,36,66,47,66,72,39,70.7,68,1,24.36,1,45.2,73.6,46,1,45.7,1
2026-09-22T11:25:00-06:00,2026-09-22 11:25:00,69.4,68.3,49.4,1.3,2.2,5.8,202,0,0,0,0,0.37,55.93,29.91,49,0,59.5,74.7,36,66,47,66,72,39,70.7,68,1,24.36,1,45.2,73.6,46,1,45.7,1
2026-09-22T11:20:00-06:00,2026-09-22 11:20:00,69.6,68.6,49.6,1.8,2.2,5.8,153,0,0,0,0,0.37,55.93,29.92,49,0,56.8,74.5,36,66,47,66,71.8,39,70.5,67.8,1,24.36,1,45.2,73.3,45.8,1,45.5,1
2026-09-22T11:15:00-06:00,2026-09-22 11:15:00,69.3,68.3,49.9,1.3,2.2,5.8,160,0,0,0,0,0.37,55.93,29.91,50,0,79.7,74.3,36,66,47,66,71.8,39,70.5,68,1,24.36,1,45.2,73.1,45.6,1,45.5,1
2026-09-22T11:10:00-06:00,2026-09-22 11:10:00,68,68,49.7,0.9,1.1,5.8,90,0,0,0,0,0.37,55.93,29.91,52,1,103.9,74.3,36,66,47,66,71.8,39,70.5,67.8,1,24.36,1,45.2,73.1,45.6,1,45.5,1
2026-09-22T11:05:00-06:00,2026-09-22 11:05:00,68,68,49.2,0.7,2.2,5.8,167,0,0,0,0,0.37,55.93,29.92,51,0,60.6,74.3,36,66,47,66,71.8,39,70.5,67.8,1,24.36,1,45.2,73.1,45.6,1,45.5,1
2026-09-22T11:00:00-06:00,2026-09-22 11:00:00,68.4,67.3,49.6,1.3,2.2,5.8,217,0,0,0,0,0.37,55.93,29.91,51,0,55.1,74.3,36,66,47,66,71.8,39,70.5,67.8,1,24.36,1,45.2,73.1,45.6,1,45.5,1
2026-09-22T10:55:00-06:00,2026-09-22 10:55:00,67.8,67.8,50,2.2,3.4,5.8,84,0,0,0,0,0.37,55.93,29.92,53,0,58.2,74.3,36,66,47,66,71.6,39,70.3,67.8,1,24.37,1,45.2,73.1,45.6,1,45.3,1
2026-09-22T10:50:00-06:00,2026-09-22 10:50:00,66.2,66.2,49.1,2.5,3.4,5.8,107,0,0,0,0,0.37,55.93,29.93,54,0,62.1,74.1,36,66,47,66,71.6,39,70.3,67.8,1,24.37,1,45.2,72.9,45.4,1,45.3,1
2026-09-22T10:45:00-06:00,2026-09-22 10:45:00,67.1,67.1,49.4,2.9,3.4,5.8,210,0,0,0,0,0.37,55.93,29.92,53,0,57.7,73.9,36,66,47,66,71.6,39,70.3,67.8,1,24.36,1,45.2,72.7,45.2,1,45.3,1
2026-09-22T10:40:00-06:00,2026-09-22 10:40:00,66,66,49.4,0,0,5.8,219,0,0,0,0,0.37,55.93,29.92,55,0,45,73.9,36,65.8,47,65.8,71.6,39,70.3,67.8,1,24.37,1,45,72.7,45.2,1,45.3,1
2026-09-22T10:35:00-06:00,2026-09-22 10:35:00,65.7,65.7,49.1,3.6,4.5,5.8,82,0,0,0,0,0.37,55.93,29.93,55,0,39.9,73.9,36,65.8,47,65.8,71.4,39,70.1,67.8,1,24.37,1,45,72.7,45.2,1,45.1,1
2026-09-22T10:30:00-06:00,2026-09-22 10:30:00,65.1,65.1,49.5,2,3.4,5.8,158,0,0,0,0,0.37,55.93,29.93,57,0,36.2,73.8,36,65.8,47,65.8,71.4,39,70.1,67.6,1,24.37,1,45,72.6,45.2,1,45.1,1
2026-09-22T10:25:00-06:00,2026-09-22 10:25:00,64.8,64.8,49.7,2.2,2.2,5.8,150,0,0,0,0,0.37,55.93,29.92,58,0,35,73.6,36,65.8,47,65.8,71.4,39,70.1,67.6,1,24.37,1,45,72.4,45,1,45.1,1
2026-09-22T10:20:00-06:00,2026-09-22 10:20:00,64.6,64.6,49.9,2.7,3.4,5.8,110,0,0,0,0,0.37,55.93,29.92,59,0,39.6,73.6,36,65.8,47,65.8,71.4,39,70.1,67.6,1,24.37,1,45,72.4,45,1,45.1,1
2026-09-22T10:15:00-06:00,2026-09-22 10:15:00,64,64,48.9,0,0,5.8,218,0,0,0,0,0.37,55.93,29.92,58,0,78.8,73.4,37,65.8,47,65.8,71.2,40,69.9,67.6,1,24.37,1,45,72.2,45.5,1,45.6,1
2026-09-22T10:10:00-06:00,2026-09-22 10:10:00,64,64,49.4,0.9,1.1,4.5,162,0,0,0,0,0.37,55.93,29.93,59,0,38.2,73.4,37,65.8,47,65.8,71.2,40,69.9,67.6,1,24.38,1,45,72.2,45.5,1,45.6,1
2026-09-22T10:05:00-06:00,2026-09-22 10:05:00,64,64,49.4,0.9,2.2,4.5,210,0,0,0,0,0.37,55.93,29.93,59,1,204.3,73.2,37,65.8,47,65.8,71.1,40,69.8,67.6,1,24.38,1,45,72,45.4,1,45.5,1
2026-09-22T10:00:00-06:00,2026-09-22 10:00:00,63.7,63.7,49.5,3.8,4.5,4.5,62,0,0,0,0,0.37,55.93,29.93,60,0,61.4,73.2,37,65.8,47,65.8,71.1,40,69.8,67.6,1,24.38,1,45,72,45.4,1,45.5,1
2026-09-22T09:55:00-06:00,2026-09-22 09:55:00,63,63,49.8,0.9,2.2,4.5,197,0,0,0,0,0.37,55.93,29.93,62,0,34.9,73.2,37,65.8,47,65.8,71.1,40,69.8,67.6,1,24.38,1,45,72,45.4,1,45.5,1
2026-09-22T09:50:00-06:00,2026-09-22 09:50:00,62.4,62.4,49.6,0,0,4.5,194,0,0,0,0,0.37,55.93,29.93,63,0,31.3,73,37,65.8,47,65.8,71.1,40,69.8,67.6,1,24.38,1,45,71.7,45.2,1,45.5,1
2026-09-22T09:45:00-06:00,2026-09-22 09:45:00,62.2,62.2,49.4,2.2,3.4,4.5,57,0,0,0,0,0.37,55.93,29.93,63,0,28.3,73,37,65.8,47,65.8,70.9,40,69.6,67.5,1,24.38,1,45,71.7,45.2,1,45.4,1
2026-09-22T09:40:00-06:00,2026-09-22 09:40:00,61.9,61.9,49.2,1.6,2.2,4.5,90,0,0,0,0,0.37,55.93,29.93,63,0,28.9,73,37,65.8,47,65.8,70.9,40,69.6,67.5,1,24.38,1,45,71.7,45.2,1,45.4,1
2026-09-22T09:35:00-06:00,2026-09-22 09:35:00,61.7,61.7,49,2.5,3.4,4.5,77,0,0,0,0,0.37,55.93,29.93,63,0,30,72.9,37,65.8,47,65.8,70.9,40,69.6,67.5,1,24.38,1,45,71.6,45.1,1,45.4,1
2026-09-22T09:30:00-06:00,2026-09-22 09:30:00,61.9,61.9,48.3,2.5,3.4,4.5,118,0,0,0,0,0.37,55.93,29.93,61,0,34,72.7,37,65.8,47,65.8,70.7,40,69.3,67.5,1,24.38,1,45,71.4,44.9,1,45.2,1
2026-09-22T09:25:00-06:00,2026-09-22 09:25:00,61,61,47.9,1.3,3.4,4.5,121,0,0,0,0,0.37,55.93,29.93,62,0,59,72.7,37,65.8,47,65.8,70.7,40,69.3,67.5,1,24.38,1,45,71.4,44.9,1,45.2,1
2026-09-22T09:20:00-06:00,2026-09-22 09:20:00,60.4,60.4,47.7,0,0,4.5,218,0,0,0,0,0.37,55.93,29.93,63,0,58.2,72.5,37,65.8,47,65.8,70.5,40,69.1,67.5,1,24.38,1,45,71.2,44.7,1,45,1
2026-09-22T09:15:00-06:00,2026-09-22 09:15:00,59.7,59.7,47.5,3.4,4.5,4.5,82,0,0,0,0,0.37,55.93,29.93,64,0,30.6,72.5,37,65.7,47,65.7,70.5,40,69.1,67.5,1,24.38,1,44.9,71.2,44.7,1,45,1
2026-09-22T09:10:00-06:00,2026-09-22 09:10:00,59.4,59.4,48.4,0.2,1.1,4.5,192,0,0,0,0,0.37,55.93,29.93,67,0,29.6,72.3,38,65.8,47,65.8,70.5,40,69.1,67.5,1,24.38,1,45,71,45.3,1,45,1
2026-09-22T09:05:00-06:00,2026-09-22 09:05:00,58.5,58.5,49.1,0.9,2.2,4.5,57,0,0,0,0,0.37,55.93,29.94,71,0,29.8,72.3,38,65.7,47,65.7,70.3,40,68.9,67.5,1,24.39,1,44.9,71,45.3,1,44.8,1
2026-09-22T09:00:00-06:00,2026-09-22 09:00:00,58.3,58.3,49.3,2.7,3.4,4.5,128,0,0,0,0,0.37,55.93,29.93,72,0,26.8,72.1,38,65.7,47,65.7,70.3,40,68.9,67.3,1,24.38,1,44.9,70.8,45.1,1,44.8,1
2026-09-22T08:55:00-06:00,2026-09-22 08:55:00,57.4,57.4,48.8,1.1,1.1,4.5,189,0,0,0,0,0.37,55.93,29.93,73,0,31.6,72.1,38,65.7,47,65.7,70.3,40,68.9,67.3,1,24.38,1,44.9,70.8,45.1,1,44.8,1
2026-09-22T08:50:00-06:00,2026-09-22 08:50:00,57.4,57.4,49.2,0,0,4.5,228,0,0,0,0,0.37,55.93,29.93,74,0,30.5,72,38,65.7,47,65.7,70.3,40,68.9,67.3,1,24.38,1,44.9,70.7,45,1,44.8,1
2026-09-22T08:45:00-06:00,2026-09-22 08:45:00,57.4,57.4,48.8,0,0,4.5,214,0,0,0,0,0.37,55.93,29.93,73,0,27.7,72,38,65.7,47,65.7,70.2,41,68.8,67.3,1,24.38,1,44.9,70.7,45,1,45.4,1
2026-09-22T08:40:00-06:00,2026-09-22 08:40:00,57.4,57.4,49.5,0,0,4.5,222,0,0,0,0,0.37,55.93,29.94,75,0,27.1,71.8,38,65.7,47,65.7,70.2,41,68.8,67.3,1,24.39,1,44.9,70.5,44.8,1,45.4,1
2026-09-22T08:35:00-06:00,2026-09-22 08:35:00,57.6,57.6,49.7,0,0,4.5,218,0,0,0,0,0.37,55.93,29.94,75,0,31.1,71.6,39,65.7,47,65.7,70.2,41,68.8,67.3,1,24.39,1,44.9,70.3,45.3,1,45.4,1
2026-09-22T08:30:00-06:00,2026-09-22 08:30:00,57.6,57.6,49.4,0,0,4.5,203,0,0,0,0,0.37,55.93,29.94,74,0,25.3,71.6,39,65.7,47,65.7,70,41,68.6,67.3,1,24.39,1,44.9,70.3,45.3,1,45.2,1
2026-09-22T08:25:00-06:00,2026-09-22 08:25:00,56.8,56.8,49.3,0,0,4.5,207,0,0,0,0,0.37,55.93,29.94,76,0,25.1,71.4,39,65.7,47,65.7,70,41,68.6,67.3,1,24.39,1,44.9,70.1,45.1,1,45.2,1
2026-09-22T08:20:00-06:00,2026-09-22 08:20:00,56.5,56.5,49.4,0.5,1.1,4.5,163,0,0,0,0,0.37,55.93,29.93,77,0,27.8,71.2,39,65.7,47,65.7,69.8,41,68.4,67.3,1,24.38,1,44.9,69.9,45,1,45,1
2026-09-22T08:15:00-06:00,2026-09-22 08:15:00,55,55,48.9,0.9,1.1,4.5,131,0,0,0,0,0.37,55.93,29.93,80,0,23.9,71.1,39,65.5,47,65.5,69.8,41,68.4,67.3,1,24.38,1,44.7,69.7,44.9,1,45,1
2026-09-22T08:10:00-06:00,2026-09-22 08:10:00,53.6,53.6,48.6,0,0,4.5,222,0,0,0,0,0.37,55.93,29.93,83,0,23.1,70.7,39,65.7,47,65.7,69.6,41,68.2,67.3,1,24.38,1,44.9,69.3,44.5,1,44.8,1
2026-09-22T08:05:00-06:00,2026-09-22 08:05:00,53.2,53.2,48.2,0,0,4.5,223,0,0,0,0,0.37,55.93,29.93,83,0,22.8,70.7,39,65.7,46,65.7,69.4,41,68,67.3,1,24.38,1,44.3,69.3,44.5,1,44.7,1
2026-09-22T08:00:00-06:00,2026-09-22 08:00:00,53.1,53.1,48.1,0,0,4.5,221,0,0,0,0,0.37,55.93,29.93,83,0,22,70.7,39,65.5,46,65.5,69.4,41,68,67.3,1,24.38,1,44.2,69.3,44.5,1,44.7,1
2026-09-22T07:55:00-06:00,2026-09-22 07:55:00,53.2,53.2,48.2,0,0,4.5,224,0,0,0,0,0.37,55.93,29.93,83,0,23.6,70.5,39,65.5,46,65.5,69.4,41,68,67.3,1,24.38,1,44.2,69.1,44.3,1,44.7,1
2026-09-22T07:50:00-06:00,2026-09-22 07:50:00,52.5,52.5,47.5,0.9,1.1,4.5,177,0,0,0,0,0.37,55.93,29.94,83,0,22.5,70.5,38,65.5,46,65.5,69.3,41,67.9,67.3,1,24.39,1,44.2,69,43.7,1,44.6,1
2026-09-22T07:45:00-06:00,2026-09-22 07:45:00,52.3,52.3,47.6,0,0,4.5,212,0,0,0,0,0.37,55.93,29.93,84,0,23,70.3,38,65.7,46,65.7,69.3,41,67.9,67.3,1,24.38,1,44.3,68.8,43.5,1,44.6,1
2026-09-22T07:40:00-06:00,2026-09-22 07:40:00,51.4,51.4,46.7,0,0,4.5,221,0,0,0,0,0.37,55.93,29.94,84,0,18.5,70.2,38,65.5,46,65.5,69.3,41,67.9,67.3,1,24.39,1,44.2,68.7,43.4,1,44.6,1
2026-09-22T07:35:00-06:00,2026-09-22 07:35:00,51.1,51.1,46.4,0,0,4.5,210,0,0,0,0,0.37,55.93,29.93,84,0,16.5,70.2,38,65.5,46,65.5,69.3,41,67.9,67.3,1,24.38,1,44.2,68.7,43.4,1,44.6,1
2026-09-22T07:30:00-06:00,2026-09-22 07:30:00,50.5,50.5,46.5,0,0,4.5,231,0,0,0,0,0.37,55.93,29.93,86,0,16.2,70.3,38,65.5,46,65.5,69.3,41,67.9,67.1,1,24.38,1,44.2,68.8,43.5,1,44.6,1
2026-09-22T07:25:00-06:00,2026-09-22 07:25:00,50.2,50.2,46.8,0,0,4.5,238,0,0,0,0,0.37,55.93,29.94,88,0,15.6,70.2,38,65.5,46,65.5,69.3,41,67.9,67.1,1,24.39,1,44.2,68.7,43.4,1,44.6,1
2026-09-22T07:20:00-06:00,2026-09-22 07:20:00,49.6,49.6,46.5,0,0,4.5,231,0,0,0,0,0.37,55.93,29.93,89,0,14.3,70.2,38,65.5,46,65.5,69.3,40,67.8,67.1,1,24.38,1,44.2,68.7,43.4,1,43.9,1
2026-09-22T07:15:00-06:00,2026-09-22 07:15:00,49.5,49.5,46.7,0,0,4.5,231,0,0,0,0,0.37,55.93,29.93,90,0,12.8,70.2,38,65.5,46,65.5,69.4,40,67.9,67.1,1,24.38,1,44.2,68.7,43.4,1,44,1
2026-09-22T07:10:00-06:00,2026-09-22 07:10:00,48.9,48.9,46.4,0,0,4.5,239,0,0,0,0,0.37,55.93,29.94,91,0,10.8,70.2,38,65.5,46,65.5,69.4,40,67.9,67.1,1,24.39,1,44.2,68.7,43.4,1,44,1
2026-09-22T07:05:00-06:00,2026-09-22 07:05:00,49.3,49.3,46.8,0,0,4.5,236,0,0,0,0,0.37,55.93,29.94,91,0,8.3,70.2,37,65.5,46,65.5,69.6,40,68.1,67.1,1,24.39,1,44.2,68.7,42.7,1,44.2,1
2026-09-22T07:00:00-06:00,2026-09-22 07:00:00,48.4,48.4,45.9,0,0,4.5,231,0,0,0,0,0.37,55.93,29.93,91,0,6.1,70.2,37,65.5,46,65.5,69.6,39,68.1,66.9,1,24.38,1,44.2,68.7,42.7,1,43.5,1
2026-09-22T06:55:00-06:00,2026-09-22 06:55:00,48.2,48.2,45.7,0,0,4.5,243,0,0,0,0,0.37,55.93,29.93,91,0,4.4,70.2,37,65.5,46,65.5,69.8,39,68.3,66.9,1,24.38,1,44.2,68.7,42.7,1,43.7,1
2026-09-22T06:50:00-06:00,2026-09-22 06:50:00,48.9,48.9,46.4,0,0,4.5,240,0,0,0,0,0.37,55.93,29.93,91,0,2.8,70.2,36,65.5,46,65.5,70,38,68.5,66.9,1,24.38,1,44.2,68.6,42,1,43.2,1
2026-09-22T06:45:00-06:00,2026-09-22 06:45:00,48.6,48.6,46.1,0,0,4.5,235,0,0,0,0,0.37,55.93,29.93,91,0,1.6,70.2,35,65.5,46,65.5,70,38,68.5,66.9,1,24.38,1,44.2,68.6,41.3,1,43.2,1
2026-09-22T06:40:00-06:00,2026-09-22 06:40:00,48.7,48.7,46.2,0.9,1.1,4.5,234,0,0,0,0,0.37,55.93,29.93,91,0,0.8,70.2,35,65.5,46,65.5,70,38,68.5,66.7,1,24.38,1,44.2,68.6,41.3,1,43.2,1
2026-09-22T06:35:00-06:00,2026-09-22 06:35:00,48.7,48.7,46.2,0,0,4.5,227,0,0,0,0,0.37,55.93,29.93,91,0,0.3,70.3,35,65.5,46,65.5,70,38,68.5,66.7,1,24.37,1,44.2,68.7,41.3,1,43.2,1
2026-09-22T06:30:00-06:00,2026-09-22 06:30:00,48.6,48.6,46.1,0,0,4.5,235,0,0,0,0,0.37,55.93,29.93,91,0,0.1,70.3,35,65.5,46,65.5,70,38,68.5,66.7,1,24.38,1,44.2,68.7,41.3,1,43.2,1
2026-09-22T06:25:00-06:00,2026-09-22 06:25:00,48.6,48.6,45.8,0.5,1.1,4.5,237,0,0,0,0,0.37,55.93,29.93,90,0,0,70.3,35,65.5,46,65.5,70,38,68.5,66.7,1,24.38,1,44.2,68.7,41.3,1,43.2,1
2026-09-22T06:20:00-06:00,2026-09-22 06:20:00,48.9,48.9,46.1,0,0,4.5,234,0,0,0,0,0.37,55.93,29.93,90,0,0,70.3,35,65.5,46,65.5,70.2,38,68.7,66.6,1,24.38,1,44.2,68.7,41.3,1,43.4,1
2026-09-22T06:15:00-06:00,2026-09-22 06:15:00,49.1,49.1,46.3,0.2,1.1,4.5,219,0,0,0,0,0.37,55.93,29.93,90,0,0,70.3,35,65.5,46,65.5,70.2,38,68.7,66.6,1,24.37,1,44.2,68.7,41.3,1,43.4,1
2026-09-22T06:10:00-06:00,2026-09-22 06:10:00,48.7,48.7,45.9,0.2,1.1,4.5,242,0,0,0,0,0.37,55.93,29.92,90,0,0,70.3,35,65.5,46,65.5,70.2,38,68.7,66.6,1,24.37,1,44.2,68.7,41.3,1,43.4,1
2026-09-22T06:05:00-06:00,2026-09-22 06:05:00,49.5,49.5,46.7,0,0,4.5,237,0,0,0,0,0.37,55.93,29.93,90,0,0,70.3,35,65.5,46,65.5,70.2,38,68.7,66.6,1,24.38,1,44.2,68.7,41.3,1,43.4,1
2026-09-22T06:00:00-06:00,2026-09-22 06:00:00,49.8,49.8,47.3,0,0,4.5,225,0,0,0,0,0.37,55.93,29.92,91,0,0,70.5,35,65.5,46,65.5,70.3,38,68.8,66.4,1,24.37,1,44.2,68.9,41.5,1,43.5,1
2026-09-22T05:55:00-06:00,2026-09-22 05:55:00,48.9,48.9,46.4,0.2,1.1,4.5,228,0,0,0,0,0.37,55.93,29.93,91,0,0,70.3,35,65.5,46,65.5,70.2,38,68.7,66.4,1,24.38,1,44.2,68.7,41.3,1,43.4,1
2026-09-22T05:50:00-06:00,2026-09-22 05:50:00,48.7,48.7,45.9,0,0,4.5,239,0,0,0,0,0.37,55.93,29.93,90,0,0,70.5,35,65.5,46,65.5,70.3,38,68.8,66.4,1,24.38,1,44.2,68.9,41.5,1,43.5,1
2026-09-22T05:45:00-06:00,2026-09-22 05:45:00,48.6,48.6,45.8,0,0,4.5,228,0,0,0,0,0.37,55.93,29.93,90,0,0,70.5,35,65.5,46,65.5,70.3,38,68.8,66.4,1,24.37,1,44.2,68.9,41.5,1,43.5,1
2026-09-22T05:40:00-06:00,2026-09-22 05:40:00,48.7,48.7,45.9,0,0,4.5,243,0,0,0,0,0.37,55.93,29.93,90,0,0,70.5,35,65.5,46,65.5,70.3,38,68.8,66.2,1,24.38,1,44.2,68.9,41.5,1,43.5,1
2026-09-22T05:35:00-06:00,2026-09-22 05:35:00,48.7,48.7,45.9,0,0,4.5,236,0,0,0,0,0.37,55.93,29.93,90,0,0,70.5,35,65.5,46,65.5,70.3,38,68.8,66.2,1,24.38,1,44.2,68.9,41.5,1,43.5,1
2026-09-22T05:30:00-06:00,2026-09-22 05:30:00,49.5,49.5,46.7,0.5,1.1,4.5,236,0,0,0,0,0.37,55.93,29.93,90,0,0,70.7,35,65.5,46,65.5,70.3,38,68.8,66.2,1,24.37,1,44.2,69.1,41.7,1,43.5,1
2026-09-22T05:25:00-06:00,2026-09-22 05:25:00,48.7,48.7,45.9,0,0,4.5,226,0,0,0,0,0.37,55.93,29.93,90,0,0,70.7,35,65.5,46,65.5,70.3,38,68.8,66,1,24.38,1,44.2,69.1,41.7,1,43.5,1
2026-09-22T05:20:00-06:00,2026-09-22 05:20:00,48.9,48.9,46.1,0.7,1.1,4.5,232,0,0,0,0,0.37,55.93,29.93,90,0,0,70.7,35,65.5,46,65.5,70.5,38,69,66,1,24.37,1,44.2,69.1,41.7,1,43.7,1
2026-09-22T05:15:00-06:00,2026-09-22 05:15:00,49.1,49.1,46.3,0,0,4.5,225,0,0,0,0,0.37,55.93,29.92,90,0,0,70.7,35,65.5,46,65.5,70.5,38,69,66,1,24.37,1,44.2,69.1,41.7,1,43.7,1
2026-09-22T05:10:00-06:00,2026-09-22 05:10:00,48.9,48.9,45.8,0,0,4.5,232,0,0,0,0,0.37,55.93,29.93,89,0,0,70.7,35,65.5,46,65.5,70.5,38,69,65.8,1,24.37,1,44.2,69.1,41.7,1,43.7,1
2026-09-22T05:05:00-06:00,2026-09-22 05:05:00,49.5,49.5,46.4,0.7,1.1,4.5,243,0,0,0,0,0.37,55.93,29.93,89,0,0,70.7,35,65.5,46,65.5,70.5,38,69,65.8,1,24.37,1,44.2,69.1,41.7,1,43.7,1
2026-09-22T05:00:00-06:00,2026-09-22 05:00:00,49.3,49.3,46.2,0,0,4.5,235,0,0,0,0,0.37,55.93,29.93,89,0,0,70.7,35,65.5,46,65.5,70.7,38,69.3,65.8,1,24.38,1,44.2,69.1,41.7,1,43.8,1
2026-09-22T04:55:00-06:00,2026-09-22 04:55:00,49.5,49.5,46.4,0.2,1.1,4.5,243,0,0,0,0,0.37,55.93,29.93,89,0,0,70.7,35,65.5,46,65.5,70.7,38,69.3,65.7,1,24.38,1,44.2,69.1,41.7,1,43.8,1
2026-09-22T04:50:00-06:00,2026-09-22 04:50:00,49.5,49.5,46.4,0,0,4.5,233,0,0,0,0,0.37,55.93,29.93,89,0,0,70.7,35,65.3,46,65.3,70.7,38,69.3,65.7,1,24.37,1,44,69.1,41.7,1,43.8,1
2026-09-22T04:45:00-06:00,2026-09-22 04:45:00,49.5,49.5,46.1,0,0,4.5,237,0,0,0,0,0.37,55.93,29.93,88,0,0,70.9,35,65.5,46,65.5,70.7,38,69.3,65.7,1,24.38,1,44.2,69.3,41.9,1,43.8,1
2026-09-22T04:40:00-06:00,2026-09-22 04:40:00,49.6,49.6,46.2,0,0,4.5,234,0,0,0,0,0.37,55.93,29.93,88,0,0,70.9,35,65.3,46,65.3,70.7,38,69.3,65.5,1,24.38,1,44,69.3,41.9,1,43.8,1
2026-09-22T04:35:00-06:00,2026-09-22 04:35:00,49.6,49.6,46.2,0,0,4.5,233,0,0,0,0,0.37,55.93,29.93,88,0,0,70.9,35,65.3,46,65.3,70.7,38,69.3,65.5,1,24.38,1,44,69.3,41.9,1,43.8,1
2026-09-22T04:30:00-06:00,2026-09-22 04:30:00,49.6,49.6,45.9,0,0,4.5,238,0,0,0,0,0.37,55.93,29.93,87,0,0,70.9,35,65.3,46,65.3,70.7,37,69.2,65.3,1,24.38,1,44,69.3,41.9,1,43.1,1
2026-09-22T04:25:00-06:00,2026-09-22 04:25:00,49.8,49.8,46.1,0,0,4.5,232,0,0,0,0,0.37,55.93,29.93,87,0,0,70.9,35,65.3,46,65.3,70.9,37,69.4,65.3,1,24.38,1,44,69.3,41.9,1,43.3,1
2026-09-22T04:20:00-06:00,2026-09-22 04:20:00,49.8,49.8,46.1,0,0,4.5,231,0,0,0,0,0.37,55.93,29.94,87,0,0,70.9,35,65.3,46,65.3,70.9,37,69.4,65.1,1,24.39,1,44,69.3,41.9,1,43.3,1
2026-09-22T04:15:00-06:00,2026-09-22 04:15:00,49.6,49.6,45.9,0,0,4.5,233,0,0,0,0,0.37,55.93,29.94,87,0,0,71.1,35,65.3,46,65.3,70.9,37,69.4,65.1,1,24.39,1,44,69.6,42,1,43.3,1
2026-09-22T04:10:00-06:00,2026-09-22 04:10:00,50,50,46,0,0,4.5,224,0,0,0,0,0.37,55.93,29.94,86,0,0,71.1,35,65.3,46,65.3,70.9,37,69.4,65.1,1,24.39,1,44,69.6,42,1,43.3,1
2026-09-22T04:05:00-06:00,2026-09-22 04:05:00,50,50,46,0,0,4.5,237,0,0,0,0,0.37,55.93,29.93,86,0,0,71.1,35,65.5,45,65.5,70.9,37,69.4,64.9,1,24.38,1,43.6,69.6,42,1,43.3,1
2026-09-22T04:00:00-06:00,2026-09-22 04:00:00,50,50,46,0,0,4.5,229,0,0,0,0,0.37,55.93,29.93,86,0,0,71.1,35,65.3,45,65.3,71.1,37,69.6,64.9,1,24.38,1,43.4,69.6,42,1,43.5,1
2026-09-22T03:55:00-06:00,2026-09-22 03:55:00,50,50,46,0,0,4.5,227,0,0,0,0,0.37,55.93,29.94,86,0,0,71.1,35,65.3,45,65.3,71.1,37,69.6,64.8,1,24.39,1,43.4,69.6,42,1,43.5,1
2026-09-22T03:50:00-06:00,2026-09-22 03:50:00,50.4,50.4,46.1,0,0,4.5,229,0,0,0,0,0.37,55.93,29.94,85,0,0,71.1,35,65.3,45,65.3,71.1,37,69.6,64.6,1,24.39,1,43.4,69.6,42,1,43.5,1
2026-09-22T03:45:00-06:00,2026-09-22 03:45:00,50.5,50.5,46.2,0,0,4.5,240,0,0,0,0,0.37,55.93,29.94,85,0,0,71.1,35,65.3,45,65.3,71.1,37,69.6,64.6,1,24.39,1,43.4,69.6,42,1,43.5,1
2026-09-22T03:40:00-06:00,2026-09-22 03:40:00,50.7,50.7,46,0,0,4.5,241,0,0,0,0,0.37,55.93,29.94,84,0,0,71.1,35,65.3,45,65.3,71.1,37,69.6,64.4,1,24.39,1,43.4,69.6,42,1,43.5,1
2026-09-22T03:35:00-06:00,2026-09-22 03:35:00,50.9,50.9,45.9,0,0,4.5,227,0,0,0,0,0.37,55.93,29.95,83,0,0,71.1,35,65.3,45,65.3,71.1,37,69.6,64.4,1,24.39,1,43.4,69.6,42,1,43.5,1
2026-09-22T03:30:00-06:00,2026-09-22 03:30:00,51.1,51.1,46.1,0,0,4.5,233,0,0,0,0,0.37,55.93,29.94,83,0,0,71.2,35,65.3,45,65.3,71.2,37,69.8,64.2,1,24.39,1,43.4,69.7,42.1,1,43.6,1
2026-09-22T03:25:00-06:00,2026-09-22 03:25:00,51.1,51.1,46.1,0,0,4.5,238,0,0,0,0,0.37,55.93,29.94,83,0,0,71.1,35,65.3,45,65.3,71.2,37,69.8,64,1,24.39,1,43.4,69.6,42,1,43.6,1
2026-09-22T03:20:00-06:00,2026-09-22 03:20:00,51.1,51.1,45.8,0,0,4.5,230,0,0,0,0,0.37,55.93,29.94,82,0,0,71.2,34,65.3,45,65.3,71.2,37,69.8,64,1,24.39,1,43.4,69.6,41.4,1,43.6,1
2026-09-22T03:15:00-06:00,2026-09-22 03:15:00,51.4,51.4,45.8,0,0,4.5,226,0,0,0,0,0.37,55.93,29.94,81,0,0,71.2,34,65.3,45,65.3,71.2,37,69.8,63.9,1,24.39,1,43.4,69.6,41.4,1,43.6,1
2026-09-22T03:10:00-06:00,2026-09-22 03:10:00,51.6,51.6,46,0,0,4.5,232,0,0,0,0,0.37,55.93,29.94,81,0,0,71.2,34,65.3,45,65.3,71.2,37,69.8,63.7,1,24.39,1,43.4,69.6,41.4,1,43.6,1
2026-09-22T03:05:00-06:00,2026-09-22 03:05:00,51.8,51.8,45.8,0,0,4.5,236,0,0,0,0,0.37,55.93,29.94,80,0,0,71.2,34,65.3,45,65.3,71.4,37,70,63.5,1,24.39,1,43.4,69.6,41.4,1,43.8,1
2026-09-22T03:00:00-06:00,2026-09-22 03:00:00,51.8,51.8,45.8,1.1,1.1,4.5,241,0,0,0,0,0.37,55.93,29.94,80,0,0,71.2,34,65.3,45,65.3,71.4,37,70,63.3,1,24.39,1,43.4,69.6,41.4,1,43.8,1
2026-09-22T02:55:00-06:00,2026-09-22 02:55:00,52,52,45.7,0,0,4.5,232,0,0,0,0,0.37,55.93,29.95,79,0,0,71.1,34,65.3,45,65.3,71.4,37,70,63.1,1,24.39,1,43.4,69.5,41.3,1,43.8,1
2026-09-22T02:50:00-06:00,2026-09-22 02:50:00,52.7,52.7,46.4,0,0,4.5,240,0,0,0,0,0.37,55.93,29.95,79,0,0,71.2,34,65.3,45,65.3,71.4,37,70,63,1,24.39,1,43.4,69.6,41.4,1,43.8,1
2026-09-22T02:45:00-06:00,2026-09-22 02:45:00,52.5,52.5,46.5,0,0,4.5,245,0,0,0,0,0.37,55.93,29.94,80,0,0,71.2,34,65.3,45,65.3,71.6,37,70.2,62.8,1,24.39,1,43.4,69.6,41.4,1,43.9,1
2026-09-22T02:40:00-06:00,2026-09-22 02:40:00,52.2,52.2,45.9,0,0,4.5,245,0,0,0,0,0.37,55.93,29.95,79,0,0,71.2,34,65.3,45,65.3,71.6,36,70.2,62.4,1,24.39,1,43.4,69.6,41.4,1,43.2,1
2026-09-22T02:35:00-06:00,2026-09-22 02:35:00,52.3,52.3,45.6,0,0,4.5,237,0,0,0,0,0.37,55.93,29.95,78,0,0,71.1,34,65.3,45,65.3,71.6,36,70.2,62.2,1,24.39,1,43.4,69.5,41.3,1,43.2,1
2026-09-22T02:30:00-06:00,2026-09-22 02:30:00,52.7,52.7,45.7,0,0,4.5,240,0,0,0,0,0.37,55.93,29.95,77,0,0,71.2,34,65.3,45,65.3,71.6,36,70.2,61.9,1,24.39,1,43.4,69.6,41.4,1,43.2,1
2026-09-22T02:25:00-06:00,2026-09-22 02:25:00,52.7,52.7,45.7,0,0,4.5,238,0,0,0,0,0.37,55.93,29.95,77,0,0,71.1,34,65.3,45,65.3,71.8,36,70.4,61.3,1,24.4,1,43.4,69.5,41.3,1,43.4,1
2026-09-22T02:20:00-06:00,2026-09-22 02:20:00,53.1,53.1,46.1,0,0,4.5,229,0,0,0,0,0.37,55.93,29.95,77,0,0,71.1,34,65.3,45,65.3,71.8,36,70.4,61,1,24.4,1,43.4,69.5,41.3,1,43.4,1
2026-09-22T02:15:00-06:00,2026-09-22 02:15:00,53.2,53.2,45.8,0,0,4.5,233,0,0,0,0,0.37,55.93,29.95,76,0,0,71.1,34,65.3,45,65.3,71.8,36,70.4,60.3,1,24.39,1,43.4,69.5,41.3,1,43.4,1
2026-09-22T02:10:00-06:00,2026-09-22 02:10:00,53.4,53.4,46,0.2,1.1,4.5,233,0,0,0,0,0.37,55.93,29.95,76,0,0,71.1,34,65.3,45,65.3,71.8,36,70.4,59.2,1,24.4,1,43.4,69.5,41.3,1,43.4,1
2026-09-22T02:05:00-06:00,2026-09-22 02:05:00,53.6,53.6,45.9,0,0,4.5,240,0,0,0,0,0.37,55.93,29.95,75,0,0,71.1,34,65.3,45,65.3,72,36,70.6,57.9,1,24.39,1,43.4,69.5,41.3,1,43.6,1
2026-09-22T02:00:00-06:00,2026-09-22 02:00:00,53.4,53.4,45.3,0.9,1.1,4.5,246,0,0,0,0,0.37,55.93,29.94,74,0,0,71.1,34,65.3,44,65.3,72,36,70.6,55.6,1,24.39,1,42.8,69.5,41.3,1,43.6,1
2026-09-22T01:55:00-06:00,2026-09-22 01:55:00,53.1,53.1,44.7,0,0,4.5,228,0,0,0,0,0.37,55.93,29.95,73,0,0,70.9,33,65.3,44,65.3,72,36,70.6,52.9,1,24.39,1,42.8,69.2,40.4,1,43.6,1
2026-09-22T01:50:00-06:00,2026-09-22 01:50:00,53.6,53.6,44.8,0,0,4.5,228,0,0,0,0,0.37,55.93,29.94,72,0,0,70.9,33,65.5,44,65.5,72,36,70.6,49.3,1,24.39,1,43,69.2,40.4,1,43.6,1
2026-09-22T01:45:00-06:00,2026-09-22 01:45:00,53.4,53.4,44.6,0,0,4.5,231,0,0,0,0,0.37,55.93,29.94,72,0,0,71.1,33,65.5,44,65.5,72.1,36,70.7,50,1,24.39,1,43,69.5,40.5,1,43.7,1
2026-09-22T01:40:00-06:00,2026-09-22 01:40:00,53.4,53.4,44.6,0,0,4.5,232,0,0,0,0,0.37,55.93,29.95,72,0,0,71.1,33,65.5,44,65.5,72.1,36,70.7,55.9,1,24.4,1,43,69.5,40.5,1,43.7,1
2026-09-22T01:35:00-06:00,2026-09-22 01:35:00,53.4,53.4,44.2,0,0,4.5,225,0,0,0,0,0.37,55.93,29.95,71,0,0,71.1,33,65.5,44,65.5,72.1,36,70.7,53.2,1,24.39,1,43,69.5,40.5,1,43.7,1
2026-09-22T01:30:00-06:00,2026-09-22 01:30:00,53.6,53.6,44.4,0,0,4.5,239,0,0,0,0,0.37,55.93,29.95,71,0,0,71.1,33,65.5,44,65.5,72.3,36,70.9,48.7,1,24.39,1,43,69.5,40.5,1,43.8,1
2026-09-22T01:25:00-06:00,2026-09-22 01:25:00,54,54,44.4,0,0,4.5,239,0,0,0,0,0.37,55.93,29.95,70,0,0,71.2,33,65.5,44,65.5,72.3,36,70.9,46.4,1,24.4,1,43,69.6,40.6,1,43.8,1
2026-09-22T01:20:00-06:00,2026-09-22 01:20:00,54.7,54.7,44.3,0,0,4.5,225,0,0,0,0,0.37,55.93,29.95,68,0,0,71.4,33,65.5,44,65.5,72.3,36,70.9,48,1,24.39,1,43,69.8,40.8,1,43.8,1
2026-09-22T01:15:00-06:00,2026-09-22 01:15:00,54.9,54.9,44.5,0.2,1.1,4.5,229,0,0,0,0,0.37,55.93,29.95,68,0,0,71.4,33,65.7,44,65.7,72.3,36,70.9,53.2,1,24.39,1,43.2,69.8,40.8,1,43.8,1
2026-09-22T01:10:00-06:00,2026-09-22 01:10:00,55.2,55.2,44.8,0,0,4.5,230,0,0,0,0,0.37,55.93,29.94,68,0,0,71.4,33,65.7,44,65.7,72.5,36,71.1,49.8,1,24.39,1,43.2,69.8,40.8,1,44,1
2026-09-22T01:05:00-06:00,2026-09-22 01:05:00,55,55,44.6,0,0,4.5,235,0,0,0,0,0.37,55.93,29.95,68,0,0,71.6,32,65.7,44,65.7,72.5,36,71.1,45.5,1,24.4,1,43.2,70,40.2,1,44,1
2026-09-22T01:00:00-06:00,2026-09-22 01:00:00,55,55,44.2,0,0,4.5,223,0,0,0,0,0.37,55.93,29.95,67,0,0,71.6,33,65.7,44,65.7,72.7,36,71.4,45.9,1,24.4,1,43.2,70,41,1,44.2,1
2026-09-22T00:55:00-06:00,2026-09-22 00:55:00,55,55,44.2,0,0,4.5,227,0,0,0,0,0.37,55.93,29.95,67,0,0,71.8,33,65.7,44,65.7,72.7,36,71.4,47.1,1,24.4,1,43.2,70.2,41.1,1,44.2,1
2026-09-22T00:50:00-06:00,2026-09-22 00:50:00,55,55,44.2,0.2,1.1,4.5,232,0,0,0,0,0.37,55.93,29.96,67,0,0,72,33,65.7,44,65.7,72.7,36,71.4,49.8,1,24.41,1,43.2,70.5,41.3,1,44.2,1
2026-09-22T00:45:00-06:00,2026-09-22 00:45:00,55.4,55.4,44.2,0.5,2.2,4.5,271,0,0,0,0,0.37,55.93,29.95,66,0,0,71.8,33,65.8,44,65.8,72.7,36,71.4,48.6,1,24.4,1,43.3,70.2,41.1,1,44.2,1
2026-09-22T00:40:00-06:00,2026-09-22 00:40:00,55.4,55.4,44.6,0.9,2.2,4.5,271,0,0,0,0,0.37,55.93,29.95,67,0,0,72,32,65.8,44,65.8,72.9,36,71.6,45.3,1,24.4,1,43.3,70.4,40.5,1,44.4,1
2026-09-22T00:35:00-06:00,2026-09-22 00:35:00,55.6,55.6,44.8,0.2,1.1,4.5,235,0,0,0,0,0.37,55.93,29.94,67,0,0,72.1,32,65.8,45,65.8,72.9,36,71.6,45.5,1,24.39,1,43.9,70.5,40.6,1,44.4,1
2026-09-22T00:30:00-06:00,2026-09-22 00:30:00,55.9,55.9,45.1,0,0,4.5,241,0,0,0,0,0.37,55.93,29.95,67,0,0,72.3,32,65.8,45,65.8,73,36,71.7,45.5,1,24.4,1,43.9,70.7,40.8,1,44.5,1
2026-09-22T00:25:00-06:00,2026-09-22 00:25:00,55.8,55.8,45,0,0,4.5,229,0,0,0,0,0.37,55.93,29.95,67,0,0,72.3,32,66,45,66,73,36,71.7,45.7,1,24.4,1,44,70.7,40.8,1,44.5,1
2026-09-22T00:20:00-06:00,2026-09-22 00:20:00,55.9,55.9,44.7,0,0,4.5,227,0,0,0,0,0.37,55.93,29.94,66,0,0,72.5,32,65.8,45,65.8,73,36,71.7,45.9,1,24.39,1,43.9,71,41,1,44.5,1
2026-09-22T00:15:00-06:00,2026-09-22 00:15:00,56.5,56.5,44.9,0,0,4.5,226,0,0,0,0,0.37,55.93,29.95,65,0,0,72.5,33,66,45,66,73.2,37,72,45.9,1,24.4,1,44,71,41.7,1,45.4,1
2026-09-22T00:10:00-06:00,2026-09-22 00:10:00,57.4,57.4,45.7,0,0,4.5,240,0,0,0,0,0.37,55.93,29.95,65,0,0,72.7,33,66,45,66,73.2,37,72,46,1,24.4,1,44,71.2,41.9,1,45.4,1
2026-09-22T00:05:00-06:00,2026-09-22 00:05:00,57.6,57.6,45.5,0.2,1.1,2.2,277,0,0,0,0,0.37,55.93,29.95,64,0,0,72.9,33,66,45,66,73.2,37,72,46,1,24.4,1,44,71.4,42.1,1,45.4,1
2026-09-22T00:00:00-06:00,2026-09-22 00:00:00,57.4,57.4,45.7,0,0,0,233,0,0,0,0,0.37,55.93,29.95,65,0,0,72.9,33,66,45,66,73.4,37,72.2,46.2,1,24.4,1,44,71.4,42.1,1,45.5,1
2026-09-21T23:55:00-06:00,2026-09-21 23:55:00,57.2,57.2,45.5,0,0,14.8,230,0,0,0,0,0.37,55.93,29.95,65,0,0,73,33,66.2,45,66.2,73.4,37,72.2,46.2,1,24.4,1,44.2,71.6,42.2,1,45.5,1
2026-09-21T23:50:00-06:00,2026-09-21 23:50:00,57.9,57.9,45.4,0,0,14.8,226,0,0,0,0,0.37,55.93,29.95,63,0,0,73.2,33,66.2,45,66.2,73.6,37,72.4,46.4,1,24.4,1,44.2,71.8,42.4,1,45.7,1
2026-09-21T23:45:00-06:00,2026-09-21 23:45:00,58.5,58.5,45.9,0,0,14.8,228,0,0,0,0,0.37,55.93,29.95,63,0,0,73.4,33,66.2,45,66.2,73.6,37,72.4,46.6,1,24.4,1,44.2,72,42.5,1,45.7,1
2026-09-21T23:40:00-06:00,2026-09-21 23:40:00,58.6,58.6,45.6,0.5,1.1,14.8,267,0,0,0,0,0.37,55.93,29.95,62,0,0,73.6,33,66.2,45,66.2,73.8,37,72.6,46.8,1,24.4,1,44.2,72.2,42.7,1,45.9,1
2026-09-21T23:35:00-06:00,2026-09-21 23:35:00,58.5,58.5,45.5,1.8,2.2,14.8,250,0,0,0,0,0.37,55.93,29.95,62,0,0,73.6,33,66.2,45,66.2,73.8,38,72.7,46.9,1,24.4,1,44.2,72.2,42.7,1,46.6,1
2026-09-21T23:30:00-06:00,2026-09-21 23:30:00,58.6,58.6,46,0.2,1.1,14.8,258,0,0,0,0,0.37,55.93,29.95,63,0,0,73.8,33,66.4,46,66.4,73.8,38,72.7,46.9,1,24.4,1,45,72.4,42.9,1,46.6,1
2026-09-21T23:25:00-06:00,2026-09-21 23:25:00,59,59,46.4,0.2,1.1,14.8,228,0,0,0,0,0.37,55.93,29.96,63,0,0,73.8,33,66.4,46,66.4,73.9,38,72.8,47.1,1,24.41,1,45,72.4,42.9,1,46.7,1
2026-09-21T23:20:00-06:00,2026-09-21 23:20:00,59,59,46,0.5,1.1,14.8,252,0,0,0,0,0.37,55.93,29.96,62,0,0,73.9,33,66.4,46,66.4,73.9,38,72.8,47.3,1,24.41,1,45,72.5,43,1,46.7,1
2026-09-21T23:15:00-06:00,2026-09-21 23:15:00,59.2,59.2,46.2,0,0,14.8,230,0,0,0,0,0.37,55.93,29.95,62,0,0,74.1,33,66.4,46,66.4,74.1,38,73,47.5,1,24.4,1,45,72.8,43.1,1,46.9,1
2026-09-21T23:10:00-06:00,2026-09-21 23:10:00,59.7,59.7,45.8,0,0,14.8,237,0,0,0,0,0.37,55.93,29.96,60,0,0,74.3,33,66.4,46,66.4,74.1,38,73,47.7,1,24.41,1,45,73,43.3,1,46.9,1
2026-09-21T23:05:00-06:00,2026-09-21 23:05:00,59.9,59.9,44.6,1.3,2.2,14.8,162,0,0,0,0,0.37,55.93,29.96,57,0,0,74.5,33,66.4,46,66.4,74.1,39,73,47.8,1,24.41,1,45,73.2,43.5,1,47.5,1
2026-09-21T23:00:00-06:00,2026-09-21 23:00:00,60.3,60.3,44.5,0.2,1.1,14.8,227,0,0,0,0,0.37,55.93,29.96,56,0,0,74.5,33,66.4,46,66.4,74.3,39,73.3,48,1,24.41,1,45,73.2,43.5,1,47.7,1
2026-09-21T22:55:00-06:00,2026-09-21 22:55:00,61.7,61.7,44.9,0.2,1.1,14.8,241,0,0,0,0,0.37,55.93,29.95,54,0,0,74.7,34,66.6,46,66.6,74.3,39,73.3,48.4,1,24.4,1,45.2,73.5,44.5,1,47.7,1
2026-09-21T22:50:00-06:00,2026-09-21 22:50:00,61.2,61.2,44.4,0.9,2.2,14.8,250,0,0,0,0,0.37,55.93,29.96,54,0,0,74.7,34,66.6,46,66.6,74.5,39,73.5,48.9,1,24.41,1,45.2,73.5,44.5,1,47.9,1
2026-09-21T22:45:00-06:00,2026-09-21 22:45:00,60.8,60.8,44.5,1.8,3.4,14.8,255,0,0,0,0,0.37,55.93,29.96,55,0,0,74.8,34,66.6,47,66.6,74.5,40,73.5,50.2,1,24.41,1,45.7,73.6,44.5,1,48.6,1
2026-09-21T22:40:00-06:00,2026-09-21 22:40:00,61,61,44.7,2.2,3.4,14.8,297,0,0,0,0,0.37,55.93,29.96,55,0,0,74.8,34,66.6,47,66.6,74.7,39,73.7,54.1,1,24.41,1,45.7,73.6,44.5,1,48.1,1
2026-09-21T22:35:00-06:00,2026-09-21 22:35:00,61.3,61.3,45,1.3,2.2,14.8,237,0,0,0,0,0.37,55.93,29.95,55,0,0,75,35,66.6,47,66.6,74.7,39,73.7,59.4,1,24.4,1,45.7,73.8,45.5,1,48.1,1
2026-09-21T22:30:00-06:00,2026-09-21 22:30:00,61.9,61.9,45.1,1.1,2.2,14.8,274,0,0,0,0,0.37,55.93,29.96,54,0,0,75,35,66.6,47,66.6,74.7,39,73.7,56.5,1,24.41,1,45.7,73.8,45.5,1,48.1,1
2026-09-21T22:25:00-06:00,2026-09-21 22:25:00,62.2,62.2,45.3,0,0,14.8,231,0,0,0,0,0.37,55.93,29.95,54,0,0,75,34,66.6,47,66.6,74.7,39,73.7,52.5,1,24.4,1,45.7,73.8,44.7,1,48.1,1
2026-09-21T22:20:00-06:00,2026-09-21 22:20:00,62.1,62.1,45.3,0,0,14.8,267,0,0,0,0,0.37,55.93,29.96,54,0,0,75.2,34,66.6,47,66.6,74.8,39,73.8,55,1,24.41,1,45.7,74,44.9,1,48.2,1
2026-09-21T22:15:00-06:00,2026-09-21 22:15:00,62.6,62.6,45.2,0,0,14.8,230,0,0,0,0,0.37,55.93,29.96,53,0,0,75.2,35,66.6,47,66.6,74.8,39,73.8,60.6,1,24.41,1,45.7,74.1,45.7,1,48.2,1
2026-09-21T22:10:00-06:00,2026-09-21 22:10:00,62.8,62.8,44.9,1.8,3.4,14.8,278,0,0,0,0,0.37,55.93,29.95,52,0,0,75.2,35,66.6,47,66.6,74.8,39,73.8,58.3,1,24.4,1,45.7,74.1,45.7,1,48.2,1
2026-09-21T22:05:00-06:00,2026-09-21 22:05:00,62.4,62.4,45,0.2,1.1,14.8,238,0,0,0,0,0.37,55.93,29.96,53,0,0,75.2,34,66.6,47,66.6,74.8,39,73.8,54.1,1,24.41,1,45.7,74,44.9,1,48.2,1
2026-09-21T22:00:00-06:00,2026-09-21 22:00:00,63,63,45.6,0,0,14.8,231,0,0,0,0,0.37,55.93,29.96,53,0,0,75.4,34,66.6,47,66.6,74.8,39,73.8,51.3,1,24.41,1,45.7,74.2,45.1,1,48.2,1
2026-09-21T21:55:00-06:00,2026-09-21 21:55:00,62.6,62.6,45.2,0.7,1.1,14.8,239,0,0,0,0,0.37,55.93,29.96,53,0,0,75.6,35,66.6,47,66.6,75,39,74,55,1,24.41,1,45.7,74.5,46,1,48.3,1
2026-09-21T21:50:00-06:00,2026-09-21 21:50:00,62.6,62.6,45.7,0.2,1.1,14.8,253,0,0,0,0,0.37,55.93,29.96,54,0,0,75.6,35,66.6,47,66.6,75,39,74,58.5,1,24.41,1,45.7,74.5,46,1,48.3,1
2026-09-21T21:45:00-06:00,2026-09-21 21:45:00,63.1,63.1,45.7,0,0,14.8,230,0,0,0,0,0.37,55.93,29.96,53,0,0,75.6,35,66.6,47,66.6,75,39,74,55.2,1,24.41,1,45.7,74.5,46,1,48.3,1
2026-09-21T21:40:00-06:00,2026-09-21 21:40:00,63.1,63.1,45.2,0,0,14.8,264,0,0,0,0,0.37,55.93,29.95,52,0,0,75.6,34,66.6,47,66.6,75.2,39,74.3,51.4,1,24.4,1,45.7,74.5,45.2,1,48.5,1
2026-09-21T21:35:00-06:00,2026-09-21 21:35:00,63.3,63.3,45.9,2.5,3.4,14.8,252,0,0,0,0,0.37,55.93,29.96,53,0,0,75.7,35,66.6,47,66.6,75.2,39,74.3,55.2,1,24.41,1,45.7,74.6,46.1,1,48.5,1
2026-09-21T21:30:00-06:00,2026-09-21 21:30:00,63.3,63.3,45.9,1.3,3.4,14.8,244,0,0,0,0,0.37,55.93,29.96,53,0,0,75.9,35,66.6,47,66.6,75.2,39,74.3,59.9,1,24.41,1,45.7,74.8,46.3,1,48.5,1
2026-09-21T21:25:00-06:00,2026-09-21 21:25:00,63.3,63.3,45.9,2.2,3.4,14.8,251,0,0,0,0,0.37,55.93,29.96,53,0,0,75.9,35,66.6,47,66.6,75.2,39,74.3,56.1,1,24.41,1,45.7,74.8,46.3,1,48.5,1
2026-09-21T21:20:00-06:00,2026-09-21 21:20:00,63.7,63.7,45.7,0,0,14.8,231,0,0,0,0,0.37,55.93,29.96,52,0,0,75.9,34,66.7,47,66.7,75.4,40,74.5,51.8,1,24.41,1,45.8,74.8,45.5,1,49.4,1
2026-09-21T21:15:00-06:00,2026-09-21 21:15:00,62.6,62.6,45.7,0.7,1.1,14.8,240,0,0,0,0,0.37,55.93,29.96,54,0,0,76.1,35,66.7,47,66.7,75.4,40,74.5,54.5,1,24.41,1,45.8,75.1,46.4,1,49.4,1
2026-09-21T21:10:00-06:00,2026-09-21 21:10:00,62.6,62.6,46.2,3.1,3.4,14.8,279,0,0,0,0,0.37,55.93,29.96,55,0,0,76.5,36,66.7,47,66.7,75.4,40,74.5,62.8,1,24.41,1,45.8,75.5,47.5,1,49.4,1
2026-09-21T21:05:00-06:00,2026-09-21 21:05:00,62.6,62.6,46.2,1.3,2.2,14.8,261,0,0,0,0,0.37,55.93,29.95,55,0,0,76.5,36,66.7,47,66.7,75.4,40,74.5,65.7,1,24.4,1,45.8,75.5,47.5,1,49.4,1
2026-09-21T21:00:00-06:00,2026-09-21 21:00:00,63.1,63.1,46.2,0.7,1.1,14.8,249,0,0,0,0,0.37,55.93,29.95,54,0,0,76.5,36,66.7,47,66.7,75.6,40,74.7,65.3,1,24.4,1,45.8,75.5,47.5,1,49.6,1
2026-09-21T20:55:00-06:00,2026-09-21 20:55:00,62.2,62.2,45.8,0.9,1.1,14.8,258,0,0,0,0,0.37,55.93,29.95,55,0,0,76.5,36,66.7,47,66.7,75.6,40,74.7,64.6,1,24.4,1,45.8,75.5,47.5,1,49.6,1
2026-09-21T20:50:00-06:00,2026-09-21 20:50:00,61.9,61.9,46,1.1,1.1,14.8,243,0,0,0,0,0.37,55.93,29.95,56,0,0,76.5,36,66.7,47,66.7,75.6,40,74.7,63.7,1,24.4,1,45.8,75.5,47.5,1,49.6,1
2026-09-21T20:45:00-06:00,2026-09-21 20:45:00,61.7,61.7,45.8,1.1,2.2,14.8,235,0,0,0,0,0.37,55.93,29.95,56,0,0,76.5,36,66.7,47,66.7,75.6,40,74.7,62.4,1,24.4,1,45.8,75.5,47.5,1,49.6,1
2026-09-21T20:40:00-06:00,2026-09-21 20:40:00,61.3,61.3,45.9,0.9,1.1,14.8,255,0,0,0,0,0.37,55.93,29.95,57,0,0,76.5,36,66.7,47,66.7,75.7,40,74.8,60.3,1,24.4,1,45.8,75.5,47.5,1,49.6,1
2026-09-21T20:35:00-06:00,2026-09-21 20:35:00,61.5,61.5,46.1,0.7,1.1,14.8,212,0,0,0,0,0.37,55.93,29.95,57,0,0,76.3,35,66.7,47,66.7,75.7,40,74.8,57.6,1,24.4,1,45.8,75.3,46.6,1,49.6,1
2026-09-21T20:30:00-06:00,2026-09-21 20:30:00,61.5,61.5,46.6,0,0,14.8,251,0,0,0,0,0.37,55.93,29.95,58,0,0,76.5,34,66.7,47,66.7,75.9,40,75.1,54,1,24.4,1,45.8,75.4,46,1,49.8,1
2026-09-21T20:25:00-06:00,2026-09-21 20:25:00,61.3,61.3,46.4,0.9,1.1,14.8,253,0,0,0,0,0.37,55.93,29.95,58,0,0,76.6,35,66.7,47,66.7,75.9,40,75.1,58.8,1,24.39,1,45.8,75.6,46.9,1,49.8,1
2026-09-21T20:20:00-06:00,2026-09-21 20:20:00,61.5,61.5,46.6,0.9,1.1,14.8,237,0,0,0,0,0.37,55.93,29.95,58,0,0,76.6,35,66.7,47,66.7,75.9,40,75.1,62.6,1,24.39,1,45.8,75.6,46.9,1,49.8,1
2026-09-21T20:15:00-06:00,2026-09-21 20:15:00,61.5,61.5,46.6,0.9,1.1,14.8,242,0,0,0,0,0.37,55.93,29.95,58,0,0,76.6,35,66.7,47,66.7,75.9,40,75.1,61.2,1,24.4,1,45.8,75.6,46.9,1,49.8,1
2026-09-21T20:10:00-06:00,2026-09-21 20:10:00,61.9,61.9,46.5,0.7,1.1,14.8,250,0,0,0,0,0.37,55.93,29.94,57,0,0,76.5,35,66.7,47,66.7,75.9,40,75.1,58.3,1,24.39,1,45.8,75.5,46.8,1,49.8,1
2026-09-21T20:05:00-06:00,2026-09-21 20:05:00,62.4,62.4,47,1.3,2.2,14.8,251,0,0,0,0,0.37,55.93,29.94,57,0,0,76.5,35,66.7,46,66.7,76.1,41,75.3,55.2,1,24.39,1,45.3,75.5,46.8,1,50.7,1
2026-09-21T20:00:00-06:00,2026-09-21 20:00:00,62.8,62.8,46.9,0.2,1.1,14.8,243,0,0,0,0,0.37,55.93,29.94,56,0,0,76.8,34,66.7,46,66.7,76.1,41,75.3,54.3,1,24.39,1,45.3,75.8,46.3,1,50.7,1
2026-09-21T19:55:00-06:00,2026-09-21 19:55:00,63.5,63.5,47.5,0,0,14.8,243,0,0,0,0,0.37,55.93,29.94,56,0,0,76.8,35,66.7,46,66.7,76.1,40,75.3,61,1,24.39,1,45.3,75.8,47.1,1,50,1
2026-09-21T19:50:00-06:00,2026-09-21 19:50:00,64.2,64.2,47.2,0.2,1.1,14.8,229,0,0,0,0,0.37,55.93,29.94,54,0,0,76.8,35,66.7,46,66.7,76.1,39,75.2,59.7,1,24.39,1,45.3,75.8,47.1,1,49.3,1
2026-09-21T19:45:00-06:00,2026-09-21 19:45:00,64.6,64.6,47.6,0.7,1.1,14.8,248,0,0,0,0,0.37,55.93,29.93,54,0,0,76.8,35,66.9,46,66.9,76.1,40,75.3,56.3,1,24.38,1,45.4,75.8,47.1,1,50,1
2026-09-21T19:40:00-06:00,2026-09-21 19:40:00,64.9,64.9,47.9,0.5,1.1,14.8,245,0,0,0,0,0.37,55.93,29.94,54,0,0,76.8,34,66.7,46,66.7,76.3,40,75.5,51.6,1,24.39,1,45.3,75.8,46.3,1,50.2,1
2026-09-21T19:35:00-06:00,2026-09-21 19:35:00,65.3,65.3,47.7,0.5,1.1,14.8,229,0,0,0,0,0.37,55.93,29.94,53,0,0,77,34,66.9,46,66.9,76.3,40,75.5,53.6,1,24.39,1,45.4,76,46.5,1,50.2,1
2026-09-21T19:30:00-06:00,2026-09-21 19:30:00,65.7,65.7,48.1,0.5,1.1,14.8,245,0,0,0,0,0.37,55.93,29.94,53,0,0,77.2,35,66.9,46,66.9,76.3,40,75.5,59.7,1,24.39,1,45.4,76.3,47.4,1,50.2,1
2026-09-21T19:25:00-06:00,2026-09-21 19:25:00,65.8,65.8,48.2,0.2,1.1,14.8,235,0,0,0,0,0.37,55.93,29.93,53,0,0,77.2,35,66.9,46,66.9,76.3,40,75.5,57,1,24.38,1,45.4,76.3,47.4,1,50.2,1
2026-09-21T19:20:00-06:00,2026-09-21 19:20:00,66.2,66.2,48,1.6,2.2,14.8,259,0,0,0,0,0.37,55.93,29.93,52,0,0,77,34,66.9,46,66.9,76.3,40,75.5,53.4,1,24.38,1,45.4,76,46.5,1,50.2,1
2026-09-21T19:15:00-06:00,2026-09-21 19:15:00,66.7,66.7,48.5,0,0,14.8,228,0,0,0,0,0.37,55.93,29.93,52,0,0.1,77.4,34,66.9,46,66.9,76.3,40,75.5,52,1,24.38,1,45.4,76.4,46.8,1,50.2,1
2026-09-21T19:10:00-06:00,2026-09-21 19:10:00,66.9,66.9,48.2,0.7,1.1,14.8,261,0,0,0,0,0.37,55.93,29.93,51,0,0.4,77.5,34,66.9,46,66.9,75.9,39,75,55.6,1,24.37,1,45.4,76.5,46.9,1,49.1,1
2026-09-21T19:05:00-06:00,2026-09-21 19:05:00,66.9,66.9,48.2,0.2,1.1,14.8,232,0,0,0,0,0.37,55.93,29.93,51,0,0.9,77.5,33,66.9,46,66.9,75.7,38,74.8,57.6,1,24.37,1,45.4,76.5,46.1,1,48.3,1
2026-09-21T19:00:00-06:00,2026-09-21 19:00:00,67.1,67.1,48.4,1.8,2.2,14.8,238,0,0,0,0,0.37,55.93,29.93,51,0,1.6,77.5,32,66.9,46,66.9,75.6,38,74.6,52.7,1,24.38,1,45.4,76.5,45.3,1,48.2,1
2026-09-21T18:55:00-06:00,2026-09-21 18:55:00,67.1,67.1,47.8,2.5,3.4,14.8,287,0,0,0,0,0.37,55.93,29.93,50,0,2.4,77.7,32,66.9,47,66.9,75.6,38,74.6,50.9,1,24.38,1,46,76.7,45.5,1,48.2,1
2026-09-21T18:50:00-06:00,2026-09-21 18:50:00,66.7,66.7,47.5,0.2,1.1,14.8,267,0,0,0,0,0.37,55.93,29.93,50,0,3.5,77.9,33,66.9,47,66.9,75.4,38,74.4,53.4,1,24.37,1,46,76.9,46.5,1,48,1
2026-09-21T18:45:00-06:00,2026-09-21 18:45:00,66.4,66.4,47.2,0.7,1.1,14.8,239,0,0,0,0,0.37,55.93,29.93,50,0,4.7,78.1,33,66.9,47,66.9,75.6,38,74.6,58.3,1,24.38,1,46,77.2,46.6,1,48.2,1
2026-09-21T18:40:00-06:00,2026-09-21 18:40:00,66.7,66.7,46.4,0.9,1.1,14.8,255,0,0,0,0,0.37,55.93,29.92,48,0,6.3,78.1,33,66.9,47,66.9,75.6,38,74.6,54.7,1,24.36,1,46,77.2,46.6,1,48.2,1
2026-09-21T18:35:00-06:00,2026-09-21 18:35:00,66.7,66.7,46.4,0,0,14.8,228,0,0,0,0,0.37,55.93,29.92,48,0,8.9,78.3,32,66.9,47,66.9,75.6,38,74.6,50.5,1,24.37,1,46,77.3,46,1,48.2,1
2026-09-21T18:30:00-06:00,2026-09-21 18:30:00,66.7,66.7,46.4,0,0,14.8,231,0,0,0,0,0.37,55.93,29.92,48,0,15,78.4,33,66.9,47,66.9,75.6,38,74.6,52.2,1,24.37,1,46,77.5,46.9,1,48.2,1
2026-09-21T18:25:00-06:00,2026-09-21 18:25:00,67.1,67.1,46.7,0.5,1.1,14.8,238,0,0,0,0,0.37,55.93,29.92,48,0,16.9,78.6,34,66.9,47,66.9,75.6,38,74.6,55.8,1,24.37,1,46,77.8,47.9,1,48.2,1
2026-09-21T18:20:00-06:00,2026-09-21 18:20:00,66.9,66.9,46.6,0,0,14.8,250,0,0,0,0,0.37,55.93,29.92,48,0,18.6,78.8,34,66.9,47,66.9,75.7,38,74.8,56.8,1,24.37,1,46,78,48,1,48.3,1
2026-09-21T18:15:00-06:00,2026-09-21 18:15:00,67.5,67.5,47.1,0,0,14.8,232,0,0,0,0,0.37,55.93,29.93,48,0,21.7,78.8,33,66.9,47,66.9,75.7,38,74.8,51.8,1,24.38,1,46,77.9,47.2,1,48.3,1
2026-09-21T18:10:00-06:00,2026-09-21 18:10:00,68,68,46.4,1.1,1.1,14.8,231,0,0,0,0,0.37,55.93,29.91,46,0,24.7,79.2,33,66.9,47,66.9,75.7,38,74.8,51.3,1,24.36,1,46,78.4,47.6,1,48.3,1
2026-09-21T18:05:00-06:00,2026-09-21 18:05:00,68.5,67.2,46.9,0,0,14.8,225,0,0,0,0,0.37,55.93,29.92,46,0,25.8,79.3,34,66.9,47,66.9,75.7,38,74.8,53.4,1,24.37,1,46,78.5,48.5,1,48.3,1
2026-09-21T18:00:00-06:00,2026-09-21 18:00:00,69.1,67.9,47.4,0,0,14.8,226,0,0,0,0,0.37,55.93,29.93,46,0,30.6,79.7,34,66.9,47,66.9,75.9,38,75,57.2,1,24.37,1,46,79,48.8,1,48.5,1
2026-09-21T17:55:00-06:00,2026-09-21 17:55:00,70,68.8,47.7,0,0,14.8,231,0,0,0,0,0.37,55.93,29.92,45,0,43.9,79.7,34,66.9,47,66.9,75.9,38,75,58.3,1,24.37,1,46,79,48.8,1,48.5,1
2026-09-21T17:50:00-06:00,2026-09-21 17:50:00,70.3,69.1,47.3,0,0,14.8,225,0,0,0,0,0.37,55.93,29.92,44,0,44.9,79.9,33,66.9,47,66.9,75.9,38,75,52.2,1,24.36,1,46,79.1,48.2,1,48.5,1
2026-09-21T17:45:00-06:00,2026-09-21 17:45:00,70.7,69.5,47.7,0,0,14.8,222,0,0,0,0,0.37,55.93,29.92,44,0,37,80.2,33,66.9,47,66.9,76.1,38,75.2,54,1,24.36,1,46,79.5,48.5,1,48.6,1
2026-09-21T17:40:00-06:00,2026-09-21 17:40:00,71.4,70.3,47.7,0,0,14.8,209,0,0,0,0,0.37,55.93,29.92,43,0,37.9,80.4,33,66.9,47,66.9,76.1,38,75.2,58.1,1,24.37,1,46,79.6,48.6,1,48.6,1
2026-09-21T17:35:00-06:00,2026-09-21 17:35:00,72.5,71.4,48.1,0.9,1.1,14.8,180,0,0,0,0,0.37,55.93,29.92,42,0,41.6,80.4,33,66.9,47,66.9,76.1,37,75.1,68.4,1,24.36,1,46,79.6,48.6,1,47.9,1
2026-09-21T17:30:00-06:00,2026-09-21 17:30:00,73.4,72.3,47.6,0.5,1.1,14.8,207,0,0,0,0,0.37,55.93,29.93,40,0,58,80.6,33,66.9,47,66.9,76.1,37,75.1,67.8,1,24.37,1,46,79.8,48.8,1,47.9,1
2026-09-21T17:25:00-06:00,2026-09-21 17:25:00,72.1,71,47.7,0,0,14.8,223,0,0,0,0,0.37,55.93,29.92,42,0,94.8,80.4,33,66.9,47,66.9,76.1,37,75.1,66.9,1,24.36,1,46,79.6,48.6,1,47.9,1
2026-09-21T17:20:00-06:00,2026-09-21 17:20:00,71.2,70,47.5,0.2,1.1,14.8,190,0,0,0,0,0.37,55.93,29.92,43,0,87.2,80.2,33,66.9,47,66.9,76.1,37,75.1,65.3,1,24.37,1,46,79.5,48.5,1,47.9,1
2026-09-21T17:15:00-06:00,2026-09-21 17:15:00,73.2,72.2,48.7,0,0,14.8,213,0,0,0,0,0.37,55.93,29.92,42,0,63.6,80.2,33,66.9,47,66.9,76.3,37,75.4,63.5,1,24.36,1,46,79.5,48.5,1,48.1,1
2026-09-21T17:10:00-06:00,2026-09-21 17:10:00,71.6,70.4,47.3,0,0,14.8,233,0,0,0,0,0.37,55.93,29.92,42,0,72.3,80.1,33,66.9,47,66.9,76.3,37,75.4,61,1,24.36,1,46,79.5,48.4,1,48.1,1
2026-09-21T17:05:00-06:00,2026-09-21 17:05:00,71.6,70.5,48.5,0,0,14.8,197,0,0,0,0,0.37,55.93,29.92,44,0,47.5,80.2,33,66.9,47,66.9,76.3,37,75.4,60.8,1,24.37,1,46,79.5,48.5,1,48.1,1
2026-09-21T17:00:00-06:00,2026-09-21 17:00:00,73.2,72.1,48.1,0.9,1.1,14.8,178,0,0,0,0,0.37,55.93,29.92,41,0,68.5,80.4,33,66.9,47,66.9,76.3,37,75.4,70.2,1,24.36,1,46,79.6,48.6,1,48.1,1
2026-09-21T16:55:00-06:00,2026-09-21 16:55:00,73,71.9,47.9,1.1,1.1,14.8,185,0,0,0,0,0.37,55.93,29.92,41,1,149.6,80.4,33,66.9,47,66.9,76.3,37,75.4,70.2,1,24.37,1,46,79.6,48.6,1,48.1,1
2026-09-21T16:50:00-06:00,2026-09-21 16:50:00,71.8,70.7,47.5,0.2,1.1,14.8,118,0,0,0,0,0.37,55.93,29.91,42,1,170.4,80.2,33,66.9,47,66.9,76.1,37,75.1,70,1,24.36,1,46,79.5,48.5,1,47.9,1
2026-09-21T16:45:00-06:00,2026-09-21 16:45:00,70.7,69.5,47.1,2.9,3.4,14.8,75,0,0,0,0,0.37,55.93,29.92,43,1,182.9,79.9,33,66.9,47,66.9,75.9,37,74.9,70,1,24.36,1,46,79.1,48.2,1,47.7,1
2026-09-21T16:40:00-06:00,2026-09-21 16:40:00,71.6,70.5,48.5,0.5,1.1,14.8,190,0,0,0,0,0.37,55.93,29.92,44,0,80.1,80.1,33,66.9,47,66.9,75.9,37,74.9,70,1,24.36,1,46,79.5,48.4,1,47.7,1
2026-09-21T16:35:00-06:00,2026-09-21 16:35:00,72,70.9,48.3,0,0,14.8,229,0,0,0,0,0.37,55.93,29.91,43,0,87.5,80.1,33,66.9,47,66.9,75.9,37,74.9,70,1,24.36,1,46,79.5,48.4,1,47.7,1
2026-09-21T16:30:00-06:00,2026-09-21 16:30:00,72.3,71.3,48.5,0,0,14.8,184,0,0,0,0,0.37,55.93,29.92,43,0,102.3,80.1,33,66.7,47,66.7,75.9,37,74.9,70,1,24.36,1,45.8,79.5,48.4,1,47.7,1
2026-09-21T16:25:00-06:00,2026-09-21 16:25:00,72.9,71.8,47.8,0,0,14.8,180,0,0,0,0,0.37,55.93,29.92,41,1,123.7,80.1,33,66.7,47,66.7,75.9,37,74.9,70,1,24.36,1,45.8,79.5,48.4,1,47.7,1
2026-09-21T16:20:00-06:00,2026-09-21 16:20:00,72.3,71.2,47.9,0.5,1.1,14.8,226,0,0,0,0,0.37,55.93,29.92,42,2,206.3,80.1,33,66.7,47,66.7,75.7,37,74.7,70,1,24.36,1,45.8,79.5,48.4,1,47.6,1
2026-09-21T16:15:00-06:00,2026-09-21 16:15:00,72.7,71.6,48.3,0.2,1.1,14.8,238,0,0,0,0,0.37,55.93,29.92,42,2,300.6,79.9,33,66.7,47,66.7,75.7,37,74.7,69.8,1,24.37,1,45.8,79.1,48.2,1,47.6,1
2026-09-21T16:10:00-06:00,2026-09-21 16:10:00,72.3,71.3,49.2,0,0,14.8,206,0,0,0,0,0.37,55.93,29.92,44,1,114.6,79.7,33,66.7,47,66.7,75.6,37,74.6,69.8,1,24.36,1,45.8,78.9,48,1,47.5,1
2026-09-21T16:05:00-06:00,2026-09-21 16:05:00,72.1,71,47.7,1.8,2.2,14.8,190,0,0,0,0,0.37,55.93,29.92,42,1,129.7,79.9,33,66.7,47,66.7,75.6,38,74.6,69.8,1,24.37,1,45.8,79.1,48.2,1,48.2,1
2026-09-21T16:00:00-06:00,2026-09-21 16:00:00,71.1,69.9,47.5,6,6.9,14.8,68,0,0,0,0,0.37,55.93,29.92,43,3,352.4,79.5,33,66.7,47,66.7,75.4,38,74.4,69.8,1,24.36,1,45.8,78.7,47.9,1,48,1
2026-09-21T15:55:00-06:00,2026-09-21 15:55:00,70.9,69.8,48.5,0.9,1.1,14.8,194,0,0,0,0,0.37,55.93,29.92,45,3,398.7,79.2,33,66.7,47,66.7,75.2,38,74.2,69.8,1,24.36,1,45.8,78.4,47.6,1,47.8,1
2026-09-21T15:50:00-06:00,2026-09-21 15:50:00,70.2,69.1,48.4,0.9,1.1,14.8,203,0,0,0,0,0.37,55.93,29.92,46,1,185.7,79.2,34,66.7,47,66.7,75.4,38,74.4,69.8,1,24.37,1,45.8,78.4,48.4,1,48,1
2026-09-21T15:45:00-06:00,2026-09-21 15:45:00,70.7,69.6,48.3,0.7,1.1,14.8,195,0,0,0,0,0.37,55.93,29.92,45,1,110.5,79.3,33,66.7,47,66.7,75.2,38,74.2,69.8,1,24.36,1,45.8,78.5,47.7,1,47.8,1
2026-09-21T15:40:00-06:00,2026-09-21 15:40:00,70.9,69.8,48.5,0.5,1.1,14.8,204,0,0,0,0,0.37,55.93,29.92,45,1,157.6,79.2,34,66.7,47,66.7,75.2,38,74.2,69.6,1,24.37,1,45.8,78.4,48.4,1,47.8,1
2026-09-21T15:35:00-06:00,2026-09-21 15:35:00,69.8,68.7,48.6,0,0,14.8,219,0,0,0,0,0.37,55.93,29.92,47,1,121.3,79.2,34,66.7,47,66.7,75.2,38,74.2,69.6,1,24.37,1,45.8,78.4,48.4,1,47.8,1
2026-09-21T15:30:00-06:00,2026-09-21 15:30:00,70.2,69.1,49,4,5.8,14.8,80,0,0,0,0,0.37,55.93,29.92,47,1,118.2,79.2,33,66.7,47,66.7,75.2,38,74.2,69.6,1,24.37,1,45.8,78.4,47.6,1,47.8,1
2026-09-21T15:25:00-06:00,2026-09-21 15:25:00,70.2,69.1,48.4,0.9,2.2,14.8,223,0,0,0,0,0.37,55.93,29.92,46,1,125.1,79.2,33,66.7,47,66.7,75.2,37,74.2,69.6,1,24.36,1,45.8,78.4,47.6,1,47.1,1
2026-09-21T15:20:00-06:00,2026-09-21 15:20:00,70.9,69.9,49.1,4,5.8,14.8,64,0,0,0,0,0.37,55.93,29.92,46,3,310,79,33,66.7,47,66.7,75.2,38,74.2,69.6,1,24.37,1,45.8,78.2,47.4,1,47.8,1
2026-09-21T15:15:00-06:00,2026-09-21 15:15:00,69.8,68.7,48.6,2.2,3.4,14.8,85,0,0,0,0,0.37,55.93,29.93,47,2,261.1,78.8,33,66.7,47,66.7,75.2,37,74.2,69.6,1,24.38,1,45.8,77.9,47.2,1,47.1,1
2026-09-21T15:10:00-06:00,2026-09-21 15:10:00,69.3,68.1,48.2,3.4,4.5,14.8,167,0,0,0,0,0.37,55.93,29.93,47,1,137.8,78.6,33,66.7,47,66.7,75,37,73.9,69.6,1,24.37,1,45.8,77.7,47.1,1,46.9,1
2026-09-21T15:05:00-06:00,2026-09-21 15:05:00,69.4,68.3,48.8,2,2.2,14.8,71,0,0,0,0,0.37,55.93,29.93,48,1,103.8,78.6,33,66.7,47,66.7,75,37,73.9,69.4,1,24.37,1,45.8,77.7,47.1,1,46.9,1
2026-09-21T15:00:00-06:00,2026-09-21 15:00:00,69.8,68.7,48.6,3.6,4.5,14.8,81,0,0,0,0,0.37,55.93,29.93,47,1,121.8,78.8,33,66.7,47,66.7,75,37,73.9,69.4,1,24.38,1,45.8,77.9,47.2,1,46.9,1
2026-09-21T14:55:00-06:00,2026-09-21 14:55:00,69.4,68.2,48.3,9.4,11.4,14.8,69,0,0,0,0,0.37,55.93,29.93,47,1,152.8,78.6,33,66.7,47,66.7,75,37,73.9,69.4,1,24.38,1,45.8,77.7,47.1,1,46.9,1
2026-09-21T14:50:00-06:00,2026-09-21 14:50:00,68.9,67.8,48.9,1.3,2.2,14.8,80,0,0,0,0,0.37,55.93,29.93,49,1,112.8,78.6,33,66.6,47,66.6,75,37,73.9,69.4,1,24.38,1,45.7,77.7,47.1,1,46.9,1
2026-09-21T14:45:00-06:00,2026-09-21 14:45:00,70.2,69.2,49.6,6.7,8.1,14.8,64,0,0,0,0,0.37,55.93,29.93,48,1,103.3,78.8,33,66.7,47,66.7,75,37,73.9,69.4,1,24.38,1,45.8,77.9,47.2,1,46.9,1
2026-09-21T14:40:00-06:00,2026-09-21 14:40:00,71.1,70.1,49.8,1.3,2.2,14.8,207,0,0,0,0,0.37,55.93,29.93,47,5,518.3,78.8,33,66.6,47,66.6,74.8,37,73.7,69.4,1,24.38,1,45.7,77.9,47.2,1,46.8,1
2026-09-21T14:35:00-06:00,2026-09-21 14:35:00,70.3,69.2,49.1,3.1,4.5,14.8,84,0,0,0,0,0.37,55.93,29.94,47,5,548.3,78.6,33,66.7,47,66.7,74.8,38,73.8,69.4,1,24.39,1,45.8,77.7,47.1,1,47.5,1
2026-09-21T14:30:00-06:00,2026-09-21 14:30:00,70.9,69.9,49.7,2.5,3.4,14.8,141,0,0,0,0,0.37,55.93,29.94,47,5,531.5,78.4,33,66.7,47,66.7,74.7,38,73.7,69.4,1,24.39,1,45.8,77.5,46.9,1,47.4,1
2026-09-21T14:25:00-06:00,2026-09-21 14:25:00,71.1,70.1,49.3,4,6.9,14.8,192,0,0,0,0,0.37,55.93,29.94,46,5,529.1,78.3,33,66.6,47,66.6,74.7,38,73.7,69.3,1,24.39,1,45.7,77.4,46.8,1,47.4,1
2026-09-21T14:20:00-06:00,2026-09-21 14:20:00,70,68.9,48.8,4.5,5.8,14.8,58,0,0,0,0,0.37,55.93,29.94,47,5,553.6,78.1,33,66.6,47,66.6,74.5,38,73.4,69.3,1,24.39,1,45.7,77.2,46.6,1,47.2,1
2026-09-21T14:15:00-06:00,2026-09-21 14:15:00,73.6,72.7,50.3,0.5,1.1,14.8,181,0,0,0,0,0.37,55.93,29.94,44,5,545.1,77.9,33,66.6,47,66.6,74.3,38,73.2,69.3,1,24.39,1,45.7,76.9,46.5,1,47,1
2026-09-21T14:10:00-06:00,2026-09-21 14:10:00,71.8,70.7,48.7,0,0,14.8,228,0,0,0,0,0.37,55.93,29.94,44,5,560,77.7,34,66.6,47,66.6,74.1,38,73,69.3,1,24.39,1,45.7,76.8,47.1,1,46.9,1
2026-09-21T14:05:00-06:00,2026-09-21 14:05:00,70,69,49.4,2.7,4.5,14.8,80,0,0,0,0,0.37,55.93,29.95,48,5,568.7,77.5,34,66.6,47,66.6,74.1,38,73,69.3,1,24.39,1,45.7,76.5,46.9,1,46.9,1
2026-09-21T14:00:00-06:00,2026-09-21 14:00:00,71.2,70.1,48.8,3.6,4.5,14.8,115,0,0,0,0,0.37,55.93,29.95,45,4,491.4,77.4,34,66.6,47,66.6,73.9,38,72.8,69.3,1,24.39,1,45.7,76.4,46.8,1,46.7,1
2026-09-21T13:55:00-06:00,2026-09-21 13:55:00,69.4,68.2,47.7,0.2,1.1,14.8,239,0,0,0,0,0.37,55.93,29.95,46,5,564,77.2,34,66.6,47,66.6,73.8,38,72.7,69.3,1,24.4,1,45.7,76.2,46.6,1,46.6,1
2026-09-21T13:50:00-06:00,2026-09-21 13:50:00,69.8,68.6,48.1,2,2.2,14.8,189,0,0,0,0,0.37,55.93,29.95,46,4,507.8,77,34,66.6,47,66.6,73.8,38,72.7,69.3,1,24.4,1,45.7,76,46.5,1,46.6,1
2026-09-21T13:45:00-06:00,2026-09-21 13:45:00,68.5,67.3,48,5.8,6.9,14.8,99,0,0,0,0,0.37,55.93,29.95,48,5,577.8,76.8,34,66.6,47,66.6,73.8,38,72.7,69.1,1,24.4,1,45.7,75.8,46.3,1,46.6,1
2026-09-21T13:40:00-06:00,2026-09-21 13:40:00,67.8,67.8,47.9,3.8,4.5,14.8,102,0,0,0,0,0.37,55.93,29.95,49,5,587.9,76.6,34,66.6,47,66.6,73.6,38,72.4,69.1,1,24.4,1,45.7,75.6,46.1,1,46.4,1
2026-09-21T13:35:00-06:00,2026-09-21 13:35:00,68.4,67.2,48.5,2.9,4.5,14.8,134,0,0,0,0,0.37,55.93,29.95,49,1,146.3,76.5,34,66.6,47,66.6,73.6,38,72.4,69.1,1,24.4,1,45.7,75.4,46,1,46.4,1
2026-09-21T13:30:00-06:00,2026-09-21 13:30:00,68.4,67.2,48.5,2.2,4.5,14.8,76,0,0,0,0,0.37,55.93,29.96,49,1,138.8,76.6,34,66.6,47,66.6,73.6,38,72.4,69.1,1,24.41,1,45.7,75.6,46.1,1,46.4,1
2026-09-21T13:25:00-06:00,2026-09-21 13:25:00,70.3,69.2,49.1,6.5,8.1,14.8,66,0,0,0,0,0.37,55.93,29.96,47,1,110.9,76.5,34,66.6,47,66.6,73.6,38,72.4,69.1,1,24.41,1,45.7,75.4,46,1,46.4,1
2026-09-21T13:20:00-06:00,2026-09-21 13:20:00,69.8,68.7,48.6,4.5,4.5,14.8,110,0,0,0,0,0.37,55.93,29.96,47,3,354.7,76.3,34,66.6,47,66.6,73.4,38,72.2,69.1,1,24.41,1,45.7,75.2,45.9,1,46.2,1
2026-09-21T13:15:00-06:00,2026-09-21 13:15:00,67.6,67.6,47.2,0.2,1.1,14.8,136,0,0,0,0,0.37,55.93,29.96,48,3,333.6,76.3,34,66.6,47,66.6,73.4,38,72.2,69.1,1,24.41,1,45.7,75.2,45.9,1,46.2,1
2026-09-21T13:10:00-06:00,2026-09-21 13:10:00,67.5,67.5,47.1,1.1,1.1,14.8,155,0,0,0,0,0.37,55.93,29.97,48,0,102,76.1,34,66.6,47,66.6,73.4,38,72.2,69.1,1,24.41,1,45.7,75,45.7,1,46.2,1
2026-09-21T13:05:00-06:00,2026-09-21 13:05:00,67.1,67.1,47.8,0,0,14.8,214,0,0,0,0,0.37,55.93,29.96,50,1,116.4,76.1,34,66.6,47,66.6,73.4,38,72.2,69.1,1,24.41,1,45.7,75,45.7,1,46.2,1
2026-09-21T13:00:00-06:00,2026-09-21 13:00:00,66.9,66.9,47.6,2.2,4.5,14.8,21,0,0,0,0,0.37,55.93,29.97,50,1,114.3,76.1,34,66.6,47,66.6,73.4,38,72.2,68.9,1,24.41,1,45.7,75,45.7,1,46.2,1
2026-09-21T12:55:00-06:00,2026-09-21 12:55:00,67.8,67.8,47.9,2.2,3.4,14.8,91,0,0,0,0,0.37,55.93,29.96,49,1,109.6,76.1,34,66.6,47,66.6,73.4,38,72.2,68.9,1,24.41,1,45.7,75,45.7,1,46.2,1
2026-09-21T12:50:00-06:00,2026-09-21 12:50:00,69.6,68.5,48.5,1.1,1.1,14.8,140,0,0,0,0,0.37,55.93,29.96,47,1,179.3,76.1,34,66.6,47,66.6,73.4,38,72.2,68.9,1,24.41,1,45.7,75,45.7,1,46.2,1
2026-09-21T12:45:00-06:00,2026-09-21 12:45:00,68.2,67,48.3,5.8,8.1,14.8,85,0,0,0,0,0.37,55.93,29.96,49,2,305.3,75.9,34,66.6,47,66.6,73.4,38,72.2,68.9,1,24.41,1,45.7,74.8,45.5,1,46.2,1
2026-09-21T12:40:00-06:00,2026-09-21 12:40:00,67.6,67.6,47.8,0,0,14.8,222,0,0,0,0,0.37,55.93,29.97,49,2,218.9,75.9,34,66.6,47,66.6,73.2,38,72,68.9,1,24.42,1,45.7,74.8,45.5,1,46.1,1
2026-09-21T12:35:00-06:00,2026-09-21 12:35:00,66.4,66.4,48.2,2.5,3.4,14.8,122,0,0,0,0,0.37,55.93,29.97,52,1,144.8,75.7,34,66.4,47,66.4,73.2,38,72,68.9,1,24.42,1,45.6,74.6,45.3,1,46.1,1
2026-09-21T12:30:00-06:00,2026-09-21 12:30:00,67.3,67.3,48,1.8,2.2,14.8,205,0,0,0,0,0.37,55.93,29.97,50,1,140.4,75.9,34,66.4,47,66.4,73.2,38,72,68.9,1,24.42,1,45.6,74.8,45.5,1,46.1,1
2026-09-21T12:25:00-06:00,2026-09-21 12:25:00,66.7,66.7,48,1.8,2.2,14.8,158,0,0,0,0,0.37,55.93,29.98,51,2,221.5,75.7,34,66.6,47,66.6,73.2,38,72,68.9,1,24.42,1,45.7,74.6,45.3,1,46.1,1
2026-09-21T12:20:00-06:00,2026-09-21 12:20:00,68.4,67.1,47.4,4,5.8,14.8,143,0,0,0,0,0.37,55.93,29.97,47,1,195.9,75.7,35,66.4,47,66.4,73.2,38,72,68.7,1,24.42,1,45.6,74.6,46.1,1,46.1,1
2026-09-21T12:15:00-06:00,2026-09-21 12:15:00,67.6,67.6,48.3,1.8,3.4,14.8,149,0,0,0,0,0.37,55.93,29.98,50,3,337,75.7,35,66.4,47,66.4,73,38,71.8,68.7,1,24.43,1,45.6,74.6,46.1,1,45.9,1
2026-09-21T12:10:00-06:00,2026-09-21 12:10:00,67.6,67.6,48.8,2.5,3.4,14.8,137,0,0,0,0,0.37,55.93,29.98,51,5,614.7,75.6,35,66.4,47,66.4,73,38,71.8,68.7,1,24.43,1,45.6,74.5,46,1,45.9,1
2026-09-21T12:05:00-06:00,2026-09-21 12:05:00,66,66,49.4,2.5,3.4,14.8,199,0,0,0,0,0.37,55.93,29.98,55,1,129.7,75.6,35,66.4,47,66.4,73,38,71.8,68.7,1,24.43,1,45.6,74.5,46,1,45.9,1
2026-09-21T12:00:00-06:00,2026-09-21 12:00:00,66.4,66.4,49.2,5.8,6.9,14.8,80,0,0,0,0,0.37,55.93,29.98,54,0,86.4,75.6,35,66.4,47,66.4,73,38,71.8,68.7,1,24.43,1,45.6,74.5,46,1,45.9,1
2026-09-21T11:55:00-06:00,2026-09-21 11:55:00,65.3,65.3,49.2,6,8.1,14.8,58,0,0,0,0,0.37,55.93,29.98,56,1,115.7,75.6,35,66.4,47,66.4,73,38,71.8,68.7,1,24.43,1,45.6,74.5,46,1,45.9,1
2026-09-21T11:50:00-06:00,2026-09-21 11:50:00,65.1,65.1,48.5,4,4.5,14.8,66,0,0,0,0,0.37,55.93,29.99,55,1,155.2,75.6,35,66.4,47,66.4,73,38,71.8,68.7,1,24.44,1,45.6,74.5,46,1,45.9,1
2026-09-21T11:45:00-06:00,2026-09-21 11:45:00,65.3,65.3,49.2,9.2,10.3,14.8,101,0,0,0,0,0.37,55.93,29.99,56,1,183.2,75.6,35,66.4,47,66.4,73,38,71.8,68.5,1,24.44,1,45.6,74.5,46,1,45.9,1
2026-09-21T11:40:00-06:00,2026-09-21 11:40:00,65.7,65.7,50.5,1.8,3.4,10.3,148,0,0,0,0,0.37,55.93,29.99,58,1,174,75.4,35,66.4,47,66.4,73,38,71.8,68.5,1,24.44,1,45.6,74.3,45.8,1,45.9,1
2026-09-21T11:35:00-06:00,2026-09-21 11:35:00,66.4,66.4,50.2,5.4,5.8,10.3,59,0,0,0,0,0.37,55.93,29.98,56,1,131.2,75.4,35,66.4,47,66.4,73,38,71.8,68.5,1,24.43,1,45.6,74.3,45.8,1,45.9,1
2026-09-21T11:30:00-06:00,2026-09-21 11:30:00,65.1,65.1,50,7.6,9.2,10.3,88,0,0,0,0,0.37,55.93,29.99,58,0,65.9,75.4,35,66.4,47,66.4,72.9,38,71.7,68.5,1,24.44,1,45.6,74.3,45.8,1,45.8,1
2026-09-21T11:25:00-06:00,2026-09-21 11:25:00,65.5,65.5,50.3,6.5,6.9,10.3,77,0,0,0,0,0.37,55.93,29.99,58,0,68.6,75.4,35,66.4,47,66.4,72.9,38,71.7,68.5,1,24.44,1,45.6,74.3,45.8,1,45.8,1
2026-09-21T11:20:00-06:00,2026-09-21 11:20:00,65.8,65.8,51.1,7.2,8.1,10.3,44,0,0,0,0,0.37,55.93,30,59,0,101.9,75.2,35,66.4,47,66.4,72.9,39,71.7,68.5,1,24.45,1,45.6,74.1,45.7,1,46.5,1
2026-09-21T11:15:00-06:00,2026-09-21 11:15:00,65.8,65.8,51.1,4.5,5.8,9.2,111,0,0,0,0,0.37,55.93,29.99,59,0,97.8,75.2,35,66.4,47,66.4,72.9,39,71.7,68.4,1,24.44,1,45.6,74.1,45.7,1,46.5,1
2026-09-21T11:10:00-06:00,2026-09-21 11:10:00,65.5,65.5,50.8,4,4.5,9.2,54,0,0,0,0,0.37,55.93,29.99,59,0,72.8,75,35,66.4,47,66.4,72.9,39,71.7,68.4,1,24.44,1,45.6,73.8,45.5,1,46.5,1
2026-09-21T11:05:00-06:00,2026-09-21 11:05:00,65.3,65.3,51.1,0,0,9.2,230,0,0,0,0,0.37,55.93,29.99,60,0,65.6,75,35,66.4,47,66.4,72.9,39,71.7,68.4,1,24.44,1,45.6,73.8,45.5,1,46.5,1
2026-09-21T11:00:00-06:00,2026-09-21 11:00:00,64.9,64.9,50.7,2,3.4,9.2,158,0,0,0,0,0.37,55.93,30,60,0,75.3,74.8,35,66.2,47,66.2,72.9,39,71.7,68.4,1,24.45,1,45.4,73.6,45.3,1,46.5,1
2026-09-21T10:55:00-06:00,2026-09-21 10:55:00,64,64,50.3,4,4.5,9.2,96,0,0,0,0,0.37,55.93,29.99,61,0,70.6,74.8,35,66.2,47,66.2,72.7,39,71.5,68.4,1,24.44,1,45.4,73.6,45.3,1,46.3,1
2026-09-21T10:50:00-06:00,2026-09-21 10:50:00,64.8,64.8,50.6,0,0,9.2,201,0,0,0,0,0.37,55.93,29.99,60,0,58,74.7,35,66.2,47,66.2,72.7,39,71.5,68.4,1,24.44,1,45.4,73.5,45.2,1,46.3,1
2026-09-21T10:45:00-06:00,2026-09-21 10:45:00,63.3,63.3,50.5,0.2,1.1,9.2,197,0,0,0,0,0.37,55.93,29.99,63,0,52.9,74.7,35,66.2,47,66.2,72.5,39,71.3,68.2,1,24.44,1,45.4,73.5,45.2,1,46.1,1
2026-09-21T10:40:00-06:00,2026-09-21 10:40:00,63.5,63.5,50.7,0,0,9.2,177,0,0,0,0,0.37,55.93,29.99,63,0,43,74.5,35,66.2,47,66.2,72.5,39,71.3,68.2,1,24.44,1,45.4,73.3,45,1,46.1,1
2026-09-21T10:35:00-06:00,2026-09-21 10:35:00,63,63,50.2,1.8,2.2,9.2,69,0,0,0,0,0.37,55.93,30,63,0,39.9,74.5,35,66.2,47,66.2,72.5,39,71.3,68.2,1,24.45,1,45.4,73.3,45,1,46.1,1
2026-09-21T10:30:00-06:00,2026-09-21 10:30:00,63.3,63.3,50.1,1.8,2.2,9.2,196,0,0,0,0,0.37,55.93,30,62,0,37.9,74.3,35,66.2,47,66.2,72.5,39,71.3,68.2,1,24.45,1,45.4,73.1,44.9,1,46.1,1
2026-09-21T10:25:00-06:00,2026-09-21 10:25:00,63,63,49.8,1.3,2.2,9.2,103,0,0,0,0,0.37,55.93,30,62,0,37.7,74.3,35,66.2,47,66.2,72.3,39,71.1,68,1,24.45,1,45.4,73.1,44.9,1,45.9,1
2026-09-21T10:20:00-06:00,2026-09-21 10:20:00,61.9,61.9,49.6,1.6,2.2,9.2,142,0,0,0,0,0.37,55.93,30,64,0,43.7,74.1,35,66.2,47,66.2,72.3,38,71,68,1,24.45,1,45.4,72.9,44.7,1,45.3,1
2026-09-21T10:15:00-06:00,2026-09-21 10:15:00,63.1,63.1,49.9,3.4,4.5,6.9,81,0,0,0,0,0.37,55.93,30,62,0,60.9,73.9,35,66.2,47,66.2,72.1,38,70.8,68,1,24.45,1,45.4,72.6,44.5,1,45.1,1
2026-09-21T10:10:00-06:00,2026-09-21 10:10:00,63,63,49.8,3.8,4.5,5.8,94,0,0,0,0,0.37,55.93,30,62,0,48.6,73.9,35,66.2,47,66.2,72.1,38,70.8,68,1,24.45,1,45.4,72.6,44.5,1,45.1,1
2026-09-21T10:05:00-06:00,2026-09-21 10:05:00,62.6,62.6,49.8,1.8,2.2,5.8,195,0,0,0,0,0.37,55.93,30,63,1,161.9,73.8,35,66.2,47,66.2,72,38,70.7,68,1,24.45,1,45.4,72.5,44.4,1,45,1
2026-09-21T10:00:00-06:00,2026-09-21 10:00:00,62.2,62.2,49.4,0.9,2.2,5.8,114,0,0,0,0,0.37,55.93,30,63,0,55.4,73.8,35,66.2,46,66.2,72,38,70.7,67.8,1,24.45,1,44.8,72.5,44.4,1,45,1
2026-09-21T09:55:00-06:00,2026-09-21 09:55:00,61.7,61.7,49.8,0,0,5.8,182,0,0,0,0,0.37,55.93,30,65,0,94.8,73.6,35,66.2,46,66.2,72,38,70.7,67.8,1,24.45,1,44.8,72.3,44.2,1,45,1
2026-09-21T09:50:00-06:00,2026-09-21 09:50:00,61.9,61.9,49.6,2.7,3.4,5.8,59,0,0,0,0,0.37,55.93,30,64,0,39.4,73.6,35,66.2,46,66.2,71.8,38,70.5,67.8,1,24.45,1,44.8,72.3,44.2,1,44.8,1
2026-09-21T09:45:00-06:00,2026-09-21 09:45:00,61.3,61.3,49.4,0.9,1.1,5.8,134,0,0,0,0,0.37,55.93,30,65,0,33.8,73.4,35,66.2,46,66.2,71.8,38,70.5,67.8,1,24.45,1,44.8,72.1,44.1,1,44.8,1
2026-09-21T09:40:00-06:00,2026-09-21 09:40:00,61.2,61.2,49.3,0,0,5.8,222,0,0,0,0,0.37,55.93,30,65,0,32.8,73.4,35,66.2,46,66.2,71.6,38,70.2,67.6,1,24.45,1,44.8,72.1,44.1,1,44.6,1
2026-09-21T09:35:00-06:00,2026-09-21 09:35:00,61.3,61.3,49.4,0.9,1.1,5.8,213,0,0,0,0,0.37,55.93,30.01,65,0,36.5,73.2,34,66.2,46,66.2,71.6,38,70.2,67.6,1,24.46,1,44.8,71.8,43.1,1,44.6,1
2026-09-21T09:30:00-06:00,2026-09-21 09:30:00,60.8,60.8,48.5,0.5,1.1,5.8,183,0,0,0,0,0.37,55.93,30,64,0,33,73.2,34,66.2,46,66.2,71.6,38,70.2,67.6,1,24.45,1,44.8,71.8,43.1,1,44.6,1
2026-09-21T09:25:00-06:00,2026-09-21 09:25:00,60.3,60.3,48.9,1.1,1.1,5.8,170,0,0,0,0,0.37,55.93,30.01,66,0,39.3,73,34,66,46,66,71.4,38,70,67.6,1,24.46,1,44.6,71.6,43,1,44.5,1
2026-09-21T09:20:00-06:00,2026-09-21 09:20:00,59.5,59.5,48.5,0,0,5.8,203,0,0,0,0,0.37,55.93,30.01,67,0,74.7,72.9,34,66.2,46,66.2,71.4,38,70,67.6,1,24.46,1,44.8,71.5,42.9,1,44.5,1
2026-09-21T09:15:00-06:00,2026-09-21 09:15:00,59.5,59.5,48.5,4.9,5.8,5.8,150,0,0,0,0,0.37,55.93,30.01,67,0,38.5,72.7,34,66,46,66,71.4,38,70,67.5,1,24.46,1,44.6,71.3,42.7,1,44.5,1
2026-09-21T09:10:00-06:00,2026-09-21 09:10:00,59.9,59.9,48.5,0.2,1.1,5.8,185,0,0,0,0,0.37,55.93,30.01,66,0,35.9,72.7,34,66,46,66,71.4,38,70,67.5,1,24.46,1,44.6,71.3,42.7,1,44.5,1
2026-09-21T09:05:00-06:00,2026-09-21 09:05:00,59.2,59.2,48.2,0.9,1.1,5.8,205,0,0,0,0,0.37,55.93,30.01,67,0,31.3,72.5,34,66,46,66,71.2,38,69.8,67.5,1,24.46,1,44.6,71,42.5,1,44.3,1
2026-09-21T09:00:00-06:00,2026-09-21 09:00:00,58.5,58.5,47.6,0.2,1.1,5.8,179,0,0,0,0,0.37,55.93,30.01,67,0,31.1,72.3,34,66,46,66,71.2,38,69.8,67.5,1,24.46,1,44.6,70.8,42.3,1,44.3,1
2026-09-21T08:55:00-06:00,2026-09-21 08:55:00,59,59,48.1,0,0,5.8,198,0,0,0,0,0.37,55.93,30.01,67,0,34.3,72.3,34,66,46,66,71.2,38,69.8,67.5,1,24.46,1,44.6,70.8,42.3,1,44.3,1
2026-09-21T08:50:00-06:00,2026-09-21 08:50:00,58.5,58.5,48,0,0,5.8,219,0,0,0,0,0.37,55.93,30.01,68,0,31.1,72.1,34,66,46,66,71.2,38,69.8,67.3,1,24.46,1,44.6,70.6,42.2,1,44.3,1
2026-09-21T08:45:00-06:00,2026-09-21 08:45:00,57.9,57.9,47,0.9,1.1,5.8,109,0,0,0,0,0.37,55.93,30,67,0,36.3,72.1,34,66,46,66,71.1,38,69.7,67.3,1,24.45,1,44.6,70.6,42.2,1,44.2,1
2026-09-21T08:40:00-06:00,2026-09-21 08:40:00,57.2,57.2,46.7,1.8,2.2,5.8,185,0,0,0,0,0.37,55.93,30.01,68,0,38.9,72,34,66,46,66,71.1,38,69.7,67.3,1,24.46,1,44.6,70.5,42.1,1,44.2,1
2026-09-21T08:35:00-06:00,2026-09-21 08:35:00,57.2,57.2,46.7,4.5,4.5,5.8,75,0,0,0,0,0.37,55.93,30.01,68,0,49.9,71.8,34,66,46,66,71.1,38,69.7,67.3,1,24.46,1,44.6,70.3,41.9,1,44.2,1
2026-09-21T08:30:00-06:00,2026-09-21 08:30:00,57.2,57.2,46.7,3.4,4.5,4.5,86,0,0,0,0,0.37,55.93,30.01,68,0,30.5,71.8,34,66,46,66,70.9,38,69.5,67.3,1,24.46,1,44.6,70.3,41.9,1,44,1
2026-09-21T08:25:00-06:00,2026-09-21 08:25:00,56.8,56.8,46.4,2.5,3.4,4.5,192,0,0,0,0,0.37,55.93,30.01,68,0,30.6,71.8,34,66,46,66,70.9,38,69.5,67.3,1,24.46,1,44.6,70.3,41.9,1,44,1
2026-09-21T08:20:00-06:00,2026-09-21 08:20:00,57.2,57.2,46.7,2,2.2,4.5,125,0,0,0,0,0.37,55.93,30.01,68,0,32.8,71.6,34,66,46,66,70.9,38,69.5,67.3,1,24.46,1,44.6,70.1,41.7,1,44,1
2026-09-21T08:15:00-06:00,2026-09-21 08:15:00,57,57,46.9,0.2,1.1,4.5,180,0,0,0,0,0.37,55.93,30.01,69,0,38.8,71.4,34,66,46,66,70.7,38,69.3,67.3,1,24.46,1,44.6,69.8,41.6,1,43.8,1
2026-09-21T08:10:00-06:00,2026-09-21 08:10:00,56.5,56.5,46.8,0.2,1.1,4.5,199,0,0,0,0,0.37,55.93,30,70,0,31.8,71.4,34,66,46,66,70.7,38,69.3,67.3,1,24.45,1,44.6,69.8,41.6,1,43.8,1
2026-09-21T08:05:00-06:00,2026-09-21 08:05:00,55,55,46.5,0,0,4.5,210,0,0,0,0,0.37,55.93,30.01,73,0,27.9,71.2,34,66,46,66,70.5,38,69,67.3,1,24.46,1,44.6,69.6,41.4,1,43.7,1
2026-09-21T08:00:00-06:00,2026-09-21 08:00:00,55,55,46.5,0,0,4.5,216,0,0,0,0,0.37,55.93,30,73,0,28.3,71.2,34,66,46,66,70.5,38,69,67.1,1,24.45,1,44.6,69.6,41.4,1,43.7,1
2026-09-21T07:55:00-06:00,2026-09-21 07:55:00,55.2,55.2,47.4,0,0,4.5,218,0,0,0,0,0.37,55.93,30,75,0,25.9,71.2,34,66,46,66,70.3,37,68.8,67.1,1,24.45,1,44.6,69.6,41.4,1,42.8,1
2026-09-21T07:50:00-06:00,2026-09-21 07:50:00,53.6,53.6,46.2,0,0,4.5,223,0,0,0,0,0.37,55.93,30,76,0,30.3,71.1,35,65.8,46,65.8,70.3,37,68.8,67.1,1,24.45,1,44.4,69.6,42,1,42.8,1
2026-09-21T07:45:00-06:00,2026-09-21 07:45:00,53.2,53.2,46.9,0,0,4.5,221,0,0,0,0,0.37,55.93,30,79,0,23.6,71.1,35,65.8,46,65.8,70.3,37,68.8,67.1,1,24.45,1,44.4,69.6,42,1,42.8,1
2026-09-21T07:40:00-06:00,2026-09-21 07:40:00,52.9,52.9,46.9,0,0,4.5,226,0,0,0,0,0.37,55.93,30,80,0,21.8,71.1,35,65.8,46,65.8,70.3,37,68.8,67.1,1,24.45,1,44.4,69.6,42,1,42.8,1
2026-09-21T07:35:00-06:00,2026-09-21 07:35:00,52.9,52.9,47.2,0,0,4.5,224,0,0,0,0,0.37,55.93,30,81,0,20.3,70.9,35,66,46,66,70.3,37,68.8,67.1,1,24.45,1,44.6,69.3,41.9,1,42.8,1
2026-09-21T07:30:00-06:00,2026-09-21 07:30:00,52.3,52.3,46.6,0,0,4.5,223,0,0,0,0,0.37,55.93,30,81,0,19.1,70.9,35,65.8,46,65.8,70.3,37,68.8,66.9,1,24.45,1,44.4,69.3,41.9,1,42.8,1
2026-09-21T07:25:00-06:00,2026-09-21 07:25:00,51.4,51.4,46.4,0,0,4.5,222,0,0,0,0,0.37,55.93,30,83,0,18.2,70.9,35,65.8,46,65.8,70.3,37,68.8,66.9,1,24.45,1,44.4,69.3,41.9,1,42.8,1
2026-09-21T07:20:00-06:00,2026-09-21 07:20:00,51.4,51.4,46.4,0,0,4.5,225,0,0,0,0,0.37,55.93,29.99,83,0,16.4,70.7,35,65.8,46,65.8,70.3,37,68.8,66.9,1,24.44,1,44.4,69.1,41.7,1,42.8,1
2026-09-21T07:15:00-06:00,2026-09-21 07:15:00,51.6,51.6,46.3,0,0,4.5,223,0,0,0,0,0.37,55.93,30,82,0,14.2,70.9,35,65.8,46,65.8,70.3,37,68.8,66.9,1,24.45,1,44.4,69.3,41.9,1,42.8,1
2026-09-21T07:10:00-06:00,2026-09-21 07:10:00,51.6,51.6,46.3,0,0,4.5,221,0,0,0,0,0.37,55.93,30,82,0,12.2,70.9,35,65.8,46,65.8,70.3,37,68.8,66.9,1,24.45,1,44.4,69.3,41.9,1,42.8,1
2026-09-21T07:05:00-06:00,2026-09-21 07:05:00,52,52,46.7,0,0,4.5,224,0,0,0,0,0.37,55.93,29.99,82,0,8.2,70.9,35,65.8,46,65.8,70.3,37,68.8,66.9,1,24.44,1,44.4,69.3,41.9,1,42.8,1
2026-09-21T07:00:00-06:00,2026-09-21 07:00:00,52.3,52.3,47,0,0,4.5,231,0,0,0,0,0.37,55.93,29.99,82,0,6.3,70.7,35,65.8,46,65.8,70.3,37,68.8,66.7,1,24.44,1,44.4,69.1,41.7,1,42.8,1
2026-09-21T06:55:00-06:00,2026-09-21 06:55:00,52.3,52.3,47,0,0,4.5,222,0,0,0,0,0.37,55.93,29.99,82,0,4.3,70.9,35,65.8,46,65.8,70.3,37,68.8,66.7,1,24.44,1,44.4,69.3,41.9,1,42.8,1
2026-09-21T06:50:00-06:00,2026-09-21 06:50:00,51.8,51.8,46.5,0,0,4.5,224,0,0,0,0,0.37,55.93,29.99,82,0,2.7,70.9,35,65.8,46,65.8,70.3,37,68.8,66.7,1,24.44,1,44.4,69.3,41.9,1,42.8,1
2026-09-21T06:45:00-06:00,2026-09-21 06:45:00,52,52,46.4,0,0,4.5,250,0,0,0,0,0.37,55.93,29.99,81,0,1.6,70.9,35,65.8,46,65.8,70.3,37,68.8,66.7,1,24.44,1,44.4,69.3,41.9,1,42.8,1
2026-09-21T06:40:00-06:00,2026-09-21 06:40:00,52.2,52.2,46.5,0,0,4.5,227,0,0,0,0,0.37,55.93,29.99,81,0,0.9,70.9,34,65.8,46,65.8,70.3,37,68.8,66.6,1,24.44,1,44.4,69.3,41.1,1,42.8,1
2026-09-21T06:35:00-06:00,2026-09-21 06:35:00,52.2,52.2,46.5,0,0,4.5,229,0,0,0,0,0.37,55.93,29.98,81,0,0.4,70.9,35,65.8,46,65.8,70.5,37,69,66.6,1,24.43,1,44.4,69.3,41.9,1,43,1
2026-09-21T06:30:00-06:00,2026-09-21 06:30:00,52.2,52.2,46.5,0,0,4.5,226,0,0,0,0,0.37,55.93,29.98,81,0,0.1,70.9,35,65.8,46,65.8,70.5,37,69,66.6,1,24.43,1,44.4,69.3,41.9,1,43,1
2026-09-21T06:25:00-06:00,2026-09-21 06:25:00,52.3,52.3,46.3,0,0,4.5,237,0,0,0,0,0.37,55.93,29.98,80,0,0,70.9,34,65.8,46,65.8,70.5,37,69,66.6,1,24.43,1,44.4,69.3,41.1,1,43,1
2026-09-21T06:20:00-06:00,2026-09-21 06:20:00,52.5,52.5,46.5,0,0,4.5,232,0,0,0,0,0.37,55.93,29.98,80,0,0,71.1,34,65.8,46,65.8,70.5,37,69,66.4,1,24.43,1,44.4,69.5,41.3,1,43,1
2026-09-21T06:15:00-06:00,2026-09-21 06:15:00,52.9,52.9,46.9,0,0,4.5,235,0,0,0,0,0.37,55.93,29.98,80,0,0,71.1,34,65.8,46,65.8,70.5,37,69,66.4,1,24.42,1,44.4,69.5,41.3,1,43,1
2026-09-21T06:10:00-06:00,2026-09-21 06:10:00,53.2,53.2,46.9,0,0,4.5,230,0,0,0,0,0.37,55.93,29.98,79,0,0,71.1,34,65.8,46,65.8,70.5,37,69,66.4,1,24.43,1,44.4,69.5,41.3,1,43,1
2026-09-21T06:05:00-06:00,2026-09-21 06:05:00,53.4,53.4,47.1,0,0,4.5,216,0,0,0,0,0.37,55.93,29.98,79,0,0,71.1,34,65.8,46,65.8,70.5,37,69,66.2,1,24.43,1,44.4,69.5,41.3,1,43,1
2026-09-21T06:00:00-06:00,2026-09-21 06:00:00,53.6,53.6,47.2,0,0,4.5,223,0,0,0,0,0.37,55.93,29.97,79,0,0,71.1,34,65.8,46,65.8,70.7,37,69.2,66.2,1,24.42,1,44.4,69.5,41.3,1,43.1,1
2026-09-21T05:55:00-06:00,2026-09-21 05:55:00,53.8,53.8,47.1,0,0,4.5,222,0,0,0,0,0.37,55.93,29.98,78,0,0,71.1,34,65.8,46,65.8,70.7,37,69.2,66.2,1,24.43,1,44.4,69.5,41.3,1,43.1,1
2026-09-21T05:50:00-06:00,2026-09-21 05:50:00,53.6,53.6,46.6,0,0,4.5,226,0,0,0,0,0.37,55.93,29.97,77,0,0,71.1,34,65.8,46,65.8,70.7,37,69.2,66.2,1,24.42,1,44.4,69.5,41.3,1,43.1,1
2026-09-21T05:45:00-06:00,2026-09-21 05:45:00,53.8,53.8,46.8,0.5,1.1,4.5,234,0,0,0,0,0.37,55.93,29.97,77,0,0,71.1,34,65.8,46,65.8,70.7,37,69.2,66,1,24.41,1,44.4,69.5,41.3,1,43.1,1
2026-09-21T05:40:00-06:00,2026-09-21 05:40:00,54.1,54.1,46.7,0.2,1.1,4.5,236,0,0,0,0,0.37,55.93,29.97,76,0,0,71.1,34,65.8,46,65.8,70.7,37,69.2,66,1,24.42,1,44.4,69.5,41.3,1,43.1,1
2026-09-21T05:35:00-06:00,2026-09-21 05:35:00,54.7,54.7,46.9,0.7,1.1,4.5,221,0,0,0,0,0.37,55.93,29.97,75,0,0,71.1,34,65.8,46,65.8,70.7,37,69.2,66,1,24.42,1,44.4,69.5,41.3,1,43.1,1
2026-09-21T05:30:00-06:00,2026-09-21 05:30:00,55,55,46.9,0,0,4.5,222,0,0,0,0,0.37,55.93,29.97,74,0,0,71.1,34,65.8,46,65.8,70.7,37,69.2,65.8,1,24.42,1,44.4,69.5,41.3,1,43.1,1
2026-09-21T05:25:00-06:00,2026-09-21 05:25:00,55.2,55.2,46.7,0,0,4.5,224,0,0,0,0,0.37,55.93,29.98,73,0,0,71.2,34,65.8,46,65.8,70.9,37,69.4,65.8,1,24.42,1,44.4,69.6,41.4,1,43.3,1
2026-09-21T05:20:00-06:00,2026-09-21 05:20:00,55.4,55.4,46.9,0,0,4.5,225,0,0,0,0,0.37,55.93,29.98,73,0,0,71.2,34,65.8,46,65.8,70.9,37,69.4,65.7,1,24.43,1,44.4,69.6,41.4,1,43.3,1
2026-09-21T05:15:00-06:00,2026-09-21 05:15:00,55.6,55.6,47.4,0,0,4.5,231,0,0,0,0,0.37,55.93,29.97,74,0,0,71.2,34,65.8,46,65.8,70.9,37,69.4,65.7,1,24.42,1,44.4,69.6,41.4,1,43.3,1
2026-09-21T05:10:00-06:00,2026-09-21 05:10:00,55.6,55.6,47.4,0,0,4.5,233,0,0,0,0,0.37,55.93,29.98,74,0,0,71.2,34,65.8,46,65.8,70.9,37,69.4,65.7,1,24.42,1,44.4,69.6,41.4,1,43.3,1
2026-09-21T05:05:00-06:00,2026-09-21 05:05:00,55.6,55.6,47.4,0,0,4.5,231,0,0,0,0,0.37,55.93,29.97,74,0,0,71.2,34,65.8,46,65.8,70.9,37,69.4,65.5,1,24.42,1,44.4,69.6,41.4,1,43.3,1
2026-09-21T05:00:00-06:00,2026-09-21 05:00:00,55.6,55.6,47.4,0,0,4.5,229,0,0,0,0,0.37,55.93,29.97,74,0,0,71.2,34,65.8,46,65.8,70.9,37,69.4,65.5,1,24.41,1,44.4,69.6,41.4,1,43.3,1
2026-09-21T04:55:00-06:00,2026-09-21 04:55:00,55.6,55.6,47.4,0,0,4.5,230,0,0,0,0,0.37,55.93,29.97,74,0,0,71.2,34,65.8,46,65.8,70.9,37,69.4,65.3,1,24.41,1,44.4,69.6,41.4,1,43.3,1
2026-09-21T04:50:00-06:00,2026-09-21 04:50:00,55.6,55.6,47.8,0,0,4.5,231,0,0,0,0,0.37,55.93,29.96,75,0,0,71.2,34,65.8,46,65.8,70.9,37,69.4,65.3,1,24.41,1,44.4,69.6,41.4,1,43.3,1
2026-09-21T04:45:00-06:00,2026-09-21 04:45:00,55.6,55.6,48.2,0,0,4.5,231,0,0,0,0,0.37,55.93,29.97,76,0,0,71.2,34,65.8,45,65.8,70.9,37,69.4,65.1,1,24.42,1,43.9,69.6,41.4,1,43.3,1
2026-09-21T04:40:00-06:00,2026-09-21 04:40:00,55.4,55.4,48,0,0,4.5,232,0,0,0,0,0.37,55.93,29.98,76,0,0,71.2,34,65.8,45,65.8,71.1,37,69.6,65.1,1,24.42,1,43.9,69.6,41.4,1,43.5,1
2026-09-21T04:35:00-06:00,2026-09-21 04:35:00,55.2,55.2,47.8,0,0,4.5,230,0,0,0,0,0.37,55.93,29.97,76,0,0,71.2,34,65.8,45,65.8,71.1,37,69.6,64.9,1,24.42,1,43.9,69.6,41.4,1,43.5,1
2026-09-21T04:30:00-06:00,2026-09-21 04:30:00,55,55,47.9,0,0,4.5,230,0,0,0,0,0.37,55.93,29.97,77,0,0,71.2,34,65.8,45,65.8,71.1,37,69.6,64.9,1,24.42,1,43.9,69.6,41.4,1,43.5,1
2026-09-21T04:25:00-06:00,2026-09-21 04:25:00,55,55,47.9,0,0,4.5,229,0,0,0,0,0.37,55.93,29.97,77,0,0,71.2,34,65.8,45,65.8,71.1,36,69.6,64.8,1,24.42,1,43.9,69.6,41.4,1,42.8,1
2026-09-21T04:20:00-06:00,2026-09-21 04:20:00,54.9,54.9,47.8,0,0,4.5,228,0,0,0,0,0.37,55.93,29.97,77,0,0,71.2,34,65.8,45,65.8,71.1,36,69.6,64.8,1,24.42,1,43.9,69.6,41.4,1,42.8,1
2026-09-21T04:15:00-06:00,2026-09-21 04:15:00,54.9,54.9,47.8,0,0,4.5,230,0,0,0,0,0.37,55.93,29.98,77,0,0,71.2,34,65.8,45,65.8,71.1,36,69.6,64.6,1,24.42,1,43.9,69.6,41.4,1,42.8,1
2026-09-21T04:10:00-06:00,2026-09-21 04:10:00,54.9,54.9,47.8,0,0,4.5,228,0,0,0,0,0.37,55.93,29.98,77,0,0,71.2,34,65.8,45,65.8,71.2,36,69.7,64.4,1,24.42,1,43.9,69.6,41.4,1,42.9,1
2026-09-21T04:05:00-06:00,2026-09-21 04:05:00,55,55,47.9,0,0,4.5,228,0,0,0,0,0.37,55.93,29.97,77,0,0,71.2,34,65.8,45,65.8,71.2,36,69.7,64.4,1,24.42,1,43.9,69.6,41.4,1,42.9,1
2026-09-21T04:00:00-06:00,2026-09-21 04:00:00,55.4,55.4,48,0,0,4.5,224,0,0,0,0,0.37,55.93,29.97,76,0,0,71.2,34,65.8,45,65.8,71.2,36,69.7,64.2,1,24.42,1,43.9,69.6,41.4,1,42.9,1
2026-09-21T03:55:00-06:00,2026-09-21 03:55:00,55.6,55.6,48.2,0,0,4.5,234,0,0,0,0,0.37,55.93,29.97,76,0,0,71.2,34,65.8,45,65.8,71.2,36,69.7,64,1,24.42,1,43.9,69.6,41.4,1,42.9,1
2026-09-21T03:50:00-06:00,2026-09-21 03:50:00,55.8,55.8,48.3,0,0,4.5,229,0,0,0,0,0.37,55.93,29.97,76,0,0,71.2,34,65.8,45,65.8,71.2,36,69.7,64,1,24.42,1,43.9,69.6,41.4,1,42.9,1
2026-09-21T03:45:00-06:00,2026-09-21 03:45:00,55.8,55.8,48.3,0,0,4.5,221,0,0,0,0,0.37,55.93,29.98,76,0,0,71.4,34,65.8,45,65.8,71.2,36,69.7,63.9,1,24.42,1,43.9,69.8,41.6,1,42.9,1
2026-09-21T03:40:00-06:00,2026-09-21 03:40:00,55.9,55.9,48.1,0,0,4.5,225,0,0,0,0,0.37,55.93,29.97,75,0,0,71.2,34,65.8,45,65.8,71.2,36,69.7,63.7,1,24.42,1,43.9,69.6,41.4,1,42.9,1
2026-09-21T03:35:00-06:00,2026-09-21 03:35:00,56.1,56.1,48.6,0,0,4.5,225,0,0,0,0,0.37,55.93,29.97,76,0,0,71.2,34,65.8,45,65.8,71.2,36,69.7,63.5,1,24.41,1,43.9,69.6,41.4,1,42.9,1
2026-09-21T03:30:00-06:00,2026-09-21 03:30:00,56.3,56.3,48.5,0,0,4.5,224,0,0,0,0,0.37,55.93,29.98,75,0,0,71.2,34,65.8,45,65.8,71.4,36,69.9,63.3,1,24.42,1,43.9,69.6,41.4,1,43,1
2026-09-21T03:25:00-06:00,2026-09-21 03:25:00,56.3,56.3,48.5,0,0,4.5,228,0,0,0,0,0.37,55.93,29.98,75,0,0,71.2,34,65.8,45,65.8,71.4,36,69.9,63,1,24.42,1,43.9,69.6,41.4,1,43,1
2026-09-21T03:20:00-06:00,2026-09-21 03:20:00,56.5,56.5,48.7,0,0,4.5,223,0,0,0,0,0.37,55.93,29.98,75,0,0,71.2,34,65.8,45,65.8,71.4,36,69.9,62.8,1,24.42,1,43.9,69.6,41.4,1,43,1
2026-09-21T03:15:00-06:00,2026-09-21 03:15:00,56.5,56.5,48.7,0,0,4.5,227,0,0,0,0,0.37,55.93,29.98,75,0,0,71.2,34,65.8,45,65.8,71.4,36,69.9,62.4,1,24.42,1,43.9,69.6,41.4,1,43,1
2026-09-21T03:10:00-06:00,2026-09-21 03:10:00,56.8,56.8,48.6,0,0,4.5,219,0,0,0,0,0.37,55.93,29.97,74,0,0,71.2,34,65.8,45,65.8,71.4,36,69.9,61.9,1,24.42,1,43.9,69.6,41.4,1,43,1
2026-09-21T03:05:00-06:00,2026-09-21 03:05:00,57.2,57.2,48.6,0,0,4.5,225,0,0,0,0,0.37,55.93,29.97,73,0,0,71.2,34,65.8,45,65.8,71.4,36,69.9,61.3,1,24.42,1,43.9,69.6,41.4,1,43,1
2026-09-21T03:00:00-06:00,2026-09-21 03:00:00,57.4,57.4,48.8,0,0,4.5,208,0,0,0,0,0.37,55.93,29.98,73,0,0,71.2,34,65.8,45,65.8,71.6,36,70.2,60.4,1,24.43,1,43.9,69.6,41.4,1,43.2,1
2026-09-21T02:55:00-06:00,2026-09-21 02:55:00,57.4,57.4,48.8,0,0,4.5,217,0,0,0,0,0.37,55.93,29.98,73,0,0,71.1,34,65.8,45,65.8,71.6,36,70.2,59.4,1,24.43,1,43.9,69.5,41.3,1,43.2,1
2026-09-21T02:50:00-06:00,2026-09-21 02:50:00,57.4,57.4,48.8,0,0,4.5,215,0,0,0,0,0.37,55.93,29.98,73,0,0,71.1,34,65.8,45,65.8,71.6,36,70.2,57.9,1,24.42,1,43.9,69.5,41.3,1,43.2,1
2026-09-21T02:45:00-06:00,2026-09-21 02:45:00,57.2,57.2,48.6,0,0,4.5,217,0,0,0,0,0.37,55.93,29.98,73,0,0,71.1,34,65.8,45,65.8,71.6,36,70.2,55,1,24.43,1,43.9,69.5,41.3,1,43.2,1
2026-09-21T02:40:00-06:00,2026-09-21 02:40:00,57,57,48.8,0,0,4.5,221,0,0,0,0,0.37,55.93,29.98,74,0,0,71.1,34,65.8,45,65.8,71.8,36,70.4,52.2,1,24.43,1,43.9,69.5,41.3,1,43.4,1
2026-09-21T02:35:00-06:00,2026-09-21 02:35:00,57.2,57.2,48.6,0,0,4.5,222,0,0,0,0,0.37,55.93,29.98,73,0,0,71.1,33,65.8,45,65.8,71.8,36,70.4,53.4,1,24.42,1,43.9,69.5,40.5,1,43.4,1
2026-09-21T02:30:00-06:00,2026-09-21 02:30:00,57.2,57.2,48.6,0,0,4.5,222,0,0,0,0,0.37,55.93,29.98,73,0,0,71.2,34,65.8,45,65.8,71.8,36,70.4,59.9,1,24.43,1,43.9,69.6,41.4,1,43.4,1
2026-09-21T02:25:00-06:00,2026-09-21 02:25:00,57.4,57.4,48.8,0,0,4.5,223,0,0,0,0,0.37,55.93,29.98,73,0,0,71.1,34,65.8,45,65.8,71.8,36,70.4,58.8,1,24.42,1,43.9,69.5,41.3,1,43.4,1
2026-09-21T02:20:00-06:00,2026-09-21 02:20:00,57.4,57.4,48.8,0,0,4.5,235,0,0,0,0,0.37,55.93,29.98,73,0,0,71.1,33,65.8,44,65.8,71.8,36,70.4,57,1,24.43,1,43.3,69.5,40.5,1,43.4,1
2026-09-21T02:15:00-06:00,2026-09-21 02:15:00,57.4,57.4,48.8,0,0,4.5,243,0,0,0,0,0.37,55.93,29.98,73,0,0,71.1,33,66,44,66,71.8,35,70.3,54.7,1,24.43,1,43.5,69.5,40.5,1,42.7,1
2026-09-21T02:10:00-06:00,2026-09-21 02:10:00,57.6,57.6,49,0,0,4.5,228,0,0,0,0,0.37,55.93,29.98,73,0,0,71.1,33,66,44,66,72,35,70.5,51.6,1,24.43,1,43.5,69.5,40.5,1,42.8,1
2026-09-21T02:05:00-06:00,2026-09-21 02:05:00,57.6,57.6,49,0,0,4.5,224,0,0,0,0,0.37,55.93,29.98,73,0,0,71.1,33,66,44,66,72,35,70.5,48.4,1,24.43,1,43.5,69.5,40.5,1,42.8,1
2026-09-21T02:00:00-06:00,2026-09-21 02:00:00,57.4,57.4,48.8,0,0,4.5,246,0,0,0,0,0.37,55.93,29.99,73,0,0,71.2,33,66,44,66,72,35,70.5,52.7,1,24.44,1,43.5,69.6,40.6,1,42.8,1
2026-09-21T01:55:00-06:00,2026-09-21 01:55:00,57.4,57.4,48.8,0,0,4.5,225,0,0,0,0,0.37,55.93,29.99,73,0,0,71.1,33,66,44,66,72,35,70.5,54.1,1,24.44,1,43.5,69.5,40.5,1,42.8,1
2026-09-21T01:50:00-06:00,2026-09-21 01:50:00,57.6,57.6,49,0,0,4.5,224,0,0,0,0,0.37,55.93,29.99,73,0,0,71.2,33,66.2,44,66.2,72.1,35,70.7,50.9,1,24.44,1,43.6,69.6,40.6,1,42.9,1
2026-09-21T01:45:00-06:00,2026-09-21 01:45:00,57.6,57.6,49,0,0,4.5,226,0,0,0,0,0.37,55.93,29.98,73,0,0,71.2,33,66.2,44,66.2,72.1,35,70.7,46.2,1,24.43,1,43.6,69.6,40.6,1,42.9,1
2026-09-21T01:40:00-06:00,2026-09-21 01:40:00,57.6,57.6,49,0,0,4.5,226,0,0,0,0,0.37,55.93,29.99,73,0,0,71.4,33,66.2,44,66.2,72.1,35,70.7,48.6,1,24.44,1,43.6,69.8,40.8,1,42.9,1
2026-09-21T01:35:00-06:00,2026-09-21 01:35:00,57.4,57.4,48.8,0,0,4.5,222,0,0,0,0,0.37,55.93,29.99,73,0,0,71.4,33,66.2,44,66.2,72.1,35,70.7,52.3,1,24.44,1,43.6,69.8,40.8,1,42.9,1
2026-09-21T01:30:00-06:00,2026-09-21 01:30:00,57.4,57.4,48.8,0,0,4.5,233,0,0,0,0,0.37,55.93,29.99,73,0,0,71.4,33,66.2,44,66.2,72.3,35,70.9,51.4,1,24.44,1,43.6,69.8,40.8,1,43.1,1
2026-09-21T01:25:00-06:00,2026-09-21 01:25:00,57.6,57.6,49.4,0,0,4.5,216,0,0,0,0,0.37,55.93,30,74,0,0,71.4,32,66.2,44,66.2,72.3,35,70.9,45.7,1,24.45,1,43.6,69.7,40,1,43.1,1
2026-09-21T01:20:00-06:00,2026-09-21 01:20:00,57.4,57.4,48.8,0,0,4.5,247,0,0,0,0,0.37,55.93,29.99,73,0,0,71.6,32,66.4,44,66.4,72.3,35,70.9,46,1,24.44,1,43.8,70,40.2,1,43.1,1
2026-09-21T01:15:00-06:00,2026-09-21 01:15:00,57.4,57.4,48.8,0,0,4.5,227,0,0,0,0,0.37,55.93,29.99,73,0,0,71.6,33,66.4,44,66.4,72.5,35,71.1,46.8,1,24.44,1,43.8,70,41,1,43.3,1
2026-09-21T01:10:00-06:00,2026-09-21 01:10:00,57.4,57.4,48.8,0,0,4.5,205,0,0,0,0,0.37,55.93,29.99,73,0,0,71.8,33,66.4,44,66.4,72.5,35,71.1,49.6,1,24.44,1,43.8,70.2,41.1,1,43.3,1
2026-09-21T01:05:00-06:00,2026-09-21 01:05:00,57.4,57.4,48.8,0,0,4.5,218,0,0,0,0,0.37,55.93,29.99,73,0,0,71.8,33,66.4,44,66.4,72.5,35,71.1,51.1,1,24.44,1,43.8,70.2,41.1,1,43.3,1
2026-09-21T01:00:00-06:00,2026-09-21 01:00:00,57.4,57.4,48.8,0.5,1.1,4.5,274,0,0,0,0,0.37,55.93,29.99,73,0,0,72,32,66.6,44,66.6,72.5,35,71.1,45.9,1,24.44,1,44,70.4,40.5,1,43.3,1
2026-09-21T00:55:00-06:00,2026-09-21 00:55:00,57.4,57.4,48.8,0,0,4.5,223,0,0,0,0,0.37,55.93,30,73,0,0,72,32,66.6,44,66.6,72.7,35,71.3,46,1,24.45,1,44,70.4,40.5,1,43.5,1
2026-09-21T00:50:00-06:00,2026-09-21 00:50:00,57.4,57.4,48.8,0,0,4.5,216,0,0,0,0,0.37,55.93,30,73,0,0,72.1,32,66.6,44,66.6,72.7,35,71.3,46,1,24.45,1,44,70.5,40.6,1,43.5,1
2026-09-21T00:45:00-06:00,2026-09-21 00:45:00,57.6,57.6,49.4,0,0,4.5,217,0,0,0,0,0.37,55.93,29.99,74,0,0,72.1,32,66.6,45,66.6,72.9,36,71.6,46.2,1,24.44,1,44.6,70.5,40.6,1,44.4,1
2026-09-21T00:40:00-06:00,2026-09-21 00:40:00,57.4,57.4,49.2,0,0,4.5,229,0,0,0,0,0.37,55.93,30,74,0,0,72.3,32,66.6,45,66.6,72.9,36,71.6,46.4,1,24.45,1,44.6,70.7,40.8,1,44.4,1
2026-09-21T00:35:00-06:00,2026-09-21 00:35:00,57.4,57.4,49.2,2,3.4,4.5,281,0,0,0,0,0.37,55.93,29.99,74,0,0,72.5,32,66.7,45,66.7,72.9,36,71.6,46.4,1,24.44,1,44.7,71,41,1,44.4,1
2026-09-21T00:30:00-06:00,2026-09-21 00:30:00,57.6,57.6,49.7,0,0,4.5,233,0,0,0,0,0.37,55.93,29.99,75,0,0,72.5,32,66.7,45,66.7,73,36,71.7,46.6,1,24.44,1,44.7,71,41,1,44.5,1
2026-09-21T00:25:00-06:00,2026-09-21 00:25:00,57.6,57.6,49.7,0.2,1.1,4.5,274,0,0,0,0,0.37,55.93,29.99,75,0,0,72.7,33,66.7,45,66.7,73,36,71.7,46.6,1,24.44,1,44.7,71.2,41.9,1,44.5,1
2026-09-21T00:20:00-06:00,2026-09-21 00:20:00,57.6,57.6,50.1,0,0,4.5,232,0,0,0,0,0.37,55.93,29.99,76,0,0,72.9,33,66.9,45,66.9,73,36,71.7,46.8,1,24.44,1,44.9,71.4,42.1,1,44.5,1
2026-09-21T00:15:00-06:00,2026-09-21 00:15:00,57.7,57.7,50.2,0,0,4.5,217,0,0,0,0,0.37,55.93,30,76,0,0,73,33,66.9,45,66.9,73.2,36,71.9,46.8,1,24.45,1,44.9,71.6,42.2,1,44.6,1
2026-09-21T00:10:00-06:00,2026-09-21 00:10:00,57.6,57.6,49.7,0,0,4.5,226,0,0,0,0,0.37,55.93,30,75,0,0,73,33,66.9,45,66.9,73.2,36,71.9,46.9,1,24.45,1,44.9,71.6,42.2,1,44.6,1
2026-09-21T00:05:00-06:00,2026-09-21 00:05:00,57.7,57.7,49.8,1.3,2.2,2.2,194,0,0,0,0,0.37,55.93,30,75,0,0,73.2,33,66.9,45,66.9,73.2,36,71.9,46.9,1,24.45,1,44.9,71.8,42.4,1,44.6,1
2026-09-21T00:00:00-06:00,2026-09-21 00:00:00,57.7,57.7,49.8,0,0,0,223,0,0,0,0,0.37,55.93,30,75,0,0,73.4,33,66.9,45,66.9,73.4,36,72.1,47.1,1,24.45,1,44.9,72,42.5,1,44.8,1
2026-09-20T23:55:00-06:00,2026-09-20 23:55:00,57.7,57.7,49.5,0,0,11.4,220,0,0,0,0,0.37,55.93,29.99,74,0,0,73.4,33,67.1,45,67.1,73.4,37,72.2,47.3,1,24.44,1,45,72,42.5,1,45.5,1
2026-09-20T23:50:00-06:00,2026-09-20 23:50:00,57.9,57.9,49.7,1.8,2.2,11.4,1,0,0,0,0,0.37,55.93,29.99,74,0,0,73.6,33,67.1,46,67.1,73.4,37,72.2,47.5,1,24.44,1,45.6,72.2,42.7,1,45.5,1
2026-09-20T23:45:00-06:00,2026-09-20 23:45:00,58.1,58.1,49.5,1.6,2.2,11.4,240,0,0,0,0,0.37,55.93,29.99,73,0,0,73.8,33,67.1,46,67.1,73.6,37,72.4,47.7,1,24.44,1,45.6,72.4,42.9,1,45.7,1
2026-09-20T23:40:00-06:00,2026-09-20 23:40:00,58.1,58.1,49.5,0.7,1.1,11.4,239,0,0,0,0,0.37,55.93,30,73,0,0,73.9,33,67.1,46,67.1,73.6,37,72.4,47.8,1,24.45,1,45.6,72.5,43,1,45.7,1
2026-09-20T23:35:00-06:00,2026-09-20 23:35:00,58.3,58.3,49.7,0.2,1.1,11.4,238,0,0,0,0,0.37,55.93,29.99,73,0,0,74.1,33,67.3,46,67.3,73.6,37,72.4,48,1,24.44,1,45.8,72.8,43.1,1,45.7,1
2026-09-20T23:30:00-06:00,2026-09-20 23:30:00,58.3,58.3,49.3,0.5,1.1,11.4,261,0,0,0,0,0.37,55.93,30,72,0,0,74.1,33,67.3,46,67.3,73.8,37,72.6,48.2,1,24.45,1,45.8,72.8,43.1,1,45.9,1
2026-09-20T23:25:00-06:00,2026-09-20 23:25:00,58.6,58.6,49.2,0.7,1.1,11.4,220,0,0,0,0,0.37,55.93,30,71,0,0,74.3,34,67.3,46,67.3,73.8,37,72.6,48.4,1,24.45,1,45.8,73,44.1,1,45.9,1
2026-09-20T23:20:00-06:00,2026-09-20 23:20:00,59.2,59.2,49.8,0.7,1.1,11.4,220,0,0,0,0,0.37,55.93,30,71,0,0,74.3,34,67.3,46,67.3,73.8,38,72.7,48.6,1,24.45,1,45.8,73,44.1,1,46.6,1
2026-09-20T23:15:00-06:00,2026-09-20 23:15:00,59.2,59.2,50.5,0,0,11.4,238,0,0,0,0,0.37,55.93,29.99,73,0,0,74.5,34,67.3,46,67.3,73.9,38,72.8,48.9,1,24.44,1,45.8,73.2,44.3,1,46.7,1
2026-09-20T23:10:00-06:00,2026-09-20 23:10:00,59.2,59.2,50.5,0,0,11.4,227,0,0,0,0,0.37,55.93,30,73,0,0,74.7,34,67.5,47,67.5,73.9,38,72.8,49.3,1,24.45,1,46.6,73.5,44.5,1,46.7,1
2026-09-20T23:05:00-06:00,2026-09-20 23:05:00,59,59,50.7,1.1,2.2,11.4,261,0,0,0,0,0.37,55.93,29.99,74,0,0,74.8,35,67.5,47,67.5,74.1,38,73,50.4,1,24.44,1,46.6,73.6,45.3,1,46.9,1
2026-09-20T23:00:00-06:00,2026-09-20 23:00:00,59,59,51.1,0.5,1.1,11.4,282,0,0,0,0,0.37,55.93,30,75,0,0,74.8,35,67.5,47,67.5,74.1,38,73,53.4,1,24.45,1,46.6,73.6,45.3,1,46.9,1
2026-09-20T22:55:00-06:00,2026-09-20 22:55:00,59.5,59.5,51.2,0,0,11.4,232,0,0,0,0,0.37,55.93,29.99,74,0,0,75,35,67.5,47,67.5,74.1,38,73,55.6,1,24.44,1,46.6,73.8,45.5,1,46.9,1
2026-09-20T22:50:00-06:00,2026-09-20 22:50:00,59.7,59.7,51,0,0,11.4,207,0,0,0,0,0.37,55.93,30,73,0,0,75,35,67.5,47,67.5,74.3,38,73.2,52.3,1,24.45,1,46.6,73.8,45.5,1,47,1
2026-09-20T22:45:00-06:00,2026-09-20 22:45:00,60.1,60.1,51,0,0,11.4,241,0,0,0,0,0.37,55.93,29.98,72,0,0,75.2,35,67.5,47,67.5,74.3,38,73.2,56.7,1,24.43,1,46.6,74.1,45.7,1,47,1
2026-09-20T22:40:00-06:00,2026-09-20 22:40:00,60.4,60.4,51,0,0,11.4,220,0,0,0,0,0.37,55.93,29.98,71,0,0,75.2,35,67.5,47,67.5,74.5,38,73.4,59.9,1,24.43,1,46.6,74.1,45.7,1,47.2,1
2026-09-20T22:35:00-06:00,2026-09-20 22:35:00,60.4,60.4,50.6,1.8,2.2,11.4,130,0,0,0,0,0.37,55.93,29.98,70,0,0,75.2,35,67.5,47,67.5,74.5,38,73.4,55.9,1,24.43,1,46.6,74.1,45.7,1,47.2,1
2026-09-20T22:30:00-06:00,2026-09-20 22:30:00,60.4,60.4,50.6,0,0,11.4,190,0,0,0,0,0.37,55.93,29.98,70,0,0,75.4,35,67.5,47,67.5,74.5,38,73.4,51.6,1,24.43,1,46.6,74.3,45.8,1,47.2,1
2026-09-20T22:25:00-06:00,2026-09-20 22:25:00,59.9,59.9,50.5,0.7,1.1,11.4,200,0,0,0,0,0.37,55.93,29.98,71,0,0,75.6,35,67.5,47,67.5,74.7,38,73.7,54.5,1,24.42,1,46.6,74.5,46,1,47.4,1
2026-09-20T22:20:00-06:00,2026-09-20 22:20:00,59.5,59.5,50.5,2.2,2.2,11.4,201,0,0,0,0,0.37,55.93,29.98,72,0,0,75.6,36,67.5,47,67.5,74.7,38,73.7,61.5,1,24.43,1,46.6,74.6,46.7,1,47.4,1
2026-09-20T22:15:00-06:00,2026-09-20 22:15:00,59.5,59.5,50.8,0.7,1.1,11.4,246,0,0,0,0,0.37,55.93,29.98,73,0,0,75.6,35,67.6,47,67.6,74.7,38,73.7,58.8,1,24.42,1,46.6,74.5,46,1,47.4,1
2026-09-20T22:10:00-06:00,2026-09-20 22:10:00,59.4,59.4,50.7,0.2,1.1,11.4,228,0,0,0,0,0.37,55.93,29.98,73,0,0,75.7,34,67.5,47,67.5,74.7,38,73.7,55,1,24.43,1,46.6,74.6,45.3,1,47.4,1
2026-09-20T22:05:00-06:00,2026-09-20 22:05:00,59.2,59.2,50.5,0,0,11.4,221,0,0,0,0,0.37,55.93,29.98,73,0,0,75.9,35,67.6,47,67.6,74.7,38,73.7,58.8,1,24.43,1,46.6,74.8,46.3,1,47.4,1
2026-09-20T22:00:00-06:00,2026-09-20 22:00:00,59.2,59.2,50.5,0,0,11.4,206,0,0,0,0,0.37,55.93,29.98,73,0,0,76.1,35,67.6,47,67.6,74.7,38,73.7,68.5,1,24.43,1,46.6,75.1,46.4,1,47.4,1
2026-09-20T21:55:00-06:00,2026-09-20 21:55:00,59.4,59.4,50.7,0,0,11.4,212,0,0,0,0,0.37,55.93,29.98,73,0,0,76.1,35,67.6,47,67.6,74.8,38,73.8,68.4,1,24.43,1,46.6,75.1,46.4,1,47.5,1
2026-09-20T21:50:00-06:00,2026-09-20 21:50:00,59.7,59.7,50.7,0.9,2.2,11.4,217,0,0,0,0,0.37,55.93,29.98,72,0,0,76.1,35,67.6,47,67.6,74.8,38,73.8,68.4,1,24.43,1,46.6,75.1,46.4,1,47.5,1
2026-09-20T21:45:00-06:00,2026-09-20 21:45:00,60.1,60.1,50.7,0.7,1.1,11.4,251,0,0,0,0,0.37,55.93,29.98,71,0,0,76.1,35,67.6,47,67.6,74.8,37,73.7,68.4,1,24.42,1,46.6,75.1,46.4,1,46.8,1
2026-09-20T21:40:00-06:00,2026-09-20 21:40:00,60.8,60.8,51,0.2,1.1,11.4,203,0,0,0,0,0.37,55.93,29.98,70,0,0,76.1,35,67.6,47,67.6,74.8,37,73.7,68.2,1,24.43,1,46.6,75.1,46.4,1,46.8,1
2026-09-20T21:35:00-06:00,2026-09-20 21:35:00,61,61,50.8,0.7,1.1,11.4,82,0,0,0,0,0.37,55.93,29.98,69,0,0,76.3,35,67.6,47,67.6,74.8,37,73.7,68.2,1,24.43,1,46.6,75.3,46.6,1,46.8,1
2026-09-20T21:30:00-06:00,2026-09-20 21:30:00,61.2,61.2,50.6,2.2,2.2,11.4,167,0,0,0,0,0.37,55.93,29.98,68,0,0,76.3,35,67.6,47,67.6,74.8,37,73.7,68,1,24.43,1,46.6,75.3,46.6,1,46.8,1
2026-09-20T21:25:00-06:00,2026-09-20 21:25:00,59.9,59.9,49.3,0,0,11.4,193,0,0,0,0,0.37,55.93,29.98,68,0,0,76.3,35,67.6,47,67.6,74.8,37,73.7,68,1,24.42,1,46.6,75.3,46.6,1,46.8,1
2026-09-20T21:20:00-06:00,2026-09-20 21:20:00,60.3,60.3,48.9,0,0,11.4,224,0,0,0,0,0.37,55.93,29.98,66,0,0,76.3,35,67.6,47,67.6,74.8,37,73.7,67.8,1,24.42,1,46.6,75.3,46.6,1,46.8,1
2026-09-20T21:15:00-06:00,2026-09-20 21:15:00,60.6,60.6,48.8,0,0,11.4,225,0,0,0,0,0.37,55.93,29.97,65,0,0,76.3,35,67.6,47,67.6,74.8,37,73.7,67.8,1,24.42,1,46.6,75.3,46.6,1,46.8,1
2026-09-20T21:10:00-06:00,2026-09-20 21:10:00,60.6,60.6,48.8,0,0,11.4,224,0,0,0,0,0.37,55.93,29.97,65,0,0,76.3,35,67.6,47,67.6,74.8,37,73.7,67.6,1,24.42,1,46.6,75.3,46.6,1,46.8,1
2026-09-20T21:05:00-06:00,2026-09-20 21:05:00,60.8,60.8,49,0,0,11.4,222,0,0,0,0,0.37,55.93,29.97,65,0,0,76.3,35,67.6,47,67.6,75,37,73.9,67.6,1,24.41,1,46.6,75.3,46.6,1,46.9,1
2026-09-20T21:00:00-06:00,2026-09-20 21:00:00,61.3,61.3,49,0,0,11.4,223,0,0,0,0,0.37,55.93,29.97,64,0,0,76.3,35,67.6,47,67.6,75,37,73.9,67.5,1,24.42,1,46.6,75.3,46.6,1,46.9,1
2026-09-20T20:55:00-06:00,2026-09-20 20:55:00,61.5,61.5,48.8,0,0,11.4,225,0,0,0,0,0.37,55.93,29.98,63,0,0,76.5,35,67.6,47,67.6,75,37,73.9,67.5,1,24.42,1,46.6,75.5,46.8,1,46.9,1
2026-09-20T20:50:00-06:00,2026-09-20 20:50:00,62.2,62.2,49,0,0,11.4,231,0,0,0,0,0.37,55.93,29.97,62,0,0,76.5,35,67.6,48,67.6,75,37,73.9,67.3,1,24.41,1,47.2,75.5,46.8,1,46.9,1
2026-09-20T20:45:00-06:00,2026-09-20 20:45:00,62.8,62.8,49.6,0,0,11.4,222,0,0,0,0,0.37,55.93,29.97,62,0,0,76.5,35,67.6,48,67.6,75,37,73.9,67.1,1,24.42,1,47.2,75.5,46.8,1,46.9,1
2026-09-20T20:40:00-06:00,2026-09-20 20:40:00,63.1,63.1,49.4,0,0,11.4,220,0,0,0,0,0.37,55.93,29.96,61,0,0,76.5,35,67.8,48,67.8,75,37,73.9,67.1,1,24.41,1,47.4,75.5,46.8,1,46.9,1
2026-09-20T20:35:00-06:00,2026-09-20 20:35:00,63.3,63.3,49.6,0,0,11.4,222,0,0,0,0,0.37,55.93,29.96,61,0,0,76.5,35,67.8,48,67.8,75.2,37,74.2,66.9,1,24.41,1,47.4,75.5,46.8,1,47.1,1
2026-09-20T20:30:00-06:00,2026-09-20 20:30:00,63.7,63.7,49.5,0,0,11.4,221,0,0,0,0,0.37,55.93,29.96,60,0,0,76.5,35,67.6,48,67.6,75,37,73.9,66.7,1,24.41,1,47.2,75.5,46.8,1,46.9,1
2026-09-20T20:25:00-06:00,2026-09-20 20:25:00,64.2,64.2,49.6,0,0,11.4,219,0,0,0,0,0.37,55.93,29.96,59,0,0,76.5,35,67.6,48,67.6,75.2,37,74.2,66.6,1,24.41,1,47.2,75.5,46.8,1,47.1,1
2026-09-20T20:20:00-06:00,2026-09-20 20:20:00,64.4,64.4,49.8,0,0,11.4,206,0,0,0,0,0.37,55.93,29.96,59,0,0,76.5,35,67.6,48,67.6,75.2,37,74.2,66.4,1,24.41,1,47.2,75.5,46.8,1,47.1,1
2026-09-20T20:15:00-06:00,2026-09-20 20:15:00,64.2,64.2,49.1,0,0,11.4,215,0,0,0,0,0.37,55.93,29.95,58,0,0,76.5,35,67.8,48,67.8,75.2,37,74.2,66.2,1,24.4,1,47.4,75.5,46.8,1,47.1,1
2026-09-20T20:10:00-06:00,2026-09-20 20:10:00,64.2,64.2,49.6,0,0,11.4,231,0,0,0,0,0.37,55.93,29.96,59,0,0,76.5,35,67.6,48,67.6,75.2,37,74.2,65.8,1,24.41,1,47.2,75.5,46.8,1,47.1,1
2026-09-20T20:05:00-06:00,2026-09-20 20:05:00,64.2,64.2,49.1,0,0,11.4,216,0,0,0,0,0.37,55.93,29.95,58,0,0,76.6,35,67.8,48,67.8,75.2,36,74.1,65.5,1,24.4,1,47.4,75.6,46.9,1,46.4,1
2026-09-20T20:00:00-06:00,2026-09-20 20:00:00,64.4,64.4,48.8,0,0,11.4,223,0,0,0,0,0.37,55.93,29.95,57,0,0,76.5,34,67.8,48,67.8,75.2,36,74.1,65.1,1,24.4,1,47.4,75.4,46,1,46.4,1
2026-09-20T19:55:00-06:00,2026-09-20 19:55:00,64.6,64.6,49,0,0,11.4,226,0,0,0,0,0.37,55.93,29.94,57,0,0,76.5,34,67.8,48,67.8,75.2,36,74.1,64.4,1,24.39,1,47.4,75.4,46,1,46.4,1
2026-09-20T19:50:00-06:00,2026-09-20 19:50:00,64.6,64.6,49.5,0,0,11.4,202,0,0,0,0,0.37,55.93,29.94,58,0,0,76.6,34,67.8,48,67.8,75.2,36,74.1,63.7,1,24.39,1,47.4,75.6,46.1,1,46.4,1
2026-09-20T19:45:00-06:00,2026-09-20 19:45:00,64.8,64.8,49.2,0,0,11.4,228,0,0,0,0,0.37,55.93,29.94,57,0,0,76.5,34,67.8,48,67.8,75.4,36,74.3,62.4,1,24.39,1,47.4,75.4,46,1,46.6,1
2026-09-20T19:40:00-06:00,2026-09-20 19:40:00,64.8,64.8,49.2,0,0,11.4,215,0,0,0,0,0.37,55.93,29.94,57,0,0,76.5,34,67.8,48,67.8,75.4,36,74.3,60.4,1,24.39,1,47.4,75.4,46,1,46.6,1
2026-09-20T19:35:00-06:00,2026-09-20 19:35:00,64.9,64.9,49.3,0,0,11.4,218,0,0,0,0,0.37,55.93,29.94,57,0,0,76.5,33,67.8,48,67.8,75.4,36,74.3,57.9,1,24.39,1,47.4,75.4,45.2,1,46.6,1
2026-09-20T19:30:00-06:00,2026-09-20 19:30:00,64.9,64.9,49.3,0,0,11.4,213,0,0,0,0,0.37,55.93,29.93,57,0,0,76.6,33,67.6,48,67.6,75.4,36,74.3,55,1,24.38,1,47.2,75.5,45.3,1,46.6,1
2026-09-20T19:25:00-06:00,2026-09-20 19:25:00,65.1,65.1,49,0,0,11.4,225,0,0,0,0,0.37,55.93,29.94,56,0,0,76.8,33,67.6,48,67.6,75.4,36,74.3,59.9,1,24.39,1,47.2,75.7,45.5,1,46.6,1
2026-09-20T19:20:00-06:00,2026-09-20 19:20:00,65.3,65.3,49.2,0,0,11.4,228,0,0,0,0,0.37,55.93,29.93,56,0,0.1,76.8,32,67.6,49,67.6,75.4,36,74.3,64,1,24.38,1,47.8,75.7,44.7,1,46.6,1
2026-09-20T19:15:00-06:00,2026-09-20 19:15:00,65.5,65.5,48.9,0,0,11.4,231,0,0,0,0,0.37,55.93,29.93,55,0,0.2,76.6,32,67.6,49,67.6,75.4,36,74.3,63.3,1,24.38,1,47.8,75.5,44.5,1,46.6,1
2026-09-20T19:10:00-06:00,2026-09-20 19:10:00,65.7,65.7,49.6,0,0,11.4,217,0,0,0,0,0.37,55.93,29.93,56,0,0.5,76.8,32,67.6,49,67.6,75.6,36,74.6,62.1,1,24.38,1,47.8,75.7,44.7,1,46.7,1
2026-09-20T19:05:00-06:00,2026-09-20 19:05:00,66,66,49.8,0,0,11.4,220,0,0,0,0,0.37,55.93,29.93,56,0,1,76.6,32,67.6,49,67.6,75.6,36,74.6,60.6,1,24.38,1,47.8,75.5,44.5,1,46.7,1
2026-09-20T19:00:00-06:00,2026-09-20 19:00:00,66.2,66.2,49.5,0,0,11.4,222,0,0,0,0,0.37,55.93,29.93,55,0,2.1,76.6,32,67.6,49,67.6,75.6,36,74.6,58.5,1,24.38,1,47.8,75.5,44.5,1,46.7,1
2026-09-20T18:55:00-06:00,2026-09-20 18:55:00,66.6,66.6,49.4,0.7,2.2,11.4,222,0,0,0,0,0.37,55.93,29.92,54,0,3.3,76.6,32,67.5,49,67.5,75.6,36,74.6,54.7,1,24.37,1,47.7,75.5,44.5,1,46.7,1
2026-09-20T18:50:00-06:00,2026-09-20 18:50:00,66.6,66.6,49.9,0.7,1.1,11.4,187,0,0,0,0,0.37,55.93,29.92,55,0,4.8,76.8,31,67.5,49,67.5,75.6,36,74.6,51.6,1,24.37,1,47.7,75.6,43.9,1,46.7,1
2026-09-20T18:45:00-06:00,2026-09-20 18:45:00,66.9,66.9,49.7,0.9,2.2,11.4,214,0,0,0,0,0.37,55.93,29.92,54,0,8.1,77,32,67.5,48,67.5,75.7,36,74.7,55.8,1,24.36,1,47.1,75.9,44.9,1,46.8,1
2026-09-20T18:40:00-06:00,2026-09-20 18:40:00,67.1,67.1,49.9,0,0,11.4,215,0,0,0,0,0.37,55.93,29.92,54,0,10.1,77,31,67.5,48,67.5,75.7,36,74.7,58.6,1,24.36,1,47.1,75.9,44,1,46.8,1
2026-09-20T18:35:00-06:00,2026-09-20 18:35:00,67.3,67.3,50.1,0,0,11.4,222,0,0,0,0,0.37,55.93,29.91,54,0,14.9,77,31,67.5,47,67.5,75.7,35,74.6,55.8,1,24.36,1,46.6,75.9,44,1,46.1,1
2026-09-20T18:30:00-06:00,2026-09-20 18:30:00,67.3,67.3,50.6,0.5,1.1,11.4,183,0,0,0,0,0.37,55.93,29.92,55,0,20.7,77,31,67.3,47,67.3,75.9,35,74.8,50,1,24.37,1,46.4,75.9,44,1,46.3,1
2026-09-20T18:25:00-06:00,2026-09-20 18:25:00,67.5,67.5,50.3,0,0,11.4,226,0,0,0,0,0.37,55.93,29.92,54,0,27,77.4,31,67.3,47,67.3,75.9,35,74.8,51.8,1,24.36,1,46.4,76.3,44.4,1,46.3,1
2026-09-20T18:20:00-06:00,2026-09-20 18:20:00,67.6,67.6,50.4,0,0,11.4,224,0,0,0,0,0.37,55.93,29.91,54,0,34,77.5,31,67.3,46,67.3,75.9,35,74.8,55.8,1,24.36,1,45.8,76.4,44.5,1,46.3,1
2026-09-20T18:15:00-06:00,2026-09-20 18:15:00,67.6,67.6,50.4,0,0,11.4,221,0,0,0,0,0.37,55.93,29.92,54,0,39.1,77.4,31,67.3,46,67.3,76.1,35,75.1,54.7,1,24.36,1,45.8,76.3,44.4,1,46.4,1
2026-09-20T18:10:00-06:00,2026-09-20 18:10:00,67.5,67.5,50.3,0.9,1.1,11.4,148,0,0,0,0,0.37,55.93,29.91,54,0,44.2,77.5,30,67.3,46,67.3,76.1,35,75.1,49.6,1,24.36,1,45.8,76.4,43.6,1,46.4,1
2026-09-20T18:05:00-06:00,2026-09-20 18:05:00,67.5,67.5,50.3,1.3,2.2,11.4,182,0,0,0,0,0.37,55.93,29.91,54,0,44.2,77.7,31,67.3,46,67.3,76.1,35,75.1,50.2,1,24.36,1,45.8,76.6,44.6,1,46.4,1
2026-09-20T18:00:00-06:00,2026-09-20 18:00:00,67.6,67.6,49.9,2.2,3.4,11.4,116,0,0,0,0,0.37,55.93,29.91,53,0,32.4,77.9,31,67.3,46,67.3,76.3,35,75.3,53.2,1,24.36,1,45.8,76.8,44.8,1,46.6,1
2026-09-20T17:55:00-06:00,2026-09-20 17:55:00,68.2,67.2,49.9,0,0,11.4,222,0,0,0,0,0.37,55.93,29.91,52,0,31.5,78.1,31,67.3,46,67.3,76.3,35,75.3,55.9,1,24.36,1,45.8,77.1,45,1,46.6,1
2026-09-20T17:50:00-06:00,2026-09-20 17:50:00,68.2,67.2,49.9,0.5,1.1,11.4,239,0,0,0,0,0.37,55.93,29.91,52,0,65.7,78.1,30,67.3,46,67.3,76.3,35,75.3,52.3,1,24.35,1,45.8,77,44.1,1,46.6,1
2026-09-20T17:45:00-06:00,2026-09-20 17:45:00,68.2,67.2,50.4,0,0,11.4,219,0,0,0,0,0.37,55.93,29.91,53,0,70.2,78.4,30,67.3,46,67.3,76.5,35,75.5,48.9,1,24.36,1,45.8,77.4,44.4,1,46.8,1
2026-09-20T17:40:00-06:00,2026-09-20 17:40:00,68,68,50.2,0,0,11.4,184,0,0,0,0,0.37,55.93,29.9,53,0,40.6,78.6,30,67.3,46,67.3,76.5,36,75.5,49.3,1,24.35,1,45.8,77.6,44.6,1,47.5,1
2026-09-20T17:35:00-06:00,2026-09-20 17:35:00,68.5,67.5,50.2,0,0,11.4,202,0,0,0,0,0.37,55.93,29.9,52,0,30.7,78.8,30,67.3,47,67.3,76.6,35,75.6,50,1,24.35,1,46.4,77.8,44.7,1,46.9,1
2026-09-20T17:30:00-06:00,2026-09-20 17:30:00,69.1,68.1,50.2,0,0,11.4,211,0,0,0,0,0.37,55.93,29.91,51,0,38.5,79.2,30,67.3,47,67.3,76.6,36,75.7,52.2,1,24.35,1,46.4,78.2,45.1,1,47.6,1
2026-09-20T17:25:00-06:00,2026-09-20 17:25:00,69.6,68.7,50.7,0,0,11.4,223,0,0,0,0,0.37,55.93,29.9,51,0,59.9,79.3,31,67.3,47,67.3,76.6,36,75.7,55.4,1,24.34,1,46.4,78.4,46,1,47.6,1
2026-09-20T17:20:00-06:00,2026-09-20 17:20:00,70.3,69.4,50.8,0,0,11.4,223,0,0,0,0,0.37,55.93,29.9,50,0,45.4,79.3,30,67.3,47,67.3,76.8,36,75.9,52.2,1,24.35,1,46.4,78.3,45.2,1,47.8,1
2026-09-20T17:15:00-06:00,2026-09-20 17:15:00,70.7,69.7,50,0,0,11.4,222,0,0,0,0,0.37,55.93,29.9,48,0,97.7,79.7,30,67.3,47,67.3,76.8,36,75.9,49.3,1,24.35,1,46.4,78.8,45.5,1,47.8,1
2026-09-20T17:10:00-06:00,2026-09-20 17:10:00,70.2,69.3,50.7,0,0,11.4,222,0,0,0,0,0.37,55.93,29.89,50,0,48,79.9,30,67.3,47,67.3,77,36,76.1,49.6,1,24.34,1,46.4,79,45.7,1,48,1
2026-09-20T17:05:00-06:00,2026-09-20 17:05:00,71.4,70.5,50.7,0,0,11.4,254,0,0,0,0,0.37,55.93,29.89,48,0,48.1,80.2,30,67.3,47,67.3,77,36,76.1,49.8,1,24.34,1,46.4,79.3,45.9,1,48,1
2026-09-20T17:00:00-06:00,2026-09-20 17:00:00,73.4,72.6,50.8,0,0,11.4,225,0,0,0,0,0.37,55.93,29.9,45,0,46.5,80.8,30,67.3,47,67.3,77.2,36,76.3,50.2,1,24.34,1,46.4,79.7,46.4,1,48.2,1
2026-09-20T16:55:00-06:00,2026-09-20 16:55:00,73.6,72.7,50.3,0,0,11.4,235,0,0,0,0,0.37,55.93,29.89,44,1,168.8,81,31,67.3,47,67.3,77.2,36,76.3,50.4,1,24.34,1,46.4,79.9,47.5,1,48.2,1
2026-09-20T16:50:00-06:00,2026-09-20 16:50:00,73.8,73,51.1,0.9,1.1,11.4,182,0,0,0,0,0.37,55.93,29.88,45,1,196.8,80.8,31,67.3,47,67.3,77,36,76.1,50.9,1,24.33,1,46.4,79.8,47.3,1,48,1
2026-09-20T16:45:00-06:00,2026-09-20 16:45:00,72.7,71.8,50.1,0.9,1.1,11.4,258,0,0,0,0,0.37,55.93,29.89,45,1,169.7,81,31,67.3,47,67.3,77,36,76.1,51.6,1,24.34,1,46.4,79.9,47.5,1,48,1
2026-09-20T16:40:00-06:00,2026-09-20 16:40:00,73.4,72.6,51.9,1.1,1.1,11.4,191,0,0,0,0,0.37,55.93,29.89,47,2,222.6,81.1,32,67.3,48,67.3,76.8,36,75.9,52.7,1,24.34,1,46.9,80,48.4,1,47.8,1
2026-09-20T16:35:00-06:00,2026-09-20 16:35:00,72.3,71.3,49.8,0.7,1.1,11.4,243,0,0,0,0,0.37,55.93,29.89,45,0,99.2,81,32,67.3,48,67.3,76.6,37,75.7,56.5,1,24.34,1,46.9,80,48.3,1,48.4,1
2026-09-20T16:30:00-06:00,2026-09-20 16:30:00,72,71.1,50.7,1.6,2.2,11.4,215,0,0,0,0,0.37,55.93,29.89,47,0,91.8,81.1,33,67.3,48,67.3,76.6,37,75.7,63.9,1,24.34,1,46.9,80.1,49.2,1,48.4,1
2026-09-20T16:25:00-06:00,2026-09-20 16:25:00,72,71.1,50.7,0,0,11.4,221,0,0,0,0,0.37,55.93,29.9,47,0,79.4,81.1,33,67.3,47,67.3,76.5,37,75.6,69.4,1,24.34,1,46.4,80.1,49.2,1,48.3,1
2026-09-20T16:20:00-06:00,2026-09-20 16:20:00,72.1,71.1,49.6,0,0,11.4,218,0,0,0,0,0.37,55.93,29.89,45,2,278,81.1,33,67.3,47,67.3,76.5,37,75.6,69.4,1,24.34,1,46.4,80.1,49.2,1,48.3,1
2026-09-20T16:15:00-06:00,2026-09-20 16:15:00,71.8,70.8,49.9,3.4,5.8,11.4,178,0,0,0,0,0.37,55.93,29.88,46,2,281.9,81,33,67.3,47,67.3,76.3,37,75.4,69.4,1,24.33,1,46.4,80,49.2,1,48.1,1
2026-09-20T16:10:00-06:00,2026-09-20 16:10:00,70.7,69.7,50,1.1,1.1,11.4,215,0,0,0,0,0.37,55.93,29.88,48,2,287.9,80.6,33,67.3,47,67.3,76.1,37,75.1,69.4,1,24.33,1,46.4,79.8,48.8,1,47.9,1
2026-09-20T16:05:00-06:00,2026-09-20 16:05:00,70.7,69.7,50,3.1,3.4,11.4,96,0,0,0,0,0.37,55.93,29.89,48,2,303.7,80.4,33,67.3,47,67.3,76.1,37,75.1,69.3,1,24.34,1,46.4,79.6,48.6,1,47.9,1
2026-09-20T16:00:00-06:00,2026-09-20 16:00:00,71.4,70.4,50.1,2.7,3.4,11.4,196,0,0,0,0,0.37,55.93,29.89,47,3,333.2,80.4,33,67.1,47,67.1,75.9,37,74.9,69.3,1,24.34,1,46.2,79.6,48.6,1,47.7,1
2026-09-20T15:55:00-06:00,2026-09-20 15:55:00,71.8,70.9,50.5,0,0,11.4,214,0,0,0,0,0.37,55.93,29.88,47,0,89.3,80.2,33,67.3,47,67.3,75.9,37,74.9,69.3,1,24.33,1,46.4,79.5,48.5,1,47.7,1
2026-09-20T15:50:00-06:00,2026-09-20 15:50:00,72,71.1,50.7,0.9,2.2,11.4,240,0,0,0,0,0.37,55.93,29.89,47,3,353.9,80.2,33,67.1,47,67.1,75.7,37,74.7,69.3,1,24.34,1,46.2,79.5,48.5,1,47.6,1
2026-09-20T15:45:00-06:00,2026-09-20 15:45:00,72.3,71.4,50.9,1.3,2.2,11.4,194,0,0,0,0,0.37,55.93,29.88,47,2,259.9,80.1,33,67.1,47,67.1,75.6,37,74.6,69.3,1,24.33,1,46.2,79.5,48.4,1,47.5,1
2026-09-20T15:40:00-06:00,2026-09-20 15:40:00,72.3,71.4,50.9,2.5,3.4,11.4,186,0,0,0,0,0.37,55.93,29.89,47,3,379,79.9,33,67.1,47,67.1,75.4,37,74.4,69.1,1,24.34,1,46.2,79.1,48.2,1,47.3,1
2026-09-20T15:35:00-06:00,2026-09-20 15:35:00,73.6,72.8,50.9,4,4.5,11.4,106,0,0,0,0,0.37,55.93,29.89,45,3,405.7,79.7,33,67.1,47,67.1,75.2,37,74.2,69.1,1,24.34,1,46.2,78.9,48,1,47.1,1
2026-09-20T15:30:00-06:00,2026-09-20 15:30:00,71.4,70.5,50.7,0,0,11.4,220,0,0,0,0,0.37,55.93,29.88,48,4,439.6,79.3,33,67.1,47,67.1,75.2,37,74.2,69.1,1,24.33,1,46.2,78.5,47.7,1,47.1,1
2026-09-20T15:25:00-06:00,2026-09-20 15:25:00,71.1,70.3,51.5,1.3,2.2,11.4,150,0,0,0,0,0.37,55.93,29.88,50,1,165.5,79.2,33,67.1,47,67.1,75,37,73.9,68.9,1,24.33,1,46.2,78.4,47.6,1,46.9,1
2026-09-20T15:20:00-06:00,2026-09-20 15:20:00,72.1,71.1,49.6,0,0,11.4,230,0,0,0,0,0.37,55.93,29.89,45,4,435.7,79,33,67.1,47,67.1,74.8,37,73.7,68.9,1,24.34,1,46.2,78.2,47.4,1,46.8,1
2026-09-20T15:15:00-06:00,2026-09-20 15:15:00,71.8,70.9,50.5,0.7,1.1,11.4,232,0,0,0,0,0.37,55.93,29.89,47,4,472,78.8,34,67.1,47,67.1,74.8,37,73.7,68.9,1,24.34,1,46.2,78,48,1,46.8,1
2026-09-20T15:10:00-06:00,2026-09-20 15:10:00,71.2,70.3,50.5,0,0,11.4,219,0,0,0,0,0.37,55.93,29.89,48,1,140.1,78.6,34,67.1,47,67.1,74.7,37,73.6,68.9,1,24.34,1,46.2,77.8,47.9,1,46.7,1
2026-09-20T15:05:00-06:00,2026-09-20 15:05:00,70,69.1,51,2.2,3.4,11.4,171,0,0,0,0,0.37,55.93,29.88,51,4,511.4,78.3,34,67.1,47,67.1,74.7,37,73.6,68.9,1,24.33,1,46.2,77.4,47.6,1,46.7,1
2026-09-20T15:00:00-06:00,2026-09-20 15:00:00,69.4,68.4,49.9,2.2,2.2,11.4,53,0,0,0,0,0.37,55.93,29.88,50,4,446.3,78.1,34,67.1,47,67.1,74.5,37,73.4,68.7,1,24.33,1,46.2,77.2,47.4,1,46.5,1
2026-09-20T14:55:00-06:00,2026-09-20 14:55:00,70.9,70,51.3,1.3,2.2,11.4,205,0,0,0,0,0.37,55.93,29.88,50,0,72.3,78.3,34,67.1,47,67.1,74.5,37,73.4,68.7,1,24.33,1,46.2,77.4,47.6,1,46.5,1
2026-09-20T14:50:00-06:00,2026-09-20 14:50:00,72,71.2,51.8,0,0,11.4,209,0,0,0,0,0.37,55.93,29.89,49,5,542.8,78.1,34,67.1,47,67.1,74.3,37,73.2,68.7,1,24.34,1,46.2,77.2,47.4,1,46.3,1
2026-09-20T14:45:00-06:00,2026-09-20 14:45:00,71.2,70.3,51,0.9,1.1,11.4,225,0,0,0,0,0.37,55.93,29.89,49,1,126.4,78.1,34,67.1,47,67.1,74.3,37,73.2,68.7,1,24.34,1,46.2,77.2,47.4,1,46.3,1
2026-09-20T14:40:00-06:00,2026-09-20 14:40:00,69.4,68.4,50.5,0.2,1.1,11.4,235,0,0,0,0,0.37,55.93,29.88,51,5,547.5,77.9,34,67.1,48,67.1,74.1,37,72.9,68.5,1,24.33,1,46.7,77,47.3,1,46.1,1
2026-09-20T14:35:00-06:00,2026-09-20 14:35:00,69.8,69,51.9,2.9,4.5,11.4,152,0,0,0,0,0.37,55.93,29.89,53,3,398.4,77.5,34,67.1,48,67.1,73.9,37,72.7,68.5,1,24.34,1,46.7,76.5,46.9,1,46,1
2026-09-20T14:30:00-06:00,2026-09-20 14:30:00,69.4,68.5,51,2.2,3.4,11.4,192,0,0,0,0,0.37,55.93,29.89,52,4,415.4,77.5,34,66.9,48,66.9,73.9,37,72.7,68.5,1,24.34,1,46.6,76.5,46.9,1,46,1
2026-09-20T14:25:00-06:00,2026-09-20 14:25:00,69.6,68.7,50.7,0.7,1.1,11.4,213,0,0,0,0,0.37,55.93,29.89,51,5,537.9,77.4,34,67.1,48,67.1,73.8,37,72.6,68.5,1,24.34,1,46.7,76.4,46.8,1,45.9,1
2026-09-20T14:20:00-06:00,2026-09-20 14:20:00,69.8,68.9,51.4,4,4.5,11.4,76,0,0,0,0,0.37,55.93,29.89,52,5,551.1,77.2,34,66.9,48,66.9,73.8,37,72.6,68.5,1,24.34,1,46.6,76.2,46.6,1,45.9,1
2026-09-20T14:15:00-06:00,2026-09-20 14:15:00,69.6,68.7,51.2,0.7,1.1,11.4,162,0,0,0,0,0.37,55.93,29.89,52,5,537.7,77,34,66.9,48,66.9,73.6,37,72.4,68.5,1,24.34,1,46.6,76,46.5,1,45.7,1
2026-09-20T14:10:00-06:00,2026-09-20 14:10:00,71.1,70.3,52,2.2,3.4,11.4,117,0,0,0,0,0.37,55.93,29.88,51,5,555.8,76.8,34,66.9,48,66.9,73.6,37,72.4,68.5,1,24.33,1,46.6,75.8,46.3,1,45.7,1
2026-09-20T14:05:00-06:00,2026-09-20 14:05:00,72.5,71.8,52.2,1.1,1.1,11.4,216,0,0,0,0,0.37,55.93,29.89,49,5,584,76.6,34,66.9,47,66.9,73.4,37,72.2,68.4,1,24.34,1,46,75.6,46.1,1,45.5,1
2026-09-20T14:00:00-06:00,2026-09-20 14:00:00,70.7,69.9,51.7,0,0,11.4,226,0,0,0,0,0.37,55.93,29.89,51,5,584.4,76.5,34,66.9,47,66.9,73.4,37,72.2,68.4,1,24.34,1,46,75.4,46,1,45.5,1
2026-09-20T13:55:00-06:00,2026-09-20 13:55:00,69.4,68.5,51.5,0.9,2.2,11.4,221,0,0,0,0,0.37,55.93,29.89,53,5,526,76.1,34,66.9,47,66.9,73.2,37,72,68.4,1,24.34,1,46,75,45.7,1,45.4,1
2026-09-20T13:50:00-06:00,2026-09-20 13:50:00,70.5,69.7,52,0.2,1.1,11.4,209,0,0,0,0,0.37,55.93,29.89,52,1,154.8,76.1,34,66.9,47,66.9,73.2,38,72,68.4,1,24.34,1,46,75,45.7,1,46.1,1
2026-09-20T13:45:00-06:00,2026-09-20 13:45:00,69.3,68.5,51.9,0.2,1.1,11.4,193,0,0,0,0,0.37,55.93,29.9,54,6,649.1,75.9,34,66.9,47,66.9,73.2,38,72,68.4,1,24.34,1,46,74.8,45.5,1,46.1,1
2026-09-20T13:40:00-06:00,2026-09-20 13:40:00,68,68,51.7,0,0,11.4,204,0,0,0,0,0.37,55.93,29.89,56,6,645.6,75.7,35,66.7,47,66.7,73.2,38,72,68.2,1,24.34,1,45.8,74.6,46.1,1,46.1,1
2026-09-20T13:35:00-06:00,2026-09-20 13:35:00,67.5,67.5,49.8,0.2,1.1,11.4,260,0,0,0,0,0.37,55.93,29.9,53,4,467.4,75.7,34,66.7,47,66.7,73,38,71.8,68.2,1,24.35,1,45.8,74.6,45.3,1,45.9,1
2026-09-20T13:30:00-06:00,2026-09-20 13:30:00,66.4,66.4,51.2,2.2,2.2,11.4,199,0,0,0,0,0.37,55.93,29.9,58,1,172,75.6,34,66.7,47,66.7,73,38,71.8,68.2,1,24.34,1,45.8,74.5,45.2,1,45.9,1
2026-09-20T13:25:00-06:00,2026-09-20 13:25:00,66.2,66.2,51.4,3.4,4.5,11.4,132,0,0,0,0,0.37,55.93,29.89,59,1,114.1,75.6,34,66.7,47,66.7,73,38,71.8,68.2,1,24.34,1,45.8,74.5,45.2,1,45.9,1
2026-09-20T13:20:00-06:00,2026-09-20 13:20:00,66.6,66.6,51.4,0.7,2.2,11.4,86,0,0,0,0,0.37,55.93,29.9,58,1,184.8,75.4,34,66.7,47,66.7,73,37,71.7,68.2,1,24.35,1,45.8,74.2,45.1,1,45.2,1
2026-09-20T13:15:00-06:00,2026-09-20 13:15:00,65.8,65.8,50.1,0,0,11.4,189,0,0,0,0,0.37,55.93,29.89,57,1,137.3,75.4,34,66.7,47,66.7,73,37,71.7,68,1,24.34,1,45.8,74.2,45.1,1,45.2,1
2026-09-20T13:10:00-06:00,2026-09-20 13:10:00,66,66,51.3,4.5,5.8,11.4,99,0,0,0,0,0.37,55.93,29.91,59,1,165.4,75.4,34,66.7,47,66.7,73,37,71.7,68,1,24.35,1,45.8,74.2,45.1,1,45.2,1
2026-09-20T13:05:00-06:00,2026-09-20 13:05:00,68.2,67.3,51.4,3.8,4.5,11.4,138,0,0,0,0,0.37,55.93,29.9,55,1,150.7,75.4,34,66.7,47,66.7,73,37,71.7,68,1,24.35,1,45.8,74.2,45.1,1,45.2,1
2026-09-20T13:00:00-06:00,2026-09-20 13:00:00,67.6,67.6,51.3,3.8,5.8,11.4,169,0,0,0,0,0.37,55.93,29.89,56,1,111.8,75.2,34,66.7,47,66.7,73,37,71.7,68,1,24.34,1,45.8,74,44.9,1,45.2,1
2026-09-20T12:55:00-06:00,2026-09-20 12:55:00,67.6,67.6,50.8,2.7,3.4,8.1,62,0,0,0,0,0.37,55.93,29.9,55,0,90.2,75,34,66.7,47,66.7,72.9,37,71.6,68,1,24.34,1,45.8,73.8,44.7,1,45.1,1
2026-09-20T12:50:00-06:00,2026-09-20 12:50:00,68.5,67.5,50.7,1.3,2.2,8.1,165,0,0,0,0,0.37,55.93,29.9,53,1,153.5,75,34,66.7,47,66.7,72.9,37,71.6,68,1,24.35,1,45.8,73.8,44.7,1,45.1,1
2026-09-20T12:45:00-06:00,2026-09-20 12:45:00,66.2,66.2,49.5,3.8,5.8,8.1,60,0,0,0,0,0.37,55.93,29.9,55,1,190.3,75,34,66.6,47,66.6,72.9,37,71.6,67.8,1,24.35,1,45.7,73.8,44.7,1,45.1,1
2026-09-20T12:40:00-06:00,2026-09-20 12:40:00,66.9,66.9,50.7,2.2,3.4,8.1,195,0,0,0,0,0.37,55.93,29.9,56,2,287.2,74.8,34,66.6,47,66.6,72.9,37,71.6,67.8,1,24.35,1,45.7,73.6,44.5,1,45.1,1
2026-09-20T12:35:00-06:00,2026-09-20 12:35:00,65.8,65.8,50.1,2.2,3.4,8.1,115,0,0,0,0,0.37,55.93,29.9,57,1,171.7,74.8,34,66.6,47,66.6,72.7,37,71.4,67.8,1,24.35,1,45.7,73.6,44.5,1,44.9,1
2026-09-20T12:30:00-06:00,2026-09-20 12:30:00,66.4,66.4,50.2,1.3,4.5,8.1,76,0,0,0,0,0.37,55.93,29.9,56,5,518.6,74.7,34,66.6,47,66.6,72.7,37,71.4,67.6,1,24.35,1,45.7,73.5,44.5,1,44.9,1
2026-09-20T12:25:00-06:00,2026-09-20 12:25:00,65.7,65.7,50,1.6,2.2,8.1,82,0,0,0,0,0.37,55.93,29.91,57,3,330.2,74.7,34,66.6,47,66.6,72.5,37,71.2,67.6,1,24.35,1,45.7,73.5,44.5,1,44.7,1
2026-09-20T12:20:00-06:00,2026-09-20 12:20:00,67.1,67.1,50.9,6.5,8.1,8.1,75,0,0,0,0,0.37,55.93,29.91,56,3,347,74.5,34,66.6,47,66.6,72.5,37,71.2,67.6,1,24.36,1,45.7,73.2,44.3,1,44.7,1
2026-09-20T12:15:00-06:00,2026-09-20 12:15:00,65.5,65.5,50.3,0,0,6.9,230,0,0,0,0,0.37,55.93,29.9,58,2,279.3,74.5,34,66.6,47,66.6,72.5,37,71.2,67.6,1,24.35,1,45.7,73.2,44.3,1,44.7,1
2026-09-20T12:10:00-06:00,2026-09-20 12:10:00,65.5,65.5,49.9,1.6,3.4,6.9,113,0,0,0,0,0.37,55.93,29.91,57,4,426.2,74.3,34,66.6,47,66.6,72.5,37,71.2,67.5,1,24.35,1,45.7,73,44.1,1,44.7,1
2026-09-20T12:05:00-06:00,2026-09-20 12:05:00,66,66,49.8,1.3,2.2,6.9,185,0,0,0,0,0.37,55.93,29.9,56,1,149.1,74.3,34,66.6,47,66.6,72.3,37,71,67.6,1,24.35,1,45.7,73,44.1,1,44.6,1
2026-09-20T12:00:00-06:00,2026-09-20 12:00:00,64.9,64.9,49.8,2.5,3.4,6.9,131,0,0,0,0,0.37,55.93,29.9,58,0,47.3,74.3,34,66.4,47,66.4,72.3,37,71,67.8,1,24.35,1,45.6,73,44.1,1,44.6,1
2026-09-20T11:55:00-06:00,2026-09-20 11:55:00,65.1,65.1,50,1.3,2.2,6.9,182,0,0,0,0,0.37,55.93,29.91,58,1,125.9,74.1,34,66.6,47,66.6,72.3,37,71,67.6,1,24.35,1,45.7,72.8,43.9,1,44.6,1
2026-09-20T11:50:00-06:00,2026-09-20 11:50:00,65.8,65.8,50.6,1.6,3.4,6.9,48,0,0,0,0,0.37,55.93,29.9,58,0,58.9,74.1,34,66.4,47,66.4,72.3,37,71,67.6,1,24.35,1,45.6,72.8,43.9,1,44.6,1
2026-09-20T11:45:00-06:00,2026-09-20 11:45:00,65.5,65.5,50.3,1.3,2.2,6.9,256,0,0,0,0,0.37,55.93,29.91,58,0,94.3,74.1,34,66.4,47,66.4,72.3,37,71,67.6,1,24.36,1,45.6,72.8,43.9,1,44.6,1
2026-09-20T11:40:00-06:00,2026-09-20 11:40:00,64,64,49.8,1.3,2.2,6.9,344,0,0,0,0,0.37,55.93,29.91,60,1,148.2,73.9,34,66.4,47,66.4,72.3,37,71,67.6,1,24.36,1,45.6,72.6,43.7,1,44.6,1
2026-09-20T11:35:00-06:00,2026-09-20 11:35:00,64,64,50.3,2.9,4.5,6.9,84,0,0,0,0,0.37,55.93,29.91,61,0,42.4,73.9,34,66.4,47,66.4,72.3,37,71,67.6,1,24.35,1,45.6,72.6,43.7,1,44.6,1
2026-09-20T11:30:00-06:00,2026-09-20 11:30:00,64.2,64.2,50.5,0.9,1.1,6.9,172,0,0,0,0,0.37,55.93,29.91,61,0,39.7,73.9,34,66.4,47,66.4,72.3,37,71,67.5,1,24.36,1,45.6,72.6,43.7,1,44.6,1
2026-09-20T11:25:00-06:00,2026-09-20 11:25:00,63.5,63.5,50.7,3.8,6.9,6.9,75,0,0,0,0,0.37,55.93,29.91,63,0,40.5,73.9,34,66.4,47,66.4,72.1,37,70.7,67.5,1,24.35,1,45.6,72.6,43.7,1,44.4,1
2026-09-20T11:20:00-06:00,2026-09-20 11:20:00,64.2,64.2,50.9,2.5,3.4,5.8,133,0,0,0,0,0.37,55.93,29.91,62,0,42.2,73.8,34,66.4,47,66.4,72.1,37,70.7,67.6,1,24.36,1,45.6,72.5,43.7,1,44.4,1
2026-09-20T11:15:00-06:00,2026-09-20 11:15:00,63.1,63.1,50.7,3.4,3.4,5.8,49,0,0,0,0,0.37,55.93,29.91,64,0,42.1,73.8,34,66.2,47,66.2,72.1,37,70.7,67.6,1,24.36,1,45.4,72.5,43.7,1,44.4,1
2026-09-20T11:10:00-06:00,2026-09-20 11:10:00,63.1,63.1,50.3,0,0,5.8,231,0,0,0,0,0.37,55.93,29.91,63,0,41,73.8,34,66.2,47,66.2,72.1,37,70.7,67.6,1,24.36,1,45.4,72.5,43.7,1,44.4,1
2026-09-20T11:05:00-06:00,2026-09-20 11:05:00,63.7,63.7,50.4,0,0,5.8,209,0,0,0,0,0.37,55.93,29.92,62,0,38.1,73.6,34,66.2,47,66.2,72,37,70.6,67.6,1,24.37,1,45.4,72.3,43.5,1,44.3,1
2026-09-20T11:00:00-06:00,2026-09-20 11:00:00,63.5,63.5,49.8,0,0,5.8,241,0,0,0,0,0.37,55.93,29.92,61,0,41.3,73.6,34,66.2,47,66.2,72,37,70.6,67.6,1,24.37,1,45.4,72.3,43.5,1,44.3,1
2026-09-20T10:55:00-06:00,2026-09-20 10:55:00,63.3,63.3,49.6,2.2,3.4,5.8,62,0,0,0,0,0.37,55.93,29.92,61,0,37.5,73.4,34,66.2,47,66.2,72,37,70.6,67.8,1,24.36,1,45.4,72,43.3,1,44.3,1
2026-09-20T10:50:00-06:00,2026-09-20 10:50:00,63.1,63.1,49.9,0.9,1.1,4.5,269,0,0,0,0,0.37,55.93,29.92,62,0,53.9,73.4,34,66,47,66,72,37,70.6,68,1,24.37,1,45.2,72,43.3,1,44.3,1
2026-09-20T10:45:00-06:00,2026-09-20 10:45:00,62.6,62.6,50.2,1.1,2.2,4.5,189,0,0,0,0,0.37,55.93,29.93,64,0,61.3,73.4,34,66,47,66,72,37,70.6,68,1,24.37,1,45.2,72,43.3,1,44.3,1
2026-09-20T10:40:00-06:00,2026-09-20 10:40:00,62.4,62.4,50.9,0.5,1.1,4.5,223,0,0,0,0,0.37,55.93,29.91,66,0,33.8,73.2,34,66,47,66,71.8,37,70.4,68.4,1,24.36,1,45.2,71.8,43.1,1,44.1,1
2026-09-20T10:35:00-06:00,2026-09-20 10:35:00,63.1,63.1,50.7,0.7,2.2,4.5,224,0,0,0,0,0.37,55.93,29.92,64,0,33.2,73,34,66,48,66,71.8,37,70.4,69.3,1,24.37,1,45.7,71.6,43,1,44.1,1
2026-09-20T10:30:00-06:00,2026-09-20 10:30:00,62.6,62.6,51.5,3.4,3.4,4.5,121,0,0,0,0,0.37,55.93,29.91,67,0,33.4,73,34,66,48,66,71.8,37,70.4,70.7,1,24.36,1,45.7,71.6,43,1,44.1,1
2026-09-20T10:25:00-06:00,2026-09-20 10:25:00,63.1,63.1,50.7,0.2,1.1,4.5,237,0,0,0,0,0.37,55.93,29.91,64,0,34.1,73,34,65.8,47,65.8,71.8,37,70.4,68.7,1,24.36,1,45,71.6,43,1,44.1,1
2026-09-20T10:20:00-06:00,2026-09-20 10:20:00,62.4,62.4,50.1,1.3,2.2,4.5,217,0,0,0,0,0.37,55.93,29.91,64,0,35,72.9,34,65.8,47,65.8,71.6,37,70.2,66.6,1,24.36,1,45,71.5,42.9,1,43.9,1
2026-09-20T10:15:00-06:00,2026-09-20 10:15:00,62.6,62.6,51.1,0.7,1.1,4.5,213,0,0,0,0,0.37,55.93,29.91,66,0,39.1,72.9,34,65.8,47,65.8,71.6,37,70.2,66.6,1,24.36,1,45,71.5,42.9,1,43.9,1
2026-09-20T10:10:00-06:00,2026-09-20 10:10:00,61.9,61.9,50,1.8,2.2,4.5,234,0,0,0,0,0.37,55.93,29.91,65,0,44.8,72.7,34,65.8,47,65.8,71.6,37,70.2,66.9,1,24.36,1,45,71.3,42.7,1,43.9,1
2026-09-20T10:05:00-06:00,2026-09-20 10:05:00,61.7,61.7,50.6,0,0,4.5,207,0,0,0,0,0.37,55.93,29.91,67,1,137.6,72.7,34,65.8,47,65.8,71.6,37,70.2,67.1,1,24.36,1,45,71.3,42.7,1,43.9,1
2026-09-20T10:00:00-06:00,2026-09-20 10:00:00,61,61,50.4,0.7,1.1,4.5,190,0,0,0,0,0.37,55.93,29.92,68,1,179.7,72.5,34,65.8,46,65.8,71.6,37,70.2,67.1,1,24.37,1,44.4,71,42.5,1,43.9,1
2026-09-20T09:55:00-06:00,2026-09-20 09:55:00,60.4,60.4,50.6,0.5,1.1,4.5,185,0,0,0,0,0.37,55.93,29.92,70,0,83.2,72.5,34,65.8,46,65.8,71.4,37,70,65.8,1,24.37,1,44.4,71,42.5,1,43.8,1
2026-09-20T09:50:00-06:00,2026-09-20 09:50:00,60.1,60.1,50.3,1.6,2.2,4.5,253,0,0,0,0,0.37,55.93,29.92,70,0,38.1,72.3,34,65.8,46,65.8,71.4,37,70,65.8,1,24.36,1,44.4,70.8,42.3,1,43.8,1
2026-09-20T09:45:00-06:00,2026-09-20 09:45:00,60.8,60.8,50.2,0.9,2.2,4.5,168,0,0,0,0,0.37,55.93,29.92,68,0,36.7,72.3,34,65.7,46,65.7,71.4,37,70,66.2,1,24.36,1,44.3,70.8,42.3,1,43.8,1
2026-09-20T09:40:00-06:00,2026-09-20 09:40:00,61.2,61.2,50.6,0,0,4.5,210,0,0,0,0,0.37,55.93,29.92,68,0,30.6,72.1,35,65.7,46,65.7,71.2,37,69.8,66.6,1,24.37,1,44.3,70.7,42.9,1,43.6,1
2026-09-20T09:35:00-06:00,2026-09-20 09:35:00,60.6,60.6,50,2.2,3.4,3.4,101,0,0,0,0,0.37,55.93,29.92,68,0,31.1,72.1,35,65.7,46,65.7,71.2,37,69.8,68,1,24.36,1,44.3,70.7,42.9,1,43.6,1
2026-09-20T09:30:00-06:00,2026-09-20 09:30:00,60.4,60.4,50.2,0.9,2.2,3.4,126,0,0,0,0,0.37,55.93,29.92,69,0,31.8,72.1,35,65.7,45,65.7,71.2,37,69.8,72.3,1,24.37,1,43.8,70.7,42.9,1,43.6,1
2026-09-20T09:25:00-06:00,2026-09-20 09:25:00,60.1,60.1,50.3,1.6,3.4,3.4,139,0,0,0,0,0.37,55.93,29.91,70,0,38,72,35,65.7,45,65.7,71.2,37,69.8,72.5,1,24.36,1,43.8,70.5,42.8,1,43.6,1
2026-09-20T09:20:00-06:00,2026-09-20 09:20:00,59.5,59.5,49.7,0,0,1.1,231,0,0,0,0,0.37,55.93,29.92,70,0,58.6,72,35,65.7,45,65.7,71.1,37,69.6,72.7,1,24.37,1,43.8,70.5,42.8,1,43.5,1
2026-09-20T09:15:00-06:00,2026-09-20 09:15:00,59.7,59.7,50.3,0,0,12.5,213,0,0,0,0,0.37,55.93,29.93,71,0,42.3,71.8,34,65.7,45,65.7,71.1,37,69.6,,1,24.37,1,43.8,70.3,41.9,1,43.5,
2026-09-20T09:10:00-06:00,2026-09-20 09:10:00,59.4,59.4,50.4,0,0,12.5,255,0,0,0,0,0.37,55.93,29.92,72,0,48.3,71.8,34,65.7,45,65.7,71.1,37,69.6,,1,24.36,1,43.8,70.3,41.9,1,43.5,
2026-09-20T09:05:00-06:00,2026-09-20 09:05:00,59.4,59.4,50.7,0,0,12.5,185,0,0,0,0,0.37,55.93,29.92,73,0,63.3,71.6,34,65.7,45,65.7,70.9,37,69.4,,1,24.37,1,43.8,70.1,41.7,1,43.3,
2026-09-20T09:00:00-06:00,2026-09-20 09:00:00,59,59,50,0.2,1.1,12.5,221,0,0,0,0,0.37,55.93,29.93,72,0,64.9,71.4,34,65.7,45,65.7,70.9,37,69.4,,1,24.37,1,43.8,69.8,41.6,1,43.3,
2026-09-20T08:55:00-06:00,2026-09-20 08:55:00,58.1,58.1,49.5,1.3,2.2,12.5,234,0,0,0,0,0.37,55.93,29.93,73,0,72.6,71.4,34,65.7,45,65.7,70.7,37,69.2,,1,24.37,1,43.8,69.8,41.6,1,43.1,
2026-09-20T08:50:00-06:00,2026-09-20 08:50:00,58.5,58.5,49.9,0.2,1.1,12.5,225,0,0,0,0,0.37,55.93,29.93,73,0,62,71.2,35,65.7,45,65.7,70.7,37,69.2,,1,24.37,1,43.8,69.7,42.1,1,43.1,
2026-09-20T08:45:00-06:00,2026-09-20 08:45:00,58.5,58.5,50.2,0,0,12.5,188,0,0,0,0,0.37,55.93,29.93,74,0,102.3,71.1,34,65.7,45,65.7,70.7,37,69.2,,1,24.38,1,43.8,69.5,41.3,1,43.1,
2026-09-20T08:40:00-06:00,2026-09-20 08:40:00,57.7,57.7,49.8,1.1,1.1,12.5,213,0,0,0,0,0.37,55.93,29.93,75,0,95.9,70.9,35,65.7,45,65.7,70.7,37,69.2,,1,24.37,1,43.8,69.3,41.9,1,43.1,
2026-09-20T08:35:00-06:00,2026-09-20 08:35:00,57.6,57.6,50.1,0,0,12.5,267,0,0,0,0,0.37,55.93,29.93,76,0,52.9,70.9,35,65.5,45,65.5,70.5,37,69,,1,24.37,1,43.6,69.3,41.9,1,43,
2026-09-20T08:30:00-06:00,2026-09-20 08:30:00,56.8,56.8,49.3,0,0,12.5,217,0,0,0,0,0.37,55.93,29.93,76,0,49.7,70.7,35,65.7,45,65.7,70.5,37,69,,1,24.38,1,43.8,69.1,41.7,1,43,
2026-09-20T08:25:00-06:00,2026-09-20 08:25:00,57,57,49.2,0.2,1.1,12.5,253,0,0,0,0,0.37,55.93,29.93,75,0,33.5,70.5,35,65.5,45,65.5,70.5,37,69,,1,24.38,1,43.6,68.9,41.5,1,43,
2026-09-20T08:20:00-06:00,2026-09-20 08:20:00,57.2,57.2,48.3,0,0,12.5,214,0,0,0,0,0.37,55.93,29.93,72,0,38.7,70.5,35,65.5,45,65.5,70.3,37,68.8,,1,24.38,1,43.6,68.9,41.5,1,42.8,
2026-09-20T08:15:00-06:00,2026-09-20 08:15:00,56.5,56.5,45.7,0,0,12.5,223,0,0,0,0,0.37,55.93,29.93,67,0,23.8,70.3,35,65.5,45,65.5,70.3,37,68.8,,1,24.37,1,43.6,68.7,41.3,1,42.8,
2026-09-20T08:10:00-06:00,2026-09-20 08:10:00,55.8,55.8,43.4,0.2,1.1,12.5,254,0,0,0,0,0.37,55.93,29.92,63,0,24.8,70.3,35,65.5,45,65.5,70.2,37,68.7,,1,24.37,1,43.6,68.7,41.3,1,42.7,
2026-09-20T08:05:00-06:00,2026-09-20 08:05:00,55.8,55.8,43.4,0,0,12.5,220,0,0,0,0,0.37,55.93,29.92,63,0,22.7,70.2,35,65.5,45,65.5,70.2,37,68.7,,1,24.37,1,43.6,68.6,41.3,1,42.7,
2026-09-20T08:00:00-06:00,2026-09-20 08:00:00,56.5,56.5,43.2,0.7,1.1,12.5,219,0,0,0,0,0.37,55.93,29.93,61,0,22.1,70.2,35,65.5,45,65.5,70.2,37,68.7,,1,24.37,1,43.6,68.6,41.3,1,42.7,
2026-09-20T07:55:00-06:00,2026-09-20 07:55:00,57.4,57.4,44.1,2.2,3.4,12.5,90,0,0,0,0,0.37,55.93,29.92,61,0,21.7,70,35,65.5,45,65.5,70,37,68.4,,1,24.36,1,43.6,68.3,41.1,1,42.5,
2026-09-20T07:50:00-06:00,2026-09-20 07:50:00,56.8,56.8,43.1,0.7,1.1,12.5,143,0,0,0,0,0.37,55.93,29.92,60,0,23.6,70,35,65.5,45,65.5,70,37,68.4,,1,24.37,1,43.6,68.3,41.1,1,42.5,
2026-09-20T07:45:00-06:00,2026-09-20 07:45:00,55.8,55.8,43.8,0,0,12.5,221,0,0,0,0,0.37,55.93,29.91,64,0,20.7,70,35,65.5,45,65.5,70,37,68.4,,1,24.36,1,43.6,68.3,41.1,1,42.5,
2026-09-20T07:40:00-06:00,2026-09-20 07:40:00,55,55,42.2,0,0,12.5,225,0,0,0,0,0.37,55.93,29.91,62,0,18.7,69.8,35,65.5,45,65.5,69.8,37,68.2,,1,24.36,1,43.6,68.1,40.9,1,42.3,
2026-09-20T07:35:00-06:00,2026-09-20 07:35:00,54,54,41.7,0,0,12.5,233,0,0,0,0,0.37,55.93,29.91,63,0,17.7,69.8,35,65.5,45,65.5,69.8,37,68.2,,1,24.36,1,43.6,68.1,40.9,1,42.3,
2026-09-20T07:30:00-06:00,2026-09-20 07:30:00,53.4,53.4,41.9,0.2,1.1,12.5,233,0,0,0,0,0.37,55.93,29.91,65,0,16.6,69.6,35,65.5,45,65.5,69.8,37,68.2,,1,24.36,1,43.6,67.9,40.7,1,42.3,
2026-09-20T07:25:00-06:00,2026-09-20 07:25:00,52.9,52.9,41.5,0,0,12.5,225,0,0,0,0,0.37,55.93,29.91,65,0,15.5,69.6,35,65.5,45,65.5,69.8,37,68.2,,1,24.36,1,43.6,67.9,40.7,1,42.3,
2026-09-20T07:20:00-06:00,2026-09-20 07:20:00,53.1,53.1,41.6,0,0,12.5,232,0,0,0,0,0.37,55.93,29.91,65,0,12.8,69.6,35,65.5,45,65.5,69.8,37,68.2,,1,24.35,1,43.6,67.9,40.7,1,42.3,
2026-09-20T07:15:00-06:00,2026-09-20 07:15:00,53.2,53.2,41.3,0,0,12.5,231,0,0,0,0,0.37,55.93,29.91,64,0,11.7,69.6,35,65.5,45,65.5,69.8,37,68.2,,1,24.36,1,43.6,67.9,40.7,1,42.3,
2026-09-20T07:10:00-06:00,2026-09-20 07:10:00,53.1,53.1,41.6,0,0,12.5,239,0,0,0,0,0.37,55.93,29.91,65,0,9.5,69.6,35,65.5,45,65.5,69.8,37,68.2,,1,24.35,1,43.6,67.9,40.7,1,42.3,
2026-09-20T07:05:00-06:00,2026-09-20 07:05:00,52.7,52.7,41.3,0,0,12.5,238,0,0,0,0,0.37,55.93,29.91,65,0,7.9,69.6,35,65.5,45,65.5,69.8,37,68.2,,1,24.35,1,43.6,67.9,40.7,1,42.3,
2026-09-20T07:00:00-06:00,2026-09-20 07:00:00,52.5,52.5,41.5,0,0,12.5,236,0,0,0,0,0.37,55.93,29.91,66,0,6.4,69.6,35,65.5,45,65.5,69.8,37,68.2,,1,24.36,1,43.6,67.9,40.7,1,42.3,
2026-09-20T06:55:00-06:00,2026-09-20 06:55:00,52.2,52.2,41.2,0.2,1.1,12.5,258,0,0,0,0,0.37,55.93,29.9,66,0,5,69.6,35,65.5,45,65.5,70,37,68.4,,1,24.35,1,43.6,67.9,40.7,1,42.5,
2026-09-20T06:50:00-06:00,2026-09-20 06:50:00,51.4,51.4,41.2,0,0,12.5,243,0,0,0,0,0.37,55.93,29.91,68,0,3.4,69.6,35,65.5,45,65.5,69.8,37,68.2,,1,24.35,1,43.6,67.9,40.7,1,42.3,
2026-09-20T06:45:00-06:00,2026-09-20 06:45:00,51.6,51.6,41,0,0,12.5,239,0,0,0,0,0.37,55.93,29.91,67,0,2,69.6,35,65.5,45,65.5,70,37,68.4,,1,24.35,1,43.6,67.9,40.7,1,42.5,
2026-09-20T06:40:00-06:00,2026-09-20 06:40:00,51.6,51.6,41,0,0,12.5,232,0,0,0,0,0.37,55.93,29.91,67,0,0.9,69.6,35,65.5,45,65.5,70,36,68.4,,1,24.35,1,43.6,67.9,40.7,1,41.8,
2026-09-20T06:35:00-06:00,2026-09-20 06:35:00,51.1,51.1,40.9,0,0,12.5,230,0,0,0,0,0.37,55.93,29.9,68,0,0.4,69.6,35,65.5,45,65.5,70,36,68.4,,1,24.35,1,43.6,67.9,40.7,1,41.8,
2026-09-20T06:30:00-06:00,2026-09-20 06:30:00,50.9,50.9,41.5,0,0,12.5,227,0,0,0,0,0.37,55.93,29.91,70,0,0.1,69.6,35,65.5,45,65.5,70,36,68.4,,1,24.35,1,43.6,67.9,40.7,1,41.8,
2026-09-20T06:25:00-06:00,2026-09-20 06:25:00,50.9,50.9,41.5,0.5,1.1,12.5,240,0,0,0,0,0.37,55.93,29.9,70,0,0,69.6,35,65.5,45,65.5,70,36,68.4,,1,24.34,1,43.6,67.9,40.7,1,41.8,
2026-09-20T06:20:00-06:00,2026-09-20 06:20:00,51.1,51.1,41.7,0,0,12.5,231,0,0,0,0,0.37,55.93,29.91,70,0,0,69.6,35,65.5,45,65.5,70.2,36,68.6,,1,24.36,1,43.6,67.9,40.7,1,42,
2026-09-20T06:15:00-06:00,2026-09-20 06:15:00,51.4,51.4,41.2,0.5,1.1,12.5,236,0,0,0,0,0.37,55.93,29.9,68,0,0,69.8,35,65.5,45,65.5,70.2,36,68.6,,1,24.34,1,43.6,68.1,40.9,1,42,
2026-09-20T06:10:00-06:00,2026-09-20 06:10:00,51.3,51.3,41.5,0,0,12.5,233,0,0,0,0,0.37,55.93,29.9,69,0,0,69.8,35,65.5,45,65.5,70.2,36,68.6,,1,24.35,1,43.6,68.1,40.9,1,42,
2026-09-20T06:05:00-06:00,2026-09-20 06:05:00,51.3,51.3,41.9,0,0,12.5,217,0,0,0,0,0.37,55.93,29.9,70,0,0,69.8,35,65.5,44,65.5,70.2,36,68.6,,1,24.35,1,43,68.1,40.9,1,42,
2026-09-20T06:00:00-06:00,2026-09-20 06:00:00,51.6,51.6,41.8,0,0,12.5,228,0,0,0,0,0.37,55.93,29.9,69,0,0,69.8,35,65.5,45,65.5,70.2,36,68.6,,1,24.34,1,43.6,68.1,40.9,1,42,
2026-09-20T05:55:00-06:00,2026-09-20 05:55:00,51.8,51.8,41.6,0,0,12.5,226,0,0,0,0,0.37,55.93,29.89,68,0,0,69.8,35,65.5,44,65.5,70.2,36,68.6,,1,24.34,1,43,68.1,40.9,1,42,
2026-09-20T05:50:00-06:00,2026-09-20 05:50:00,52.3,52.3,42.1,0,0,12.5,213,0,0,0,0,0.37,55.93,29.89,68,0,0,69.8,34,65.5,44,65.5,70.2,36,68.6,,1,24.34,1,43,68.1,40.2,1,42,
2026-09-20T05:45:00-06:00,2026-09-20 05:45:00,52.9,52.9,42.2,0,0,12.5,225,0,0,0,0,0.37,55.93,29.9,67,0,0,69.8,35,65.3,44,65.3,70.2,36,68.6,,1,24.34,1,42.8,68.1,40.9,1,42,
2026-09-20T05:40:00-06:00,2026-09-20 05:40:00,53.1,53.1,41.2,0,0,12.5,225,0,0,0,0,0.37,55.93,29.88,64,0,0,69.8,34,65.3,44,65.3,70.3,36,68.7,,1,24.33,1,42.8,68.1,40.2,1,42.1,
2026-09-20T05:35:00-06:00,2026-09-20 05:35:00,53.6,53.6,41.7,0,0,12.5,225,0,0,0,0,0.37,55.93,29.89,64,0,0,69.8,34,65.5,44,65.5,70.3,36,68.7,,1,24.33,1,43,68.1,40.2,1,42.1,
2026-09-20T05:30:00-06:00,2026-09-20 05:30:00,53.4,53.4,42.3,0,0,12.5,231,0,0,0,0,0.37,55.93,29.9,66,0,0,69.8,34,65.5,44,65.5,70.3,36,68.7,,1,24.34,1,43,68.1,40.2,1,42.1,
2026-09-20T05:25:00-06:00,2026-09-20 05:25:00,53.8,53.8,42.7,0,0,12.5,233,0,0,0,0,0.37,55.93,29.89,66,0,0,69.8,34,65.5,44,65.5,70.3,36,68.7,,1,24.34,1,43,68.1,40.2,1,42.1,
2026-09-20T05:20:00-06:00,2026-09-20 05:20:00,54,54,42.5,0,0,12.5,227,0,0,0,0,0.37,55.93,29.89,65,0,0,69.8,34,65.5,44,65.5,70.3,36,68.7,,1,24.34,1,43,68.1,40.2,1,42.1,
2026-09-20T05:15:00-06:00,2026-09-20 05:15:00,54,54,42.9,0,0,12.5,233,0,0,0,0,0.37,55.93,29.89,66,0,0,69.8,34,65.5,44,65.5,70.3,36,68.7,,1,24.33,1,43,68.1,40.2,1,42.1,
2026-09-20T05:10:00-06:00,2026-09-20 05:10:00,54.3,54.3,42.8,0,0,12.5,231,0,0,0,0,0.37,55.93,29.89,65,0,0,69.8,34,65.3,44,65.3,70.5,36,68.9,,1,24.34,1,42.8,68.1,40.2,1,42.3,
2026-09-20T05:05:00-06:00,2026-09-20 05:05:00,54.3,54.3,42,0,0,12.5,223,0,0,0,0,0.37,55.93,29.88,63,0,0,69.8,34,65.5,44,65.5,70.5,36,68.9,,1,24.32,1,43,68.1,40.2,1,42.3,
2026-09-20T05:00:00-06:00,2026-09-20 05:00:00,54.7,54.7,42.8,0,0,12.5,224,0,0,0,0,0.37,55.93,29.88,64,0,0,69.8,34,65.5,44,65.5,70.5,36,68.9,,1,24.33,1,43,68.1,40.2,1,42.3,
2026-09-20T04:55:00-06:00,2026-09-20 04:55:00,54.9,54.9,42.1,0,0,12.5,221,0,0,0,0,0.37,55.93,29.88,62,0,0,69.8,34,65.5,44,65.5,70.5,36,68.9,,1,24.33,1,43,68.1,40.2,1,42.3,
2026-09-20T04:50:00-06:00,2026-09-20 04:50:00,55.2,55.2,42,0,0,12.5,224,0,0,0,0,0.37,55.93,29.88,61,0,0,69.8,34,65.5,44,65.5,70.5,36,68.9,,1,24.33,1,43,68.1,40.2,1,42.3,
2026-09-20T04:45:00-06:00,2026-09-20 04:45:00,55.8,55.8,43,0,0,12.5,221,0,0,0,0,0.37,55.93,29.88,62,0,0,69.8,34,65.5,44,65.5,70.7,36,69.2,,1,24.33,1,43,68.1,40.2,1,42.4,
2026-09-20T04:40:00-06:00,2026-09-20 04:40:00,55.8,55.8,42.1,0,0,12.5,219,0,0,0,0,0.37,55.93,29.89,60,0,0,69.8,34,65.5,44,65.5,70.7,36,69.2,,1,24.34,1,43,68.1,40.2,1,42.4,
2026-09-20T04:35:00-06:00,2026-09-20 04:35:00,55.8,55.8,42.6,0,0,12.5,196,0,0,0,0,0.37,55.93,29.88,61,0,0,69.8,34,65.3,44,65.3,70.7,36,69.2,,1,24.32,1,42.8,68.1,40.2,1,42.4,
2026-09-20T04:30:00-06:00,2026-09-20 04:30:00,55.8,55.8,43,0,0,12.5,221,0,0,0,0,0.37,55.93,29.88,62,0,0,69.8,34,65.5,44,65.5,70.7,36,69.2,,1,24.33,1,43,68.1,40.2,1,42.4,
2026-09-20T04:25:00-06:00,2026-09-20 04:25:00,56.3,56.3,43.4,0,0,12.5,218,0,0,0,0,0.37,55.93,29.88,62,0,0,69.8,34,65.5,44,65.5,70.7,36,69.2,,1,24.33,1,43,68.1,40.2,1,42.4,
2026-09-20T04:20:00-06:00,2026-09-20 04:20:00,56.5,56.5,42.8,0,0,12.5,219,0,0,0,0,0.37,55.93,29.88,60,0,0,69.8,34,65.5,44,65.5,70.7,35,69.1,,1,24.33,1,43,68.1,40.2,1,41.7,
2026-09-20T04:15:00-06:00,2026-09-20 04:15:00,56.8,56.8,42.6,0,0,12.5,223,0,0,0,0,0.37,55.93,29.89,59,0,0,69.8,34,65.5,44,65.5,70.9,35,69.3,,1,24.33,1,43,68.1,40.2,1,41.9,
2026-09-20T04:10:00-06:00,2026-09-20 04:10:00,57.7,57.7,42.6,0.2,1.1,12.5,238,0,0,0,0,0.37,55.93,29.88,57,0,0,69.8,34,65.5,44,65.5,70.9,35,69.3,,1,24.33,1,43,68.1,40.2,1,41.9,
2026-09-20T04:05:00-06:00,2026-09-20 04:05:00,56.8,56.8,41.3,0.2,1.1,12.5,233,0,0,0,0,0.37,55.93,29.88,56,0,0,69.8,34,65.5,44,65.5,70.9,35,69.3,,1,24.33,1,43,68.1,40.2,1,41.9,
2026-09-20T04:00:00-06:00,2026-09-20 04:00:00,56.5,56.5,43.2,0,0,12.5,220,0,0,0,0,0.37,55.93,29.89,61,0,0,69.6,34,65.5,44,65.5,70.9,35,69.3,,1,24.33,1,43,67.9,40,1,41.9,
2026-09-20T03:55:00-06:00,2026-09-20 03:55:00,56.5,56.5,42.3,0,0,12.5,224,0,0,0,0,0.37,55.93,29.89,59,0,0,69.6,34,65.5,44,65.5,70.9,35,69.3,,1,24.33,1,43,67.9,40,1,41.9,
2026-09-20T03:50:00-06:00,2026-09-20 03:50:00,56.8,56.8,42.6,0,0,12.5,219,0,0,0,0,0.37,55.93,29.88,59,0,0,69.6,34,65.5,43,65.5,70.9,35,69.3,,1,24.32,1,42.4,67.9,40,1,41.9,
2026-09-20T03:45:00-06:00,2026-09-20 03:45:00,57.7,57.7,42.1,0,0,12.5,199,0,0,0,0,0.37,55.93,29.88,56,0,0,69.6,34,65.5,43,65.5,71.1,35,69.6,,1,24.33,1,42.4,67.9,40,1,42,
2026-09-20T03:40:00-06:00,2026-09-20 03:40:00,55.8,55.8,41.2,0,0,12.5,192,0,0,0,0,0.37,55.93,29.89,58,0,0,69.6,34,65.5,43,65.5,71.1,35,69.6,,1,24.34,1,42.4,67.9,40,1,42,
2026-09-20T03:35:00-06:00,2026-09-20 03:35:00,55,55,41.8,0,0,12.5,216,0,0,0,0,0.37,55.93,29.88,61,0,0,69.6,33,65.5,43,65.5,71.1,35,69.6,,1,24.32,1,42.4,67.8,39.2,1,42,
2026-09-20T03:30:00-06:00,2026-09-20 03:30:00,54.9,54.9,42.1,0,0,12.5,217,0,0,0,0,0.37,55.93,29.88,62,0,0,69.6,34,65.5,43,65.5,71.2,35,69.7,,1,24.33,1,42.4,67.9,40,1,42.1,
2026-09-20T03:25:00-06:00,2026-09-20 03:25:00,54.5,54.5,41.7,0,0,12.5,223,0,0,0,0,0.37,55.93,29.88,62,0,0,69.8,34,65.5,43,65.5,71.2,35,69.7,,1,24.33,1,42.4,68.1,40.2,1,42.1,
2026-09-20T03:20:00-06:00,2026-09-20 03:20:00,55,55,42.6,0,0,12.5,222,0,0,0,0,0.37,55.93,29.89,63,0,0,69.6,33,65.7,43,65.7,71.2,35,69.7,,1,24.33,1,42.6,67.8,39.2,1,42.1,
2026-09-20T03:15:00-06:00,2026-09-20 03:15:00,55.9,55.9,42.2,0,0,12.5,232,0,0,0,0,0.37,55.93,29.88,60,0,0,69.6,33,65.7,43,65.7,71.2,35,69.7,,1,24.32,1,42.6,67.8,39.2,1,42.1,
2026-09-20T03:10:00-06:00,2026-09-20 03:10:00,55.8,55.8,41.2,1.3,2.2,12.5,296,0,0,0,0,0.37,55.93,29.88,58,0,0,69.4,33,65.7,43,65.7,71.4,35,69.9,,1,24.32,1,42.6,67.6,39,1,42.3,
2026-09-20T03:05:00-06:00,2026-09-20 03:05:00,55,55,41.8,0.2,1.1,12.5,249,0,0,0,0,0.37,55.93,29.88,61,0,0,69.6,33,65.7,43,65.7,71.4,35,69.9,,1,24.33,1,42.6,67.8,39.2,1,42.3,
2026-09-20T03:00:00-06:00,2026-09-20 03:00:00,55.4,55.4,41.7,0,0,12.5,226,0,0,0,0,0.37,55.93,29.88,60,0,0,69.6,33,65.7,43,65.7,71.4,35,69.9,,1,24.33,1,42.6,67.8,39.2,1,42.3,
2026-09-20T02:55:00-06:00,2026-09-20 02:55:00,56.1,56.1,42,0,0,12.5,222,0,0,0,0,0.37,55.93,29.89,59,0,0,69.6,33,65.7,43,65.7,71.4,35,69.9,,1,24.34,1,42.6,67.8,39.2,1,42.3,
2026-09-20T02:50:00-06:00,2026-09-20 02:50:00,58.3,58.3,43.6,0.5,1.1,12.5,217,0,0,0,0,0.37,55.93,29.89,58,0,0,69.6,33,65.8,43,65.8,71.6,35,70.1,,1,24.34,1,42.7,67.8,39.2,1,42.5,
2026-09-20T02:45:00-06:00,2026-09-20 02:45:00,58.1,58.1,42,0,0,12.5,253,0,0,0,0,0.37,55.93,29.89,55,0,0,69.8,33,65.8,43,65.8,71.6,35,70.1,,1,24.34,1,42.7,68,39.4,1,42.5,
2026-09-20T02:40:00-06:00,2026-09-20 02:40:00,58.5,58.5,41.9,0.2,1.1,12.5,223,0,0,0,0,0.37,55.93,29.89,54,0,0,69.8,33,65.8,43,65.8,71.6,35,70.1,,1,24.33,1,42.7,68,39.4,1,42.5,
2026-09-20T02:35:00-06:00,2026-09-20 02:35:00,56.7,56.7,40.7,0,0,12.5,243,0,0,0,0,0.37,55.93,29.89,55,0,0,69.8,33,65.8,43,65.8,71.6,35,70.1,,1,24.34,1,42.7,68,39.4,1,42.5,
2026-09-20T02:30:00-06:00,2026-09-20 02:30:00,56.3,56.3,40.8,0,0,12.5,223,0,0,0,0,0.37,55.93,29.89,56,0,0,69.8,33,65.8,43,65.8,71.8,34,70.3,,1,24.33,1,42.7,68,39.4,1,41.9,
2026-09-20T02:25:00-06:00,2026-09-20 02:25:00,56.8,56.8,42.2,0,0,12.5,239,0,0,0,0,0.37,55.93,29.89,58,0,0,70,32,66,43,66,71.8,35,70.3,,1,24.33,1,42.9,68.2,38.8,1,42.7,
2026-09-20T02:20:00-06:00,2026-09-20 02:20:00,56.7,56.7,42.1,0,0,12.5,230,0,0,0,0,0.37,55.93,29.88,58,0,0,70,33,66,43,66,71.8,35,70.3,,1,24.33,1,42.9,68.3,39.6,1,42.7,
2026-09-20T02:15:00-06:00,2026-09-20 02:15:00,57.7,57.7,41.6,0,0,12.5,221,0,0,0,0,0.37,55.93,29.89,55,0,0,70.2,33,66,43,66,72,35,70.5,,1,24.34,1,42.9,68.5,39.7,1,42.8,
2026-09-20T02:10:00-06:00,2026-09-20 02:10:00,57.9,57.9,42.3,0,0,12.5,222,0,0,0,0,0.37,55.93,29.88,56,0,0,70.3,33,66,43,66,72,34,70.5,,1,24.33,1,42.9,68.6,39.8,1,42.1,
2026-09-20T02:05:00-06:00,2026-09-20 02:05:00,58.6,58.6,42,0,0,12.5,224,0,0,0,0,0.37,55.93,29.89,54,0,0,70.2,33,66,43,66,72.1,34,70.6,,1,24.33,1,42.9,68.5,39.7,1,42.2,
2026-09-20T02:00:00-06:00,2026-09-20 02:00:00,59.9,59.9,42.2,0.7,2.2,12.5,230,0,0,0,0,0.37,55.93,29.89,52,0,0,70.3,32,66.2,43,66.2,72.1,34,70.6,,1,24.33,1,43,68.5,39,1,42.2,
2026-09-20T01:55:00-06:00,2026-09-20 01:55:00,59.7,59.7,42,0,0,12.5,249,0,0,0,0,0.37,55.93,29.89,52,0,0,70.3,32,66.2,43,66.2,72.1,35,70.7,,1,24.34,1,43,68.5,39,1,42.9,
2026-09-20T01:50:00-06:00,2026-09-20 01:50:00,59.9,59.9,41.2,3.1,4.5,12.5,278,0,0,0,0,0.37,55.93,29.89,50,0,0,70.5,32,66.2,43,66.2,72.3,35,70.9,,1,24.34,1,43,68.8,39.2,1,43.1,
2026-09-20T01:45:00-06:00,2026-09-20 01:45:00,59.5,59.5,41.9,0.2,1.1,12.5,241,0,0,0,0,0.37,55.93,29.89,52,0,0,70.7,32,66.2,43,66.2,72.3,35,70.9,,1,24.33,1,43,69,39.4,1,43.1,
2026-09-20T01:40:00-06:00,2026-09-20 01:40:00,58.8,58.8,42.7,0.2,1.1,12.5,243,0,0,0,0,0.37,55.93,29.89,55,0,0,70.7,32,66.4,43,66.4,72.3,35,70.9,,1,24.34,1,43.2,69,39.4,1,43.1,
2026-09-20T01:35:00-06:00,2026-09-20 01:35:00,59,59,41.9,0.2,1.1,12.5,233,0,0,0,0,0.37,55.93,29.9,53,0,0,70.9,32,66.4,43,66.4,72.5,35,71.1,,1,24.34,1,43.2,69.2,39.6,1,43.3,
2026-09-20T01:30:00-06:00,2026-09-20 01:30:00,59.5,59.5,42.4,0,0,12.5,238,0,0,0,0,0.37,55.93,29.89,53,0,0,71.1,32,66.4,43,66.4,72.5,35,71.1,,1,24.34,1,43.2,69.4,39.7,1,43.3,
2026-09-20T01:25:00-06:00,2026-09-20 01:25:00,60.1,60.1,41.9,0,0,12.5,249,0,0,0,0,0.37,55.93,29.9,51,0,0,71.1,32,66.4,44,66.4,72.5,35,71.1,,1,24.34,1,43.8,69.4,39.7,1,43.3,
2026-09-20T01:20:00-06:00,2026-09-20 01:20:00,60.8,60.8,42.6,0.7,1.1,12.5,236,0,0,0,0,0.37,55.93,29.89,51,0,0,71.2,32,66.6,44,66.6,72.7,35,71.3,,1,24.34,1,44,69.5,39.8,1,43.5,
2026-09-20T01:15:00-06:00,2026-09-20 01:15:00,61.3,61.3,42.5,0.7,1.1,12.5,258,0,0,0,0,0.37,55.93,29.9,50,0,0,71.2,32,66.6,44,66.6,72.7,35,71.3,,1,24.34,1,44,69.5,39.8,1,43.5,
2026-09-20T01:10:00-06:00,2026-09-20 01:10:00,61,61,42.2,1.1,1.1,12.5,237,0,0,0,0,0.37,55.93,29.9,50,0,0,71.4,32,66.6,44,66.6,72.9,35,71.5,,1,24.34,1,44,69.7,40,1,43.6,
2026-09-20T01:05:00-06:00,2026-09-20 01:05:00,61,61,42.2,3.1,4.5,12.5,300,0,0,0,0,0.37,55.93,29.89,50,0,0,71.4,32,66.7,44,66.7,72.9,35,71.5,,1,24.34,1,44.1,69.7,40,1,43.6,
2026-09-20T01:00:00-06:00,2026-09-20 01:00:00,61.7,61.7,42.3,3.4,5.8,12.5,285,0,0,0,0,0.37,55.93,29.9,49,0,0,71.6,32,66.7,44,66.7,72.9,35,71.5,,1,24.35,1,44.1,70,40.2,1,43.6,
2026-09-20T00:55:00-06:00,2026-09-20 00:55:00,61.3,61.3,42.5,2.9,4.5,12.5,268,0,0,0,0,0.37,55.93,29.89,50,0,0,71.8,32,66.7,44,66.7,73,35,71.6,,1,24.34,1,44.1,70.2,40.3,1,43.7,
2026-09-20T00:50:00-06:00,2026-09-20 00:50:00,61,61,42.7,2.5,5.8,12.5,284,0,0,0,0,0.37,55.93,29.9,51,0,0,71.8,32,66.7,44,66.7,73,35,71.6,,1,24.34,1,44.1,70.2,40.3,1,43.7,
2026-09-20T00:45:00-06:00,2026-09-20 00:45:00,61.2,61.2,42.4,5.8,9.2,12.5,305,0,0,0,0,0.37,55.93,29.9,50,0,0,72,32,66.7,44,66.7,73,35,71.6,,1,24.34,1,44.1,70.4,40.5,1,43.7,
2026-09-20T00:40:00-06:00,2026-09-20 00:40:00,60.8,60.8,42.6,2.7,4.5,12.5,255,0,0,0,0,0.37,55.93,29.9,51,0,0,72.1,32,66.9,44,66.9,73,35,71.6,,1,24.34,1,44.3,70.5,40.6,1,43.7,
2026-09-20T00:35:00-06:00,2026-09-20 00:35:00,60.4,60.4,42.2,3.1,5.8,12.5,272,0,0,0,0,0.37,55.93,29.9,51,0,0,72.1,32,66.9,44,66.9,73.2,35,71.9,,1,24.35,1,44.3,70.5,40.6,1,43.9,
2026-09-20T00:30:00-06:00,2026-09-20 00:30:00,60.6,60.6,42.9,1.3,2.2,12.5,283,0,0,0,0,0.37,55.93,29.9,52,0,0,72.3,33,66.9,44,66.9,73.2,35,71.9,,1,24.34,1,44.3,70.8,41.6,1,43.9,
2026-09-20T00:25:00-06:00,2026-09-20 00:25:00,60.6,60.6,42.4,5.8,10.3,12.5,305,0,0,0,0,0.37,55.93,29.91,51,0,0,72.5,33,67.1,44,67.1,73.4,36,72.1,,1,24.35,1,44.5,71,41.7,1,44.8,
2026-09-20T00:20:00-06:00,2026-09-20 00:20:00,60.4,60.4,43.2,3.8,6.9,12.5,226,0,0,0,0,0.37,55.93,29.91,53,0,0,72.5,33,67.1,44,67.1,73.4,36,72.1,,1,24.35,1,44.5,71,41.7,1,44.8,
2026-09-20T00:15:00-06:00,2026-09-20 00:15:00,60.6,60.6,42.4,6,8.1,11.4,271,0,0,0,0,0.37,55.93,29.91,51,0,0,72.7,33,67.1,44,67.1,73.6,36,72.4,,1,24.35,1,44.5,71.2,41.9,1,45,
2026-09-20T00:10:00-06:00,2026-09-20 00:10:00,60.4,60.4,42.7,1.6,2.2,9.2,243,0,0,0,0,0.37,55.93,29.91,52,0,0,72.7,33,67.1,44,67.1,73.6,36,72.4,,1,24.35,1,44.5,71.2,41.9,1,45,
2026-09-20T00:05:00-06:00,2026-09-20 00:05:00,60.1,60.1,42.9,0.7,1.1,5.8,182,0,0,0,0,0.37,55.93,29.9,53,0,0,72.9,33,67.3,44,67.3,73.6,36,72.4,,1,24.35,1,44.6,71.4,42.1,1,45,
2026-09-20T00:00:00-06:00,2026-09-20 00:00:00,59.2,59.2,43,2.2,2.2,3.4,262,0,0,0,0,0.37,55.93,29.91,55,0,0,73,33,67.3,45,67.3,73.8,36,72.6,,1,24.35,1,45.2,71.6,42.2,1,45.2,
2026-09-19T23:55:00-06:00,2026-09-19 23:55:00,59.4,59.4,44.2,0.9,1.1,14.8,254,0,0,0.05,0.18,0.37,55.93,29.91,57,0,0,73,33,67.3,45,67.3,73.8,36,72.6,,1,24.35,1,45.2,71.6,42.2,1,45.2,
2026-09-19T23:50:00-06:00,2026-09-19 23:50:00,59.7,59.7,44,1.8,3.4,14.8,254,0,0,0.05,0.18,0.37,55.93,29.91,56,0,0,73.2,33,67.5,45,67.5,73.8,36,72.6,,1,24.35,1,45.4,71.8,42.4,1,45.2,
2026-09-19T23:45:00-06:00,2026-09-19 23:45:00,60.3,60.3,44.1,4.9,6.9,14.8,243,0,0,0.05,0.18,0.37,55.93,29.91,55,0,0,73.4,33,67.5,45,67.5,73.9,36,72.7,,1,24.35,1,45.4,72,42.5,1,45.2,
2026-09-19T23:40:00-06:00,2026-09-19 23:40:00,59.7,59.7,44.4,2,3.4,14.8,330,0,0,0.05,0.18,0.37,55.93,29.91,57,0,0,73.6,33,67.5,45,67.5,73.9,36,72.7,,1,24.35,1,45.4,72.2,42.7,1,45.2,
2026-09-19T23:35:00-06:00,2026-09-19 23:35:00,59.7,59.7,45.8,0.7,1.1,14.8,281,0,0,0.05,0.18,0.37,55.93,29.91,60,0,0,73.8,33,67.5,45,67.5,73.9,37,72.7,,1,24.35,1,45.4,72.4,42.9,1,46,
2026-09-19T23:30:00-06:00,2026-09-19 23:30:00,59.4,59.4,45.1,3.4,4.5,14.8,139,0,0,0.05,0.18,0.37,55.93,29.92,59,0,0,73.8,33,67.6,45,67.6,74.1,37,72.9,,1,24.36,1,45.5,72.4,42.9,1,46.1,
2026-09-19T23:25:00-06:00,2026-09-19 23:25:00,57.4,57.4,46.1,4.7,5.8,5.8,319,0,0,0.05,0.18,0.37,55.93,29.92,66,0,0,73.9,33,67.6,45,67.6,74.1,37,72.9,,1,24.36,1,45.5,72.5,43,1,46.1,
2026-09-19T23:20:00-06:00,2026-09-19 23:20:00,57.4,57.4,46.9,0.7,1.1,4.5,219,0,0,0.05,0.18,0.37,55.93,29.91,68,0,0,74.1,33,67.6,45,67.6,74.3,37,73.2,,1,24.36,1,45.5,72.8,43.1,1,46.3,
2026-09-19T23:15:00-06:00,2026-09-19 23:15:00,55.8,55.8,46.9,2.2,2.2,4.5,243,0,0,0.05,0.18,0.37,55.93,29.91,72,0,0,74.1,33,67.6,45,67.6,74.3,37,73.2,,1,24.36,1,45.5,72.8,43.1,1,46.3,
2026-09-19T23:10:00-06:00,2026-09-19 23:10:00,56.3,56.3,47.4,1.8,2.2,4.5,249,0,0,0.05,0.18,0.37,55.93,29.91,72,0,0,74.3,33,67.6,45,67.6,74.5,37,73.4,,1,24.36,1,45.5,73,43.3,1,46.5,
2026-09-19T23:05:00-06:00,2026-09-19 23:05:00,56.1,56.1,46.8,1.3,2.2,4.5,244,0,0,0.05,0.18,0.37,55.93,29.91,71,0,0,74.5,33,67.8,46,67.8,74.5,37,73.4,,1,24.35,1,46.3,73.2,43.5,1,46.5,
2026-09-19T23:00:00-06:00,2026-09-19 23:00:00,54.9,54.9,46.8,1.6,2.2,3.4,262,0,0,0.05,0.18,0.37,55.93,29.91,74,0,0,74.7,33,67.8,46,67.8,74.5,37,73.4,,1,24.35,1,46.3,73.4,43.7,1,46.5,
2026-09-19T22:55:00-06:00,2026-09-19 22:55:00,54.7,54.7,46.6,0.7,1.1,3.4,245,0,0,0.05,0.18,0.37,55.93,29.91,74,0,0,74.8,33,67.8,46,67.8,74.7,38,73.7,,1,24.36,1,46.3,73.5,43.8,1,47.4,
2026-09-19T22:50:00-06:00,2026-09-19 22:50:00,53.8,53.8,47.1,0.7,1.1,3.4,234,0,0,0.05,0.18,0.37,55.93,29.91,78,0,0,74.8,34,68,46,68,74.7,38,73.7,,1,24.36,1,46.4,73.6,44.5,1,47.4,
2026-09-19T22:45:00-06:00,2026-09-19 22:45:00,54,54,47.3,0.9,1.1,3.4,241,0,0,0.05,0.18,0.37,55.93,29.91,78,0,0,75,34,68,46,68,74.7,38,73.7,,1,24.36,1,46.4,73.8,44.7,1,47.4,
2026-09-19T22:40:00-06:00,2026-09-19 22:40:00,53.8,53.8,47.4,0.7,1.1,3.4,225,0,0,0.05,0.18,0.37,55.93,29.91,79,0,0,75.2,33,68,46,68,74.8,38,73.8,,1,24.36,1,46.4,74,44.1,1,47.5,
2026-09-19T22:35:00-06:00,2026-09-19 22:35:00,54.1,54.1,47.4,0,0,3.4,240,0,0,0.05,0.18,0.37,55.93,29.92,78,0,0,75.2,33,68,46,68,74.8,38,73.8,,1,24.36,1,46.4,74,44.1,1,47.5,
2026-09-19T22:30:00-06:00,2026-09-19 22:30:00,54.3,54.3,47.2,0,0,3.4,235,0,0,0.05,0.18,0.37,55.93,29.92,77,0,0,75.4,33,68,46,68,75,38,74,,1,24.36,1,46.4,74.2,44.3,1,47.7,
2026-09-19T22:25:00-06:00,2026-09-19 22:25:00,54.7,54.7,48,0,0,3.4,237,0,0,0.05,0.18,0.37,55.93,29.92,78,0,0,75.6,34,68.2,46,66.9,75,38,74,,1,24.36,1,46.6,74.5,45.2,1,47.7,
2026-09-19T22:20:00-06:00,2026-09-19 22:20:00,54.3,54.3,47.6,1.1,1.1,3.4,229,0,0,0.05,0.18,0.37,55.93,29.91,78,0,0,75.7,34,68.2,46,66.9,75.2,38,74.2,,1,24.36,1,46.6,74.6,45.3,1,47.8,
2026-09-19T22:15:00-06:00,2026-09-19 22:15:00,54.3,54.3,47.9,0,0,3.4,232,0,0,0.05,0.18,0.37,55.93,29.92,79,0,0,75.9,34,68.2,46,66.9,75.2,38,74.2,,1,24.36,1,46.6,74.8,45.5,1,47.8,
2026-09-19T22:10:00-06:00,2026-09-19 22:10:00,54.7,54.7,48.3,0,0,3.4,221,0,0,0.05,0.18,0.37,55.93,29.92,79,0,0,75.9,33,68.2,47,66.9,75.4,38,74.4,,1,24.37,1,47.2,74.7,44.7,1,48,
2026-09-19T22:05:00-06:00,2026-09-19 22:05:00,54.5,54.5,48.1,0,0,3.4,231,0,0,0.05,0.18,0.37,55.93,29.93,79,0,0,76.1,34,68.2,47,66.9,75.4,38,74.4,,1,24.37,1,47.2,75,45.7,1,48,
2026-09-19T22:00:00-06:00,2026-09-19 22:00:00,54.7,54.7,49,0,0,3.4,230,0,0,0.05,0.18,0.37,55.93,29.93,81,0,0,76.3,34,68.2,47,66.9,75.6,38,74.6,,1,24.37,1,47.2,75.2,45.9,1,48.2,
2026-09-19T21:55:00-06:00,2026-09-19 21:55:00,54.9,54.9,49.5,0,0,3.4,231,0,0,0.05,0.18,0.37,55.93,29.92,82,0,0,76.5,34,68.4,47,67.1,75.6,38,74.6,,1,24.37,1,47.4,75.4,46,1,48.2,
2026-09-19T21:50:00-06:00,2026-09-19 21:50:00,54.7,54.7,49.6,0.9,1.1,3.4,248,0,0,0.05,0.18,0.37,55.93,29.93,83,0,0,76.6,35,68.4,47,67.1,75.6,39,74.7,,1,24.37,1,47.4,75.6,46.9,1,48.9,
2026-09-19T21:45:00-06:00,2026-09-19 21:45:00,54.5,54.5,49.8,0,0,3.4,231,0,0,0.05,0.18,0.37,55.93,29.93,84,0,0,76.8,35,68.4,48,67.2,75.9,39,75,,1,24.37,1,47.9,75.8,47.1,1,49.1,
2026-09-19T21:40:00-06:00,2026-09-19 21:40:00,55,55,49.9,0.7,1.1,3.4,265,0,0,0.05,0.18,0.37,55.93,29.93,83,0,0,77,36,68.4,48,67.2,76.1,39,75.2,,1,24.37,1,47.9,76.1,48,1,49.3,
2026-09-19T21:35:00-06:00,2026-09-19 21:35:00,55,55,49.9,0,0,3.4,226,0,0,0.05,0.18,0.37,55.93,29.92,83,0,0,77,36,68.4,47,67.1,76.1,39,75.2,,1,24.37,1,47.4,76.1,48,1,49.3,
2026-09-19T21:30:00-06:00,2026-09-19 21:30:00,55.4,55.4,50.3,0.7,1.1,3.4,238,0,0,0.05,0.18,0.37,55.93,29.93,83,0,0,77.2,36,68.4,48,67.2,76.1,39,75.2,,1,24.37,1,47.9,76.3,48.2,1,49.3,
2026-09-19T21:25:00-06:00,2026-09-19 21:25:00,55.6,55.6,50.2,0.9,1.1,3.4,236,0,0,0.05,0.18,0.37,55.93,29.92,82,0,0,77.2,36,68.4,48,67.2,76.1,39,75.2,,1,24.37,1,47.9,76.3,48.2,1,49.3,
2026-09-19T21:20:00-06:00,2026-09-19 21:20:00,55.8,55.8,50.4,0.2,1.1,3.4,243,0,0,0.05,0.18,0.37,55.93,29.92,82,0,0,77.2,36,68.4,48,67.2,76.1,39,75.2,,1,24.37,1,47.9,76.3,48.2,1,49.3,
2026-09-19T21:15:00-06:00,2026-09-19 21:15:00,56.3,56.3,50.2,0.2,1.1,3.4,233,0,0,0.05,0.18,0.37,55.93,29.92,80,0,0,77.2,35,68.4,48,67.2,76.1,39,75.2,,1,24.37,1,47.9,76.3,47.4,1,49.3,
2026-09-19T21:10:00-06:00,2026-09-19 21:10:00,56.3,56.3,50.2,0,0,3.4,235,0,0,0.05,0.18,0.37,55.93,29.92,80,0,0,77.4,35,68.5,48,67.3,76.1,39,75.2,,1,24.37,1,48,76.5,47.6,1,49.3,
2026-09-19T21:05:00-06:00,2026-09-19 21:05:00,56.1,56.1,50,0,0,3.4,233,0,0,0.05,0.18,0.37,55.93,29.93,80,0,0,77.4,35,68.4,48,67.2,76.1,39,75.2,,1,24.37,1,47.9,76.5,47.6,1,49.3,
2026-09-19T21:00:00-06:00,2026-09-19 21:00:00,56.3,56.3,50.2,0,0,3.4,242,0,0,0.05,0.18,0.37,55.93,29.93,80,0,0,77.4,35,68.5,47,67.3,76.1,39,75.2,,1,24.37,1,47.5,76.5,47.6,1,49.3,
2026-09-19T20:55:00-06:00,2026-09-19 20:55:00,56.1,56.1,50,0,0,3.4,238,0,0,0.05,0.18,0.37,55.93,29.93,80,0,0,77.4,35,68.5,48,67.3,76.1,40,75.3,,1,24.38,1,48,76.5,47.6,1,50,
2026-09-19T20:50:00-06:00,2026-09-19 20:50:00,56.3,56.3,50.2,0,0,3.4,235,0,0,0.05,0.18,0.37,55.93,29.93,80,0,0,77.5,35,68.5,48,67.3,76.1,39,75.2,,1,24.37,1,48,76.6,47.7,1,49.3,
2026-09-19T20:45:00-06:00,2026-09-19 20:45:00,55.6,55.6,50.2,0,0,3.4,238,0,0,0.05,0.18,0.37,55.93,29.93,82,0,0,77.5,35,68.5,48,67.3,76.1,40,75.3,,1,24.37,1,48,76.6,47.7,1,50,
2026-09-19T20:40:00-06:00,2026-09-19 20:40:00,54.9,54.9,50.2,0,0,3.4,239,0,0,0.05,0.18,0.37,55.93,29.93,84,0,0,77.5,35,68.5,48,67.3,76.1,39,75.2,,1,24.37,1,48,76.6,47.7,1,49.3,
2026-09-19T20:35:00-06:00,2026-09-19 20:35:00,55,55,50.6,1.1,1.1,3.4,237,0,0,0.05,0.18,0.37,55.93,29.92,85,0,0,77.7,35,68.5,48,67.3,76.1,39,75.2,,1,24.37,1,48,76.8,47.8,1,49.3,
2026-09-19T20:30:00-06:00,2026-09-19 20:30:00,55,55,50.3,0,0,3.4,238,0,0,0.05,0.18,0.37,55.93,29.92,84,0,0,77.7,35,68.5,48,67.3,76.1,39,75.2,,1,24.36,1,48,76.8,47.8,1,49.3,
2026-09-19T20:25:00-06:00,2026-09-19 20:25:00,55,55,50.6,0,0,3.4,237,0,0,0.05,0.18,0.37,55.93,29.92,85,0,0,77.7,35,68.5,48,67.3,76.1,39,75.2,,1,24.36,1,48,76.8,47.8,1,49.3,
2026-09-19T20:20:00-06:00,2026-09-19 20:20:00,55.8,55.8,51,0.7,1.1,3.4,253,0,0,0.05,0.18,0.37,55.93,29.91,84,0,0,77.9,35,68.7,48,67.5,76.3,39,75.5,,1,24.35,1,48.2,77,48,1,49.5,
2026-09-19T20:15:00-06:00,2026-09-19 20:15:00,56.3,56.3,50.5,0,0,3.4,234,0,0,0.05,0.18,0.37,55.93,29.91,81,0,0,77.9,35,68.7,48,67.5,76.5,39,75.7,,1,24.35,1,48.2,77,48,1,49.7,
2026-09-19T20:10:00-06:00,2026-09-19 20:10:00,56.8,56.8,50.7,0,0,3.4,224,0,0,0.05,0.18,0.37,55.93,29.91,80,0,0,78.1,35,68.7,47,67.5,77,39,76.2,,1,24.36,1,47.6,77.3,48.2,1,50.1,
2026-09-19T20:05:00-06:00,2026-09-19 20:05:00,58.5,58.5,50.6,0.9,1.1,3.4,244,0,0,0.05,0.18,0.37,55.93,29.92,75,0,0,78.3,34,68.7,47,67.5,78.3,38,77.6,,1,24.36,1,47.6,77.4,47.6,1,50.6,
2026-09-19T20:00:00-06:00,2026-09-19 20:00:00,58.5,58.5,50.6,0,0,3.4,217,0,0,0.05,0.18,0.37,55.93,29.91,75,0,0,78.3,34,68.7,47,67.5,78.3,38,77.6,,1,24.36,1,47.6,77.4,47.6,1,50.6,
2026-09-19T19:55:00-06:00,2026-09-19 19:55:00,57.2,57.2,51.1,0.9,1.1,3.4,226,0,0,0.05,0.18,0.37,55.93,29.91,80,0,0,78.4,34,68.9,47,67.7,,,,,1,24.36,1,47.8,77.5,47.7,,,
2026-09-19T19:50:00-06:00,2026-09-19 19:50:00,56.8,56.8,52.3,0.2,1.1,3.4,250,0,0,0.05,0.18,0.37,55.93,29.92,85,0,0,78.8,34,68.9,47,67.7,,,,,1,24.36,1,47.8,78,48,,,
2026-09-19T19:45:00-06:00,2026-09-19 19:45:00,56.8,56.8,52.7,0.2,1.1,19.5,223,0,0.05,0.05,0.18,0.37,55.93,30.11,86,0,0,78.1,34,69.1,48,68,,,,,1,24.36,1,48.6,77.2,47.4,,,
2026-09-19T19:40:00-06:00,2026-09-19 19:40:00,56.8,56.8,52.7,0.2,1.1,19.5,265,0,0.05,0.05,0.18,0.37,55.93,30.1,86,0,0,78.3,34,68.5,48,67.3,,,,,1,24.36,1,48,77.4,47.6,,,
2026-09-19T19:35:00-06:00,2026-09-19 19:35:00,57.2,57.2,53.7,1.8,2.2,19.5,163,0,0.05,0.05,0.18,0.37,55.93,30.1,88,0,0,78.3,34,68.4,48,67.2,,,,,1,24.36,1,47.9,77.4,47.6,,,
2026-09-19T19:30:00-06:00,2026-09-19 19:30:00,56.7,56.7,53.5,1.6,2.2,19.5,135,0,0.05,0.05,0.18,0.37,55.93,30.09,89,0,0,78.3,34,68.4,48,67.2,,,,,1,24.34,1,47.9,77.4,47.6,,,
2026-09-19T19:25:00-06:00,2026-09-19 19:25:00,56.7,56.7,53.2,0.2,1.1,19.5,238,0,0.05,0.05,0.18,0.37,55.93,30.1,88,0,0.1,78.4,34,68.4,48,67.2,,,,,1,24.35,1,47.9,77.5,47.7,,,
2026-09-19T19:20:00-06:00,2026-09-19 19:20:00,56.7,56.7,53.2,0,0,19.5,221,0,0.05,0.05,0.18,0.37,55.93,30.09,88,0,0.1,78.4,34,68.4,48,67.2,,,,,1,24.35,1,47.9,77.5,47.7,,,
2026-09-19T19:15:00-06:00,2026-09-19 19:15:00,56.7,56.7,53.2,0,0,19.5,240,0,0.05,0.05,0.18,0.37,55.93,30.09,88,0,0.3,78.4,34,68.4,48,67.2,,,,,1,24.34,1,47.9,77.5,47.7,,,
2026-09-19T19:10:00-06:00,2026-09-19 19:10:00,56.7,56.7,53.2,0.2,1.1,19.5,242,0.07,0.05,0.05,0.18,0.37,55.93,30.09,88,0,0.6,78.4,34,68.2,48,67,,,,,1,24.34,1,47.8,77.5,47.7,,,
2026-09-19T19:05:00-06:00,2026-09-19 19:05:00,56.8,56.8,53,0,0,19.5,249,0.12,0.05,0.05,0.18,0.37,55.93,30.09,87,0,1.4,78.6,33,68.2,48,67,,,,,1,24.35,1,47.8,77.7,47.1,,,
2026-09-19T19:00:00-06:00,2026-09-19 19:00:00,57.9,57.9,53.4,0.2,1.1,19.5,232,0.19,0.05,0.05,0.18,0.37,55.93,30.09,85,0,1.8,78.6,33,68.2,48,67,,,,,1,24.35,1,47.8,77.7,47.1,,,
2026-09-19T18:55:00-06:00,2026-09-19 18:55:00,58.3,58.3,53.2,0,0,19.5,223,0.07,0.03,0.03,0.16,0.35,55.91,30.09,83,0,1.9,78.6,33,68,48,68,,,,,1,24.35,1,47.6,77.7,47.1,,,
2026-09-19T18:50:00-06:00,2026-09-19 18:50:00,59.9,59.9,53.7,0,0,19.5,234,0.05,0.02,0.02,0.15,0.34,55.9,30.09,80,0,3.3,78.8,33,68,48,68,,,,,1,24.34,1,47.6,77.9,47.2,,,
2026-09-19T18:45:00-06:00,2026-09-19 18:45:00,61.9,61.9,53.1,0,0,19.5,217,0.12,0.02,0.02,0.15,0.34,55.9,30.09,73,0,5.1,79,33,68,48,68,,,,,1,24.34,1,47.6,78.2,47.4,,,
2026-09-19T18:40:00-06:00,2026-09-19 18:40:00,64.2,64.2,54.2,0,0,19.5,227,0.07,0.01,0.01,0.14,0.33,55.89,30.09,70,0,7.5,79.2,33,68,48,68,,,,,1,24.34,1,47.6,78.4,47.6,,,
2026-09-19T18:35:00-06:00,2026-09-19 18:35:00,66.7,66.7,51,0.7,1.1,19.5,243,0,0,0,0.13,0.32,55.88,30.09,57,0,13.4,79.3,33,67.8,48,67.8,,,,,1,24.35,1,47.4,78.5,47.7,,,
2026-09-19T18:30:00-06:00,2026-09-19 18:30:00,67.6,67.6,48.8,0,0,19.5,231,0,0,0,0.13,0.32,55.88,30.08,51,0,20.8,79.3,33,67.8,48,67.8,,,,,1,24.33,1,47.4,78.5,47.7,,,
2026-09-19T18:25:00-06:00,2026-09-19 18:25:00,68,68,48.1,0,0,19.5,202,0,0,0,0.13,0.32,55.88,30.07,49,0,10.2,79.3,33,67.6,48,67.6,,,,,1,24.33,1,47.2,78.5,47.7,,,
2026-09-19T18:20:00-06:00,2026-09-19 18:20:00,69.1,67.9,48,0.7,1.1,19.5,278,0,0,0,0.13,0.32,55.88,30.07,47,0,10.7,79.3,33,67.6,48,67.6,,,,,1,24.32,1,47.2,78.5,47.7,,,
2026-09-19T18:15:00-06:00,2026-09-19 18:15:00,69.8,68.6,47.5,0.9,1.1,19.5,274,0,0,0,0.13,0.32,55.88,30.07,45,0,13.7,79.7,33,67.6,48,67.6,,,,,1,24.32,1,47.2,78.9,48,,,
2026-09-19T18:10:00-06:00,2026-09-19 18:10:00,70.5,69.2,46.3,0.7,1.1,19.5,196,0,0,0,0.13,0.32,55.88,30.06,42,0,15.4,79.9,33,67.5,48,67.5,,,,,1,24.32,1,47.1,79.1,48.2,,,
2026-09-19T18:05:00-06:00,2026-09-19 18:05:00,70.5,69.1,45,0,0,19.5,219,0,0,0,0.13,0.32,55.88,30.06,40,0,16.1,79.9,33,67.5,48,67.5,,,,,1,24.32,1,47.1,79.1,48.2,,,
2026-09-19T18:00:00-06:00,2026-09-19 18:00:00,70.9,69.6,45.4,0,0,19.5,225,0,0,0,0.13,0.32,55.88,30.06,40,0,17.6,80.1,33,67.5,48,67.5,,,,,1,24.32,1,47.1,79.5,48.4,,,
2026-09-19T17:55:00-06:00,2026-09-19 17:55:00,71.1,69.8,45.5,0.7,1.1,19.5,234,0,0,0,0.13,0.32,55.88,30.06,40,0,29.1,80.2,33,67.3,48,67.3,,,,,1,24.32,1,46.9,79.5,48.5,,,
2026-09-19T17:50:00-06:00,2026-09-19 17:50:00,71.6,70.3,46,0,0,19.5,228,0,0,0,0.13,0.32,55.88,30.06,40,0,28.1,80.4,33,67.3,48,67.3,,,,,1,24.32,1,46.9,79.6,48.6,,,
2026-09-19T17:45:00-06:00,2026-09-19 17:45:00,72,70.7,45.7,0.2,1.1,19.5,218,0,0,0,0.13,0.32,55.88,30.05,39,0,22.6,80.8,33,67.3,48,67.3,,,,,1,24.31,1,46.9,79.9,49,,,
2026-09-19T17:40:00-06:00,2026-09-19 17:40:00,72.1,70.8,45.8,0,0,19.5,244,0,0,0,0.13,0.32,55.88,30.06,39,0,32.4,80.8,33,67.1,48,67.1,,,,,1,24.32,1,46.7,79.9,49,,,
2026-09-19T17:35:00-06:00,2026-09-19 17:35:00,72.3,71,45.3,0,0,19.5,234,0,0,0,0.13,0.32,55.88,30.05,38,0,37.6,81,33,67.1,47,67.1,,,,,1,24.31,1,46.2,80,49.2,,,
2026-09-19T17:30:00-06:00,2026-09-19 17:30:00,73.6,72.5,47.1,0.2,1.1,19.5,221,0,0,0,0.13,0.32,55.88,30.05,39,0,51.5,81.1,33,67.1,47,67.1,,,,,1,24.31,1,46.2,80.1,49.2,,,
2026-09-19T17:25:00-06:00,2026-09-19 17:25:00,74.5,73.5,47.9,0.5,1.1,19.5,195,0,0,0,0.13,0.32,55.88,30.05,39,0,66.4,81.5,33,67.1,48,67.1,,,,,1,24.31,1,46.7,80.4,49.6,,,
2026-09-19T17:20:00-06:00,2026-09-19 17:20:00,74.5,73.4,47.2,2.9,3.4,19.5,68,0,0,0,0.13,0.32,55.88,30.05,38,1,134.1,81.5,33,67.1,47,67.1,,,,,1,24.3,1,46.2,80.4,49.6,,,
2026-09-19T17:15:00-06:00,2026-09-19 17:15:00,73.8,72.7,47.3,2,3.4,19.5,122,0,0,0,0.13,0.32,55.88,30.04,39,0,92.6,81.5,33,67.1,47,67.1,,,,,1,24.3,1,46.2,80.4,49.6,,,
2026-09-19T17:10:00-06:00,2026-09-19 17:10:00,75.2,74.2,47.8,4.3,4.5,19.5,94,0,0,0,0.13,0.32,55.88,30.04,38,0,53.2,81.7,33,66.9,47,66.9,,,,,1,24.3,1,46,80.5,49.8,,,
2026-09-19T17:05:00-06:00,2026-09-19 17:05:00,75.7,74.7,47.6,2.9,4.5,19.5,86,0,0,0,0.13,0.32,55.88,30.05,37,1,119.1,81.5,33,66.9,47,66.9,,,,,1,24.3,1,46,80.4,49.6,,,
2026-09-19T17:00:00-06:00,2026-09-19 17:00:00,76.5,75.5,47.5,2.9,3.4,19.5,170,0,0,0,0.13,0.32,55.88,30.04,36,1,163,81.5,33,66.9,47,66.9,,,,,1,24.3,1,46,80.4,49.6,,,
2026-09-19T16:55:00-06:00,2026-09-19 16:55:00,76.6,75.6,46.9,2.9,4.5,19.5,101,0,0,0,0.13,0.32,55.88,30.04,35,1,168,81.3,33,66.9,47,66.9,,,,,1,24.29,1,46,80.2,49.4,,,
2026-09-19T16:50:00-06:00,2026-09-19 16:50:00,77.9,77,47.3,0.9,1.1,19.5,209,0,0,0,0.13,0.32,55.88,30.04,34,1,184.5,81.1,34,66.9,47,66.9,,,,,1,24.29,1,46,80.2,50,,,
2026-09-19T16:45:00-06:00,2026-09-19 16:45:00,76.6,75.6,46.9,1.1,1.1,19.5,37,0,0,0,0.13,0.32,55.88,30.04,35,1,196.8,81,34,66.9,47,66.9,,,,,1,24.29,1,46,80.1,50,,,
2026-09-19T16:40:00-06:00,2026-09-19 16:40:00,78.8,77.9,47.2,0,0,19.5,217,0,0,0,0.13,0.32,55.88,30.03,33,2,209.3,80.6,34,66.9,47,66.9,,,,,1,24.29,1,46,79.9,49.6,,,
2026-09-19T16:35:00-06:00,2026-09-19 16:35:00,78.6,77.7,46.3,0,0,19.5,227,0,0,0,0.13,0.32,55.88,30.04,32,2,223.1,80.4,34,66.9,47,66.9,,,,,1,24.3,1,46,79.7,49.4,,,
2026-09-19T16:30:00-06:00,2026-09-19 16:30:00,79.2,78.3,45.9,0.2,1.1,19.5,282,0,0,0,0.13,0.32,55.88,30.04,31,2,236.9,80.2,34,66.9,47,66.9,,,,,1,24.3,1,46,79.6,49.3,,,
2026-09-19T16:25:00-06:00,2026-09-19 16:25:00,77.7,76.7,46.3,0.2,1.1,19.5,222,0,0,0,0.13,0.32,55.88,30.04,33,2,250.9,79.9,34,66.9,47,66.9,,,,,1,24.29,1,46,79.2,49,,,
2026-09-19T16:20:00-06:00,2026-09-19 16:20:00,77.4,76.3,45.2,4.9,5.8,19.5,251,0,0,0,0.13,0.32,55.88,30.04,32,2,264.9,79.7,34,66.9,47,66.9,,,,,1,24.29,1,46,79,48.8,,,
2026-09-19T16:15:00-06:00,2026-09-19 16:15:00,76.3,75.2,45.1,0,0,19.5,227,0,0,0,0.13,0.32,55.88,30.04,33,2,279.5,79.3,35,66.9,47,66.9,,,,,1,24.3,1,46,78.6,49.3,,,
2026-09-19T16:10:00-06:00,2026-09-19 16:10:00,76.5,75.4,45.2,2.9,4.5,19.5,318,0,0,0,0.13,0.32,55.88,30.04,33,2,295.5,79.2,35,66.7,47,66.7,,,,,1,24.3,1,45.8,78.5,49.2,,,
2026-09-19T16:05:00-06:00,2026-09-19 16:05:00,75.2,74,44.9,3.8,4.5,19.5,258,0,0,0,0.13,0.32,55.88,30.04,34,3,314.9,79,35,66.9,47,66.9,,,,,1,24.3,1,46,78.2,49,,,
2026-09-19T16:00:00-06:00,2026-09-19 16:00:00,74.5,73.2,44.3,3.8,9.2,19.5,256,0,0,0,0.13,0.32,55.88,30.04,34,3,334.2,78.6,35,66.7,47,66.7,,,,,1,24.3,1,45.8,77.8,48.6,,,
2026-09-19T15:55:00-06:00,2026-09-19 15:55:00,74.7,73.5,45.2,7.2,9.2,19.5,273,0,0,0,0.13,0.32,55.88,30.05,35,3,357.8,78.3,35,66.7,47,66.7,,,,,1,24.3,1,45.8,77.5,48.4,,,
2026-09-19T15:50:00-06:00,2026-09-19 15:50:00,75.7,74.6,45.3,5.6,8.1,19.5,271,0,0,0,0.13,0.32,55.88,30.06,34,4,412.6,77.9,35,66.7,47,66.7,,,,,1,24.31,1,45.8,77,48,,,
2026-09-19T15:45:00-06:00,2026-09-19 15:45:00,73.9,72.7,46,1.8,2.2,19.5,222,0,0,0,0.13,0.32,55.88,30.06,37,4,478.4,77.5,35,66.7,47,66.7,,,,,1,24.31,1,45.8,76.6,47.7,,,
2026-09-19T15:40:00-06:00,2026-09-19 15:40:00,73.4,72.3,46.9,1.6,2.2,19.5,230,0,0,0,0.13,0.32,55.88,30.06,39,1,174.2,77.2,35,66.7,47,66.7,,,,,1,24.32,1,45.8,76.3,47.4,,,
2026-09-19T15:35:00-06:00,2026-09-19 15:35:00,73.4,72.4,48.3,0,0,19.5,240,0,0,0,0.13,0.32,55.88,30.06,41,0,68.2,77.2,35,66.7,47,66.7,,,,,1,24.31,1,45.8,76.3,47.4,,,
2026-09-19T15:30:00-06:00,2026-09-19 15:30:00,72.9,71.8,47.8,0,0,19.5,228,0,0,0,0.13,0.32,55.88,30.05,41,1,120.9,77.2,35,66.7,47,66.7,,,,,1,24.31,1,45.8,76.3,47.4,,,
2026-09-19T15:25:00-06:00,2026-09-19 15:25:00,73.2,72.1,48.1,1.6,2.2,19.5,152,0,0,0,0.13,0.32,55.88,30.05,41,1,113.3,77.2,35,66.7,47,66.7,,,,,1,24.31,1,45.8,76.3,47.4,,,
2026-09-19T15:20:00-06:00,2026-09-19 15:20:00,73,72,49.2,0,0,19.5,141,0,0,0,0.13,0.32,55.88,30.05,43,1,161.1,77.2,35,66.7,47,66.7,,,,,1,24.3,1,45.8,76.3,47.4,,,
2026-09-19T15:15:00-06:00,2026-09-19 15:15:00,73.2,72.2,48.7,2.5,3.4,19.5,211,0,0,0,0.13,0.32,55.88,30.05,42,1,174.3,77.2,35,66.7,47,66.7,,,,,1,24.31,1,45.8,76.3,47.4,,,
2026-09-19T15:10:00-06:00,2026-09-19 15:10:00,73,72,48.5,2.5,3.4,19.5,144,0,0,0,0.13,0.32,55.88,30.05,42,6,619.6,77.2,35,66.7,47,66.7,,,,,1,24.3,1,45.8,76.3,47.4,,,
2026-09-19T15:05:00-06:00,2026-09-19 15:05:00,73.2,72.1,48.1,2.5,3.4,19.5,119,0,0,0,0.13,0.32,55.88,30.05,41,2,219,77,35,66.7,47,66.7,,,,,1,24.3,1,45.8,76,47.2,,,
2026-09-19T15:00:00-06:00,2026-09-19 15:00:00,73.4,72.4,48.3,1.6,2.2,19.5,157,0,0,0,0.13,0.32,55.88,30.06,41,1,161,77,35,66.7,46,66.7,,,,,1,24.31,1,45.3,76,47.2,,,
2026-09-19T14:55:00-06:00,2026-09-19 14:55:00,74.7,73.7,48.8,0,0,19.5,212,0,0,0,0.13,0.32,55.88,30.05,40,1,114.7,77,35,66.7,46,66.7,,,,,1,24.3,1,45.3,76,47.2,,,
2026-09-19T14:50:00-06:00,2026-09-19 14:50:00,74.1,73,47.5,0,0,19.5,235,0,0,0,0.13,0.32,55.88,30.06,39,3,395.6,76.8,36,66.6,47,66.6,,,,,1,24.32,1,45.7,75.9,47.8,,,
2026-09-19T14:45:00-06:00,2026-09-19 14:45:00,73,72,48.5,0,0,19.5,229,0,0,0,0.13,0.32,55.88,30.05,42,1,146.6,76.8,36,66.6,46,66.6,,,,,1,24.3,1,45.2,75.9,47.8,,,
2026-09-19T14:40:00-06:00,2026-09-19 14:40:00,74.5,73.6,49.2,0,0,19.5,198,0,0,0,0.13,0.32,55.88,30.05,41,0,95.4,76.8,36,66.6,46,66.6,,,,,1,24.31,1,45.2,75.9,47.8,,,
2026-09-19T14:35:00-06:00,2026-09-19 14:35:00,75.4,74.5,49.4,1.6,2.2,19.5,157,0,0,0,0.13,0.32,55.88,30.04,40,1,116.4,77,36,66.6,46,66.6,,,,,1,24.3,1,45.2,76.1,48,,,
2026-09-19T14:30:00-06:00,2026-09-19 14:30:00,73,71.9,47.9,1.1,1.1,19.5,168,0,0,0,0.13,0.32,55.88,30.05,41,5,590.3,76.6,36,66.6,46,66.6,,,,,1,24.3,1,45.2,75.7,47.6,,,
2026-09-19T14:25:00-06:00,2026-09-19 14:25:00,71.6,70.6,49.1,2.7,4.5,19.5,99,0,0,0,0.13,0.32,55.88,30.04,45,6,644.1,76.3,36,66.6,46,66.6,,,,,1,24.3,1,45.2,75.3,47.4,,,
2026-09-19T14:20:00-06:00,2026-09-19 14:20:00,72.1,71.1,49.6,0.9,2.2,19.5,200,0,0,0,0.13,0.32,55.88,30.05,45,1,178.1,76.3,36,66.6,46,66.6,,,,,1,24.31,1,45.2,75.3,47.4,,,
2026-09-19T14:15:00-06:00,2026-09-19 14:15:00,73.8,72.9,49.3,0.9,1.1,19.5,217,0,0,0,0.13,0.32,55.88,30.05,42,1,147.3,76.3,36,66.6,46,66.6,,,,,1,24.31,1,45.2,75.3,47.4,,,
2026-09-19T14:10:00-06:00,2026-09-19 14:10:00,73.9,73,49.3,0,0,19.5,206,0,0,0,0.13,0.32,55.88,30.06,42,3,343.3,76.3,36,66.6,46,66.6,,,,,1,24.32,1,45.2,75.3,47.4,,,
2026-09-19T14:05:00-06:00,2026-09-19 14:05:00,72.7,71.7,49.5,0.2,1.1,19.5,221,0,0,0,0.13,0.32,55.88,30.06,44,1,181.8,76.3,36,66.6,46,66.6,,,,,1,24.31,1,45.2,75.3,47.4,,,
2026-09-19T14:00:00-06:00,2026-09-19 14:00:00,72.9,72,49.7,0,0,19.5,217,0,0,0,0.13,0.32,55.88,30.06,44,1,135.6,76.3,36,66.6,46,66.6,,,,,1,24.32,1,45.2,75.3,47.4,,,
2026-09-19T13:55:00-06:00,2026-09-19 13:55:00,72.7,71.8,50.1,0,0,19.5,221,0,0,0,0.13,0.32,55.88,30.06,45,1,137.9,76.3,36,66.6,46,66.6,,,,,1,24.32,1,45.2,75.3,47.4,,,
2026-09-19T13:50:00-06:00,2026-09-19 13:50:00,72.9,71.9,48.4,0,0,19.5,182,0,0,0,0.13,0.32,55.88,30.06,42,1,133.8,76.3,36,66.6,46,66.6,,,,,1,24.32,1,45.2,75.3,47.4,,,
2026-09-19T13:45:00-06:00,2026-09-19 13:45:00,72.9,71.9,49.1,1.3,2.2,19.5,166,0,0,0,0.13,0.32,55.88,30.06,43,1,185.3,76.3,36,66.4,46,66.4,,,,,1,24.32,1,45,75.3,47.4,,,
2026-09-19T13:40:00-06:00,2026-09-19 13:40:00,72.5,71.5,49.3,4.7,5.8,19.5,67,0,0,0,0.13,0.32,55.88,30.06,44,7,739,76.3,36,66.6,46,66.6,,,,,1,24.31,1,45.2,75.3,47.4,,,
2026-09-19T13:35:00-06:00,2026-09-19 13:35:00,72.3,71.3,48.5,0.7,1.1,19.5,117,0,0,0,0.13,0.32,55.88,30.06,43,1,173,76.3,36,66.6,46,66.6,,,,,1,24.32,1,45.2,75.3,47.4,,,
2026-09-19T13:30:00-06:00,2026-09-19 13:30:00,72,71,49.5,1.3,2.2,19.5,158,0,0,0,0.13,0.32,55.88,30.06,45,1,199.4,76.3,36,66.4,46,66.4,,,,,1,24.32,1,45,75.3,47.4,,,
2026-09-19T13:25:00-06:00,2026-09-19 13:25:00,71.8,70.9,51,1.3,2.2,19.5,175,0,0,0,0.13,0.32,55.88,30.06,48,2,219.4,76.3,36,66.4,46,66.4,,,,,1,24.32,1,45,75.3,47.4,,,
2026-09-19T13:20:00-06:00,2026-09-19 13:20:00,71.1,70.1,49.8,8.9,10.3,19.5,74,0,0,0,0.13,0.32,55.88,30.06,47,2,292.4,76.1,36,66.4,46,66.4,,,,,1,24.32,1,45,75.1,47.2,,,
2026-09-19T13:15:00-06:00,2026-09-19 13:15:00,70.3,69.4,50.8,6.5,8.1,19.5,152,0,0,0,0.13,0.32,55.88,30.06,50,1,188.2,75.9,36,66.4,46,66.4,,,,,1,24.32,1,45,74.9,47,,,
2026-09-19T13:10:00-06:00,2026-09-19 13:10:00,69.8,68.9,51.4,2.7,5.8,19.5,227,0,0,0,0.13,0.32,55.88,30.07,52,1,144.1,75.9,36,66.4,46,66.4,,,,,1,24.33,1,45,74.9,47,,,
2026-09-19T13:05:00-06:00,2026-09-19 13:05:00,69.8,69,52.4,6.5,8.1,19.5,90,0,0,0,0.13,0.32,55.88,30.08,54,2,237.1,75.7,36,66.4,46,66.4,,,,,1,24.33,1,45,74.7,46.8,,,
2026-09-19T13:00:00-06:00,2026-09-19 13:00:00,69.6,68.8,52.7,3.6,4.5,19.5,92,0,0,0,0.13,0.32,55.88,30.08,55,1,111.3,75.6,37,66.4,46,66.4,,,,,1,24.33,1,45,74.6,47.5,,,
2026-09-19T12:55:00-06:00,2026-09-19 12:55:00,68,68,53.6,2.5,3.4,19.5,179,0,0,0,0.13,0.32,55.88,30.08,60,1,121,75.6,37,66.4,46,66.4,,,,,1,24.34,1,45,74.6,47.5,,,
2026-09-19T12:50:00-06:00,2026-09-19 12:50:00,66.2,66.2,54.1,6.7,10.3,19.5,164,0,0,0,0.13,0.32,55.88,30.08,65,2,287.4,75.4,37,66.4,46,66.4,,,,,1,24.34,1,45,74.4,47.3,,,
2026-09-19T12:45:00-06:00,2026-09-19 12:45:00,66.9,66.9,54.3,1.6,3.4,19.5,184,0,0,0,0.13,0.32,55.88,30.09,64,1,152.5,75.4,37,66.4,46,66.4,,,,,1,24.34,1,45,74.4,47.3,,,
2026-09-19T12:40:00-06:00,2026-09-19 12:40:00,69.1,68.2,51.7,7.2,8.1,19.5,33,0,0,0,0.13,0.32,55.88,30.09,54,1,125.1,75.2,37,66.4,46,66.4,,,,,1,24.34,1,45,74.2,47.1,,,
2026-09-19T12:35:00-06:00,2026-09-19 12:35:00,71.1,70.2,51,11.6,13.7,13.7,52,0,0,0,0.13,0.32,55.88,30.09,49,0,87.8,75.2,37,66.4,46,66.4,,,,,1,24.35,1,45,74.2,47.1,,,
2026-09-19T12:30:00-06:00,2026-09-19 12:30:00,71.1,70.2,50.4,3.8,5.8,12.5,61,0,0,0,0.13,0.32,55.88,30.09,48,0,70.1,75.2,36,66.4,46,66.4,,,,,1,24.35,1,45,74.1,46.4,,,
2026-09-19T12:25:00-06:00,2026-09-19 12:25:00,72,71.1,50.1,8.1,9.2,12.5,70,0,0,0,0.13,0.32,55.88,30.09,46,0,84.1,75.2,36,66.4,46,66.4,,,,,1,24.35,1,45,74.1,46.4,,,
2026-09-19T12:20:00-06:00,2026-09-19 12:20:00,72.9,72,49.7,3.4,4.5,12.5,104,0,0,0,0.13,0.32,55.88,30.09,44,0,96.9,75,37,66.4,46,66.4,,,,,1,24.34,1,45,73.9,46.9,,,
2026-09-19T12:15:00-06:00,2026-09-19 12:15:00,73,72,49.2,0,0,12.5,208,0,0,0,0.13,0.32,55.88,30.09,43,1,156.8,75,37,66.4,46,66.4,,,,,1,24.34,1,45,73.9,46.9,,,
2026-09-19T12:10:00-06:00,2026-09-19 12:10:00,72.9,71.9,48.4,3.8,4.5,12.5,106,0,0,0,0.13,0.32,55.88,30.08,42,1,165.8,75,37,66.2,46,66.2,,,,,1,24.34,1,44.8,73.9,46.9,,,
2026-09-19T12:05:00-06:00,2026-09-19 12:05:00,72.5,71.5,48.7,1.8,2.2,12.5,122,0,0,0,0.13,0.32,55.88,30.09,43,1,192,75,37,66.4,46,66.4,,,,,1,24.34,1,45,73.9,46.9,,,
2026-09-19T12:00:00-06:00,2026-09-19 12:00:00,72.1,71,48.4,1.3,2.2,12.5,189,0,0,0,0.13,0.32,55.88,30.08,43,1,185.1,74.8,36,66.2,46,66.2,,,,,1,24.34,1,44.8,73.7,46,,,
2026-09-19T11:55:00-06:00,2026-09-19 11:55:00,72,70.9,48.3,0,0,12.5,221,0,0,0,0.13,0.32,55.88,30.08,43,2,221.3,74.7,35,66.2,46,66.2,,,,,1,24.34,1,44.8,73.5,45.2,,,
2026-09-19T11:50:00-06:00,2026-09-19 11:50:00,71.8,70.7,48.1,4,4.5,12.5,76,0,0,0,0.13,0.32,55.88,30.09,43,1,182.4,74.7,35,66.2,46,66.2,,,,,1,24.34,1,44.8,73.5,45.2,,,
2026-09-19T11:45:00-06:00,2026-09-19 11:45:00,71.2,70,47.5,1.1,1.1,12.5,163,0,0,0,0.13,0.32,55.88,30.08,43,1,151.6,74.7,35,66.2,46,66.2,,,,,1,24.34,1,44.8,73.5,45.2,,,
2026-09-19T11:40:00-06:00,2026-09-19 11:40:00,71.6,70.6,49.1,2.2,2.2,12.5,116,0,0,0,0.13,0.32,55.88,30.09,45,1,136.5,74.7,35,66.2,46,66.2,,,,,1,24.34,1,44.8,73.5,45.2,,,
2026-09-19T11:35:00-06:00,2026-09-19 11:35:00,71.8,70.7,48.7,2.9,4.5,12.5,84,0,0,0,0.13,0.32,55.88,30.09,44,1,123.9,74.7,35,66.2,46,66.2,,,,,1,24.35,1,44.8,73.5,45.2,,,
2026-09-19T11:30:00-06:00,2026-09-19 11:30:00,72,71,48.9,0.2,1.1,12.5,206,0,0,0,0.13,0.32,55.88,30.09,44,1,111,74.5,35,66.2,46,66.2,,,,,1,24.34,1,44.8,73.3,45,,,
2026-09-19T11:25:00-06:00,2026-09-19 11:25:00,73.4,72.5,49.5,8.1,12.5,12.5,71,0,0,0,0.13,0.32,55.88,30.09,43,1,110.4,74.5,35,66.2,46,66.2,,,,,1,24.34,1,44.8,73.3,45,,,
2026-09-19T11:20:00-06:00,2026-09-19 11:20:00,73.4,72.5,49.5,3.4,5.8,11.4,102,0,0,0,0.13,0.32,55.88,30.09,43,1,120.4,74.3,35,66.2,46,66.2,,,,,1,24.34,1,44.8,73.1,44.9,,,
2026-09-19T11:15:00-06:00,2026-09-19 11:15:00,73.2,72.2,49.3,2.9,4.5,11.4,61,0,0,0,0.13,0.32,55.88,30.09,43,0,100.9,74.1,34,66.2,46,66.2,,,,,1,24.34,1,44.8,72.8,43.9,,,
2026-09-19T11:10:00-06:00,2026-09-19 11:10:00,73.2,72.2,48.7,3.8,5.8,11.4,155,0,0,0,0.13,0.32,55.88,30.09,42,0,57.6,73.9,34,66.2,46,66.2,,,,,1,24.35,1,44.8,72.6,43.7,,,
2026-09-19T11:05:00-06:00,2026-09-19 11:05:00,72,70.9,47.6,4.5,5.8,11.4,38,0,0,0,0.13,0.32,55.88,30.09,42,0,40.6,73.9,34,66.2,46,66.2,,,,,1,24.34,1,44.8,72.6,43.7,,,
2026-09-19T11:00:00-06:00,2026-09-19 11:00:00,71.8,70.7,48.1,4.9,5.8,11.4,91,0,0,0,0.13,0.32,55.88,30.09,43,0,45.7,73.8,34,66.2,46,66.2,,,,,1,24.35,1,44.8,72.5,43.7,,,
2026-09-19T10:55:00-06:00,2026-09-19 10:55:00,72,70.9,47.6,7.4,8.1,11.4,54,0,0,0,0.13,0.32,55.88,30.09,42,0,42,73.8,34,66.2,46,66.2,,,,,1,24.35,1,44.8,72.5,43.7,,,
2026-09-19T10:50:00-06:00,2026-09-19 10:50:00,72.1,71.1,49,4.9,6.9,11.4,69,0,0,0,0.13,0.32,55.88,30.09,44,0,49.9,73.6,34,66,46,66,,,,,1,24.35,1,44.6,72.3,43.5,,,
2026-09-19T10:45:00-06:00,2026-09-19 10:45:00,71.4,70.4,48.9,0.7,1.1,11.4,198,0,0,0,0.13,0.32,55.88,30.1,45,0,36,73.4,34,66,46,66,,,,,1,24.35,1,44.6,72,43.3,,,
2026-09-19T10:40:00-06:00,2026-09-19 10:40:00,71.4,70.4,48.9,0,0,11.4,221,0,0,0,0.13,0.32,55.88,30.1,45,0,33.2,73.4,34,66,46,66,,,,,1,24.35,1,44.6,72,43.3,,,
2026-09-19T10:35:00-06:00,2026-09-19 10:35:00,70.9,69.9,49.1,1.3,2.2,11.4,174,0,0,0,0.13,0.32,55.88,30.1,46,0,39.5,73.2,34,66,46,66,,,,,1,24.35,1,44.6,71.8,43.1,,,
2026-09-19T10:30:00-06:00,2026-09-19 10:30:00,70.9,69.8,48.5,1.8,2.2,11.4,316,0,0,0,0.13,0.32,55.88,30.09,45,0,30.1,73.2,34,66,46,66,,,,,1,24.35,1,44.6,71.8,43.1,,,
2026-09-19T10:25:00-06:00,2026-09-19 10:25:00,70.5,69.4,48.1,2.5,3.4,11.4,110,0,0,0,0.13,0.32,55.88,30.09,45,0,31.9,73,34,66,46,66,,,,,1,24.35,1,44.6,71.6,43,,,
2026-09-19T10:20:00-06:00,2026-09-19 10:20:00,70.5,69.4,48.7,2.5,3.4,11.4,76,0,0,0,0.13,0.32,55.88,30.1,46,0,42.7,73,34,66,46,66,,,,,1,24.35,1,44.6,71.6,43,,,
2026-09-19T10:15:00-06:00,2026-09-19 10:15:00,70,68.9,48.3,0.9,1.1,11.4,200,0,0,0,0.13,0.32,55.88,30.09,46,0,44.5,72.9,34,66,46,66,,,,,1,24.35,1,44.6,71.5,42.9,,,
2026-09-19T10:10:00-06:00,2026-09-19 10:10:00,70,68.9,48.3,2.9,3.4,11.4,107,0,0,0,0.13,0.32,55.88,30.1,46,0,39.6,72.9,34,66,46,66,,,,,1,24.35,1,44.6,71.5,42.9,,,
2026-09-19T10:05:00-06:00,2026-09-19 10:05:00,70.7,69.6,48.9,4.5,5.8,11.4,122,0,0,0,0.13,0.32,55.88,30.1,46,1,113.4,72.9,34,66,46,66,,,,,1,24.35,1,44.6,71.5,42.9,,,
2026-09-19T10:00:00-06:00,2026-09-19 10:00:00,70.9,69.9,49.7,0.9,2.2,11.4,159,0,0,0,0.13,0.32,55.88,30.1,47,3,313.6,72.7,34,66,46,66,,,,,1,24.36,1,44.6,71.3,42.7,,,
2026-09-19T09:55:00-06:00,2026-09-19 09:55:00,70.5,69.6,50.4,4,4.5,11.4,62,0,0,0,0.13,0.32,55.88,30.1,49,1,125.8,72.5,34,66,46,66,,,,,1,24.35,1,44.6,71,42.5,,,
2026-09-19T09:50:00-06:00,2026-09-19 09:50:00,69.4,68.4,49.9,3.4,4.5,11.4,40,0,0,0,0.13,0.32,55.88,30.09,50,0,37.9,72.5,34,65.8,46,65.8,,,,,1,24.35,1,44.4,71,42.5,,,
2026-09-19T09:45:00-06:00,2026-09-19 09:45:00,69.1,68.1,49.7,4.5,4.5,11.4,93,0,0,0,0.13,0.32,55.88,30.09,50,0,36.7,72.3,34,65.8,46,65.8,,,,,1,24.35,1,44.4,70.8,42.3,,,
2026-09-19T09:40:00-06:00,2026-09-19 09:40:00,68.5,67.5,50.7,1.3,2.2,11.4,92,0,0,0,0.13,0.32,55.88,30.09,53,0,34.9,72.1,34,65.8,46,65.8,,,,,1,24.34,1,44.4,70.6,42.2,,,
2026-09-19T09:35:00-06:00,2026-09-19 09:35:00,69.4,68.5,51,0.7,1.1,11.4,186,0,0,0,0.13,0.32,55.88,30.1,52,0,33.7,72.1,35,66,46,66,,,,,1,24.35,1,44.6,70.7,42.9,,,
2026-09-19T09:30:00-06:00,2026-09-19 09:30:00,68.7,67.6,49.3,1.8,2.2,11.4,124,0,0,0,0.13,0.32,55.88,30.09,50,0,30.7,72,35,66,46,66,,,,,1,24.35,1,44.6,70.5,42.8,,,
2026-09-19T09:25:00-06:00,2026-09-19 09:25:00,68.2,66.9,47.2,0.2,1.1,11.4,215,0,0,0,0.13,0.32,55.88,30.09,47,0,31.5,71.8,35,65.8,46,65.8,,,,,1,24.35,1,44.4,70.3,42.7,,,
2026-09-19T09:20:00-06:00,2026-09-19 09:20:00,68.7,67.7,50.4,0.2,1.1,11.4,172,0,0,0,0.13,0.32,55.88,30.1,52,0,34.3,71.8,35,65.8,46,65.8,,,,,1,24.36,1,44.4,70.3,42.7,,,
2026-09-19T09:15:00-06:00,2026-09-19 09:15:00,67.5,67.5,50.3,2.7,3.4,11.4,94,0,0,0,0.13,0.32,55.88,30.1,54,0,35.4,71.6,35,65.8,46,65.8,,,,,1,24.36,1,44.4,70.1,42.5,,,
2026-09-19T09:10:00-06:00,2026-09-19 09:10:00,66.2,66.2,50.5,1.6,2.2,11.4,119,0,0,0,0.13,0.32,55.88,30.1,57,0,32.8,71.4,35,65.8,46,65.8,,,,,1,24.36,1,44.4,69.9,42.3,,,
2026-09-19T09:05:00-06:00,2026-09-19 09:05:00,66.7,66.7,51,2.2,2.2,11.4,142,0,0,0,0.13,0.32,55.88,30.1,57,0,32.5,71.4,35,65.8,46,65.8,,,,,1,24.36,1,44.4,69.9,42.3,,,
2026-09-19T09:00:00-06:00,2026-09-19 09:00:00,67.1,67.1,50.9,0.7,1.1,11.4,185,0,0,0,0.13,0.32,55.88,30.1,56,0,44.2,71.4,35,65.8,46,65.8,,,,,1,24.36,1,44.4,69.9,42.3,,,
2026-09-19T08:55:00-06:00,2026-09-19 08:55:00,67.1,67.1,51.3,3.8,4.5,11.4,82,0,0,0,0.13,0.32,55.88,30.1,57,0,80.1,71.2,35,65.8,46,65.8,,,,,1,24.36,1,44.4,69.7,42.1,,,
2026-09-19T08:50:00-06:00,2026-09-19 08:50:00,67.3,67.3,51.1,3.8,4.5,11.4,109,0,0,0,0.13,0.32,55.88,30.1,56,1,102.9,71.2,35,65.8,46,65.8,,,,,1,24.36,1,44.4,69.7,42.1,,,
2026-09-19T08:45:00-06:00,2026-09-19 08:45:00,68.2,67.3,51.4,3.6,4.5,11.4,110,0,0,0,0.13,0.32,55.88,30.09,55,1,174.5,71.2,35,65.8,46,65.8,,,,,1,24.35,1,44.4,69.7,42.1,,,
2026-09-19T08:40:00-06:00,2026-09-19 08:40:00,68.2,67.2,49.9,2.2,2.2,11.4,108,0,0,0,0.13,0.32,55.88,30.09,52,1,155.9,71.1,35,65.8,46,65.8,,,,,1,24.35,1,44.4,69.6,42,,,
2026-09-19T08:35:00-06:00,2026-09-19 08:35:00,66.7,66.7,49.5,0.2,1.1,11.4,238,0,0,0,0.13,0.32,55.88,30.1,54,1,103.4,71.1,35,65.7,46,65.7,,,,,1,24.36,1,44.3,69.6,42,,,
2026-09-19T08:30:00-06:00,2026-09-19 08:30:00,65.8,65.8,49.2,0,0,11.4,286,0,0,0,0.13,0.32,55.88,30.11,55,0,47.5,70.9,35,65.8,46,65.8,,,,,1,24.36,1,44.4,69.3,41.9,,,
2026-09-19T08:25:00-06:00,2026-09-19 08:25:00,64.9,64.9,48.8,2.7,4.5,11.4,277,0,0,0,0.13,0.32,55.88,30.11,56,0,31.2,70.9,35,65.7,46,65.7,,,,,1,24.36,1,44.3,69.3,41.9,,,
2026-09-19T08:20:00-06:00,2026-09-19 08:20:00,64.2,64.2,48.6,1.8,3.4,11.4,278,0,0,0,0.13,0.32,55.88,30.11,57,0,28.6,70.7,35,65.7,46,65.7,,,,,1,24.37,1,44.3,69.1,41.7,,,
2026-09-19T08:15:00-06:00,2026-09-19 08:15:00,64.6,64.6,48.5,5.1,8.1,8.1,298,0,0,0,0.13,0.32,55.88,30.11,56,0,31.9,70.5,35,65.7,46,65.7,,,,,1,24.37,1,44.3,68.9,41.5,,,
2026-09-19T08:10:00-06:00,2026-09-19 08:10:00,64.8,64.8,48.2,2.5,3.4,8.1,189,0,0,0,0.13,0.32,55.88,30.11,55,0,27,70.5,35,65.7,46,65.7,,,,,1,24.37,1,44.3,68.9,41.5,,,
2026-09-19T08:05:00-06:00,2026-09-19 08:05:00,64.6,64.6,48.5,4.9,5.8,8.1,260,0,0,0,0.13,0.32,55.88,30.12,56,0,24.2,70.5,35,65.7,46,65.7,,,,,1,24.37,1,44.3,68.9,41.5,,,
2026-09-19T08:00:00-06:00,2026-09-19 08:00:00,63.7,63.7,49.5,2,5.8,6.9,322,0,0,0,0.13,0.32,55.88,30.11,60,0,22.9,70.5,35,65.7,46,65.7,,,,,1,24.36,1,44.3,68.9,41.5,,,
2026-09-19T07:55:00-06:00,2026-09-19 07:55:00,63.1,63.1,49,1.8,2.2,6.9,312,0,0,0,0.13,0.32,55.88,30.1,60,0,24.3,70.3,35,65.7,46,65.7,,,,,1,24.36,1,44.3,68.7,41.3,,,
2026-09-19T07:50:00-06:00,2026-09-19 07:50:00,62.6,62.6,49,0,0,6.9,222,0,0,0,0.13,0.32,55.88,30.1,61,0,21.7,70.3,35,65.7,46,65.7,,,,,1,24.36,1,44.3,68.7,41.3,,,
2026-09-19T07:45:00-06:00,2026-09-19 07:45:00,61.9,61.9,49.2,0,0,6.9,225,0,0,0,0.13,0.32,55.88,30.1,63,0,24.4,70.2,35,65.7,45,65.7,,,,,1,24.35,1,43.8,68.6,41.3,,,
2026-09-19T07:40:00-06:00,2026-09-19 07:40:00,61.3,61.3,48.6,0,0,6.9,232,0,0,0,0.13,0.32,55.88,30.09,63,0,19.5,70.2,35,65.7,45,65.7,,,,,1,24.35,1,43.8,68.6,41.3,,,
2026-09-19T07:35:00-06:00,2026-09-19 07:35:00,61,61,48.7,0,0,6.9,221,0,0,0,0.13,0.32,55.88,30.1,64,0,18,70,35,65.7,45,65.7,,,,,1,24.35,1,43.8,68.3,41.1,,,
2026-09-19T07:30:00-06:00,2026-09-19 07:30:00,60.1,60.1,48.3,0.2,1.1,6.9,222,0,0,0,0.13,0.32,55.88,30.1,65,0,17.5,70,35,65.7,45,65.7,,,,,1,24.35,1,43.8,68.3,41.1,,,
2026-09-19T07:25:00-06:00,2026-09-19 07:25:00,58.5,58.5,49.1,0,0,5.8,238,0,0,0,0.13,0.32,55.88,30.09,71,0,16.1,70,35,65.7,45,65.7,,,,,1,24.35,1,43.8,68.3,41.1,,,
2026-09-19T07:20:00-06:00,2026-09-19 07:20:00,57.2,57.2,49,1.6,2.2,5.8,239,0,0,0,0.13,0.32,55.88,30.1,74,0,15.1,69.8,35,65.7,45,65.7,,,,,1,24.35,1,43.8,68.1,40.9,,,
2026-09-19T07:15:00-06:00,2026-09-19 07:15:00,55.9,55.9,48.8,0.2,1.1,5.8,238,0,0,0,0.13,0.32,55.88,30.1,77,0,12.7,69.8,35,65.7,45,65.7,,,,,1,24.35,1,43.8,68.1,40.9,,,
2026-09-19T07:10:00-06:00,2026-09-19 07:10:00,55.2,55.2,48.8,0,0,5.8,231,0,0,0,0.13,0.32,55.88,30.1,79,0,10.7,69.8,35,65.7,45,65.7,,,,,1,24.35,1,43.8,68.1,40.9,,,
2026-09-19T07:05:00-06:00,2026-09-19 07:05:00,54.9,54.9,48.5,0,0,5.8,229,0,0,0,0.13,0.32,55.88,30.09,79,0,7.7,69.8,35,65.7,45,65.7,,,,,1,24.35,1,43.8,68.1,40.9,,,
2026-09-19T07:00:00-06:00,2026-09-19 07:00:00,55.2,55.2,48.5,0,0,5.8,228,0,0,0,0.13,0.32,55.88,30.09,78,0,5.9,69.8,35,65.7,45,65.7,,,,,1,24.35,1,43.8,68.1,40.9,,,
2026-09-19T06:55:00-06:00,2026-09-19 06:55:00,56.1,56.1,48.6,0,0,5.8,225,0,0,0,0.13,0.32,55.88,30.1,76,0,4.5,69.8,35,65.7,45,65.7,,,,,1,24.35,1,43.8,68.1,40.9,,,
2026-09-19T06:50:00-06:00,2026-09-19 06:50:00,56.5,56.5,49,0,0,5.8,220,0,0,0,0.13,0.32,55.88,30.09,76,0,3.4,70,35,65.7,45,65.7,,,,,1,24.35,1,43.8,68.3,41.1,,,
2026-09-19T06:45:00-06:00,2026-09-19 06:45:00,56.7,56.7,49.6,0,0,5.8,201,0,0,0,0.13,0.32,55.88,30.09,77,0,2.1,69.8,35,65.7,45,65.7,,,,,1,24.35,1,43.8,68.1,40.9,,,
2026-09-19T06:40:00-06:00,2026-09-19 06:40:00,57,57,49.2,0,0,5.8,223,0,0,0,0.13,0.32,55.88,30.09,75,0,1.1,69.8,35,65.7,45,65.7,,,,,1,24.34,1,43.8,68.1,40.9,,,
2026-09-19T06:35:00-06:00,2026-09-19 06:35:00,57.6,57.6,49.4,0,0,5.8,226,0,0,0,0.13,0.32,55.88,30.09,74,0,0.5,69.8,35,65.7,45,65.7,,,,,1,24.35,1,43.8,68.1,40.9,,,
2026-09-19T06:30:00-06:00,2026-09-19 06:30:00,57.4,57.4,49.2,0,0,5.8,231,0,0,0,0.13,0.32,55.88,30.09,74,0,0.2,69.8,35,65.7,45,65.7,,,,,1,24.35,1,43.8,68.1,40.9,,,
2026-09-19T06:25:00-06:00,2026-09-19 06:25:00,57,57,49.2,0,0,5.8,245,0,0,0,0.13,0.32,55.88,30.09,75,0,0.1,69.8,35,65.5,45,65.5,,,,,1,24.35,1,43.6,68.1,40.9,,,
2026-09-19T06:20:00-06:00,2026-09-19 06:20:00,57.4,57.4,49.5,0,0,5.8,246,0,0,0,0.13,0.32,55.88,30.09,75,0,0,69.8,35,65.7,45,65.7,,,,,1,24.35,1,43.8,68.1,40.9,,,
2026-09-19T06:15:00-06:00,2026-09-19 06:15:00,57,57,49.2,0,0,5.8,238,0,0,0,0.13,0.32,55.88,30.09,75,0,0,69.8,35,65.5,45,65.5,,,,,1,24.34,1,43.6,68.1,40.9,,,
2026-09-19T06:10:00-06:00,2026-09-19 06:10:00,55.8,55.8,49.4,0,0,5.8,243,0,0,0,0.13,0.32,55.88,30.08,79,0,0,69.8,35,65.7,45,65.7,,,,,1,24.33,1,43.8,68.1,40.9,,,
2026-09-19T06:05:00-06:00,2026-09-19 06:05:00,55.8,55.8,49.4,0,0,5.8,240,0,0,0,0.13,0.32,55.88,30.09,79,0,0,69.8,35,65.5,45,65.5,,,,,1,24.34,1,43.6,68.1,40.9,,,
2026-09-19T06:00:00-06:00,2026-09-19 06:00:00,56.1,56.1,49.3,0,0,5.8,227,0,0,0,0.13,0.32,55.88,30.09,78,0,0,69.8,35,65.7,45,65.7,,,,,1,24.34,1,43.8,68.1,40.9,,,
2026-09-19T05:55:00-06:00,2026-09-19 05:55:00,56.3,56.3,49.5,0.5,1.1,5.8,240,0,0,0,0.13,0.32,55.88,30.09,78,0,0,69.8,35,65.7,45,65.7,,,,,1,24.35,1,43.8,68.1,40.9,,,
2026-09-19T05:50:00-06:00,2026-09-19 05:50:00,55.6,55.6,49.2,0,0,5.8,236,0,0,0,0.13,0.32,55.88,30.09,79,0,0,69.8,35,65.5,45,65.5,,,,,1,24.34,1,43.6,68.1,40.9,,,
2026-09-19T05:45:00-06:00,2026-09-19 05:45:00,55.9,55.9,49.5,0,0,5.8,222,0,0,0,0.13,0.32,55.88,30.09,79,0,0,69.8,35,65.5,45,65.5,,,,,1,24.34,1,43.6,68.1,40.9,,,
2026-09-19T05:40:00-06:00,2026-09-19 05:40:00,56.1,56.1,49.3,0,0,5.8,228,0,0,0,0.13,0.32,55.88,30.09,78,0,0,69.8,35,65.5,45,65.5,,,,,1,24.34,1,43.6,68.1,40.9,,,
2026-09-19T05:35:00-06:00,2026-09-19 05:35:00,56.5,56.5,49.7,0,0,5.8,224,0,0,0,0.13,0.32,55.88,30.09,78,0,0,69.8,35,65.7,45,65.7,,,,,1,24.35,1,43.8,68.1,40.9,,,
2026-09-19T05:30:00-06:00,2026-09-19 05:30:00,56.1,56.1,49.3,1.1,1.1,5.8,269,0,0,0,0.13,0.32,55.88,30.08,78,0,0,70,35,65.7,45,65.7,,,,,1,24.34,1,43.8,68.3,41.1,,,
2026-09-19T05:25:00-06:00,2026-09-19 05:25:00,56.1,56.1,49.3,0,0,5.8,238,0,0,0,0.13,0.32,55.88,30.09,78,0,0,70,35,65.5,45,65.5,,,,,1,24.34,1,43.6,68.3,41.1,,,
2026-09-19T05:20:00-06:00,2026-09-19 05:20:00,56.3,56.3,49.5,0,0,5.8,235,0,0,0,0.13,0.32,55.88,30.09,78,0,0,69.8,35,65.5,45,65.5,,,,,1,24.35,1,43.6,68.1,40.9,,,
2026-09-19T05:15:00-06:00,2026-09-19 05:15:00,56.7,56.7,49.6,0,0,5.8,233,0,0,0,0.13,0.32,55.88,30.09,77,0,0,69.8,35,65.5,45,65.5,,,,,1,24.35,1,43.6,68.1,40.9,,,
2026-09-19T05:10:00-06:00,2026-09-19 05:10:00,57.2,57.2,49.7,0,0,5.8,234,0,0,0,0.13,0.32,55.88,30.09,76,0,0,69.8,35,65.5,45,65.5,,,,,1,24.34,1,43.6,68.1,40.9,,,
2026-09-19T05:05:00-06:00,2026-09-19 05:05:00,57.2,57.2,49.7,0,0,5.8,226,0,0,0,0.13,0.32,55.88,30.08,76,0,0,69.8,35,65.5,45,65.5,,,,,1,24.34,1,43.6,68.1,40.9,,,
2026-09-19T05:00:00-06:00,2026-09-19 05:00:00,57.2,57.2,50.1,0,0,5.8,230,0,0,0,0.13,0.32,55.88,30.08,77,0,0,69.8,35,65.7,45,65.7,,,,,1,24.34,1,43.8,68.1,40.9,,,
2026-09-19T04:55:00-06:00,2026-09-19 04:55:00,57.4,57.4,50.2,0,0,5.8,221,0,0,0,0.13,0.32,55.88,30.08,77,0,0,69.8,35,65.5,45,65.5,,,,,1,24.34,1,43.6,68.1,40.9,,,
2026-09-19T04:50:00-06:00,2026-09-19 04:50:00,57.6,57.6,50.4,0,0,5.8,220,0,0,0,0.13,0.32,55.88,30.08,77,0,0,69.8,35,65.7,45,65.7,,,,,1,24.34,1,43.8,68.1,40.9,,,
2026-09-19T04:45:00-06:00,2026-09-19 04:45:00,57.9,57.9,50.4,0.9,1.1,5.8,175,0,0,0,0.13,0.32,55.88,30.09,76,0,0,69.8,35,65.7,44,65.7,,,,,1,24.34,1,43.2,68.1,40.9,,,
2026-09-19T04:40:00-06:00,2026-09-19 04:40:00,58.1,58.1,50.2,0,0,5.8,226,0,0,0,0.13,0.32,55.88,30.08,75,0,0,69.8,35,65.7,44,65.7,,,,,1,24.34,1,43.2,68.1,40.9,,,
2026-09-19T04:35:00-06:00,2026-09-19 04:35:00,58.3,58.3,50.4,0,0,5.8,226,0,0,0,0.13,0.32,55.88,30.08,75,0,0,69.8,35,65.7,44,65.7,,,,,1,24.34,1,43.2,68.1,40.9,,,
2026-09-19T04:30:00-06:00,2026-09-19 04:30:00,57.7,57.7,49.8,0.2,1.1,5.8,237,0,0,0,0.13,0.32,55.88,30.09,75,0,0,69.8,35,65.7,44,65.7,,,,,1,24.34,1,43.2,68.1,40.9,,,
2026-09-19T04:25:00-06:00,2026-09-19 04:25:00,57.6,57.6,50.8,0,0,5.8,237,0,0,0,0.13,0.32,55.88,30.08,78,0,0,69.6,35,65.7,44,65.7,,,,,1,24.34,1,43.2,67.9,40.7,,,
2026-09-19T04:20:00-06:00,2026-09-19 04:20:00,57.2,57.2,50.4,0,0,5.8,225,0,0,0,0.13,0.32,55.88,30.08,78,0,0,69.6,34,65.7,44,65.7,,,,,1,24.34,1,43.2,67.9,40,,,
2026-09-19T04:15:00-06:00,2026-09-19 04:15:00,57.2,57.2,50.4,0,0,5.8,231,0,0,0,0.13,0.32,55.88,30.08,78,0,0,69.6,34,65.7,44,65.7,,,,,1,24.34,1,43.2,67.9,40,,,
2026-09-19T04:10:00-06:00,2026-09-19 04:10:00,57,57,50.9,0,0,5.8,237,0,0,0,0.13,0.32,55.88,30.09,80,0,0,69.4,34,65.7,44,65.7,,,,,1,24.34,1,43.2,67.6,39.8,,,
2026-09-19T04:05:00-06:00,2026-09-19 04:05:00,56.7,56.7,50.6,0,0,5.8,226,0,0,0,0.13,0.32,55.88,30.09,80,0,0,69.4,34,65.7,44,65.7,,,,,1,24.34,1,43.2,67.6,39.8,,,
2026-09-19T04:00:00-06:00,2026-09-19 04:00:00,56.7,56.7,49.6,0,0,5.8,238,0,0,0,0.13,0.32,55.88,30.09,77,0,0,69.4,34,65.7,44,65.7,,,,,1,24.34,1,43.2,67.6,39.8,,,
2026-09-19T03:55:00-06:00,2026-09-19 03:55:00,56.7,56.7,49.6,0,0,5.8,242,0,0,0,0.13,0.32,55.88,30.08,77,0,0,69.4,34,65.7,44,65.7,,,,,1,24.34,1,43.2,67.6,39.8,,,
2026-09-19T03:50:00-06:00,2026-09-19 03:50:00,56.1,56.1,48.6,0,0,5.8,239,0,0,0,0.13,0.32,55.88,30.09,76,0,0,69.6,34,65.7,44,65.7,,,,,1,24.34,1,43.2,67.9,40,,,
2026-09-19T03:45:00-06:00,2026-09-19 03:45:00,55.8,55.8,48.7,0,0,5.8,226,0,0,0,0.13,0.32,55.88,30.09,77,0,0,69.4,34,65.7,44,65.7,,,,,1,24.34,1,43.2,67.6,39.8,,,
2026-09-19T03:40:00-06:00,2026-09-19 03:40:00,56.3,56.3,48.8,0,0,5.8,238,0,0,0,0.13,0.32,55.88,30.08,76,0,0,69.4,34,65.7,44,65.7,,,,,1,24.34,1,43.2,67.6,39.8,,,
2026-09-19T03:35:00-06:00,2026-09-19 03:35:00,56.7,56.7,48.9,0,0,5.8,231,0,0,0,0.13,0.32,55.88,30.09,75,0,0,69.4,34,65.8,44,65.8,,,,,1,24.34,1,43.3,67.6,39.8,,,
2026-09-19T03:30:00-06:00,2026-09-19 03:30:00,56.8,56.8,49.3,0,0,5.8,231,0,0,0,0.13,0.32,55.88,30.09,76,0,0,69.3,34,65.8,44,65.8,,,,,1,24.34,1,43.3,67.5,39.7,,,
2026-09-19T03:25:00-06:00,2026-09-19 03:25:00,56.8,56.8,49.3,0,0,5.8,233,0,0,0,0.13,0.32,55.88,30.09,76,0,0,69.4,34,65.8,44,65.8,,,,,1,24.35,1,43.3,67.6,39.8,,,
2026-09-19T03:20:00-06:00,2026-09-19 03:20:00,57,57,49.9,0,0,5.8,223,0,0,0,0.13,0.32,55.88,30.1,77,0,0,69.6,34,65.8,44,65.8,,,,,1,24.35,1,43.3,67.9,40,,,
2026-09-19T03:15:00-06:00,2026-09-19 03:15:00,57.4,57.4,50.2,0,0,5.8,229,0,0,0,0.13,0.32,55.88,30.1,77,0,0,69.4,34,65.8,44,65.8,,,,,1,24.35,1,43.3,67.6,39.8,,,
2026-09-19T03:10:00-06:00,2026-09-19 03:10:00,57.2,57.2,50.7,0,0,5.8,233,0,0,0,0.13,0.32,55.88,30.1,79,0,0,69.4,33,65.8,44,65.8,,,,,1,24.35,1,43.3,67.6,39,,,
2026-09-19T03:05:00-06:00,2026-09-19 03:05:00,57.2,57.2,50.1,0,0,5.8,235,0,0,0,0.13,0.32,55.88,30.1,77,0,0,69.6,33,65.8,44,65.8,,,,,1,24.36,1,43.3,67.8,39.2,,,
2026-09-19T03:00:00-06:00,2026-09-19 03:00:00,57.9,57.9,49.7,0,0,5.8,229,0,0,0,0.13,0.32,55.88,30.09,74,0,0,69.8,34,66,44,66,,,,,1,24.35,1,43.5,68.1,40.2,,,
2026-09-19T02:55:00-06:00,2026-09-19 02:55:00,58.1,58.1,49.5,0,0,5.8,212,0,0,0,0.13,0.32,55.88,30.09,73,0,0,69.6,33,66,44,66,,,,,1,24.35,1,43.5,67.8,39.2,,,
2026-09-19T02:50:00-06:00,2026-09-19 02:50:00,58.1,58.1,50.2,0,0,5.8,218,0,0,0,0.13,0.32,55.88,30.1,75,0,0,69.6,33,66,44,66,,,,,1,24.36,1,43.5,67.8,39.2,,,
2026-09-19T02:45:00-06:00,2026-09-19 02:45:00,58.3,58.3,50.8,0,0,5.8,223,0,0,0,0.13,0.32,55.88,30.11,76,0,0,69.8,33,66,44,66,,,,,1,24.36,1,43.5,68,39.4,,,
2026-09-19T02:40:00-06:00,2026-09-19 02:40:00,57.4,57.4,50.2,0.2,1.1,5.8,233,0,0,0,0.13,0.32,55.88,30.1,77,0,0,69.8,33,66,44,66,,,,,1,24.36,1,43.5,68,39.4,,,
2026-09-19T02:35:00-06:00,2026-09-19 02:35:00,56.3,56.3,51.2,0,0,5.8,243,0,0,0,0.13,0.32,55.88,30.1,83,0,0,70,33,66,44,66,,,,,1,24.36,1,43.5,68.3,39.6,,,
2026-09-19T02:30:00-06:00,2026-09-19 02:30:00,56.5,56.5,51.4,0,0,5.8,234,0,0,0,0.13,0.32,55.88,30.11,83,0,0,70,33,66.2,44,66.2,,,,,1,24.36,1,43.6,68.3,39.6,,,
2026-09-19T02:25:00-06:00,2026-09-19 02:25:00,57,57,51.6,0,0,5.8,251,0,0,0,0.13,0.32,55.88,30.11,82,0,0,70,33,66.2,44,66.2,,,,,1,24.36,1,43.6,68.3,39.6,,,
2026-09-19T02:20:00-06:00,2026-09-19 02:20:00,56.8,56.8,51.7,0,0,5.8,221,0,0,0,0.13,0.32,55.88,30.11,83,0,0,70.2,33,66.2,44,66.2,,,,,1,24.36,1,43.6,68.5,39.7,,,
2026-09-19T02:15:00-06:00,2026-09-19 02:15:00,56.5,56.5,51.1,0,0,5.8,214,0,0,0,0.13,0.32,55.88,30.11,82,0,0,70.2,33,66.2,44,66.2,,,,,1,24.37,1,43.6,68.5,39.7,,,
2026-09-19T02:10:00-06:00,2026-09-19 02:10:00,56.3,56.3,50.9,0.7,1.1,5.8,232,0,0,0,0.13,0.32,55.88,30.11,82,0,0,70.3,33,66.4,44,66.4,,,,,1,24.36,1,43.8,68.6,39.8,,,
2026-09-19T02:05:00-06:00,2026-09-19 02:05:00,56.5,56.5,51.1,0,0,5.8,238,0,0,0,0.13,0.32,55.88,30.11,82,0,0,70.3,33,66.4,44,66.4,,,,,1,24.36,1,43.8,68.6,39.8,,,
2026-09-19T02:00:00-06:00,2026-09-19 02:00:00,56.7,56.7,50.9,0,0,5.8,249,0,0,0,0.13,0.32,55.88,30.11,81,0,0,70.5,33,66.4,44,66.4,,,,,1,24.37,1,43.8,68.8,40,,,
2026-09-19T01:55:00-06:00,2026-09-19 01:55:00,57,57,51.2,0,0,5.8,236,0,0,0,0.13,0.32,55.88,30.11,81,0,0,70.5,33,66.4,44,66.4,,,,,1,24.36,1,43.8,68.8,40,,,
2026-09-19T01:50:00-06:00,2026-09-19 01:50:00,57.4,57.4,51.6,0,0,5.8,234,0,0,0,0.13,0.32,55.88,30.11,81,0,0,70.7,33,66.4,44,66.4,,,,,1,24.37,1,43.8,69,40.2,,,
2026-09-19T01:45:00-06:00,2026-09-19 01:45:00,57.9,57.9,51.8,0,0,5.8,227,0,0,0,0.13,0.32,55.88,30.12,80,0,0,70.9,33,66.6,44,66.6,,,,,1,24.37,1,44,69.2,40.4,,,
2026-09-19T01:40:00-06:00,2026-09-19 01:40:00,58.1,58.1,52,0.2,1.1,5.8,267,0,0,0,0.13,0.32,55.88,30.12,80,0,0,70.9,33,66.6,44,66.6,,,,,1,24.37,1,44,69.2,40.4,,,
2026-09-19T01:35:00-06:00,2026-09-19 01:35:00,58.5,58.5,52,0,0,5.8,239,0,0,0,0.13,0.32,55.88,30.11,79,0,0,71.1,33,66.6,44,66.6,,,,,1,24.37,1,44,69.5,40.5,,,
2026-09-19T01:30:00-06:00,2026-09-19 01:30:00,59,59,52.1,0,0,5.8,236,0,0,0,0.13,0.32,55.88,30.11,78,0,0,71.2,33,66.6,44,66.6,,,,,1,24.37,1,44,69.6,40.6,,,
2026-09-19T01:25:00-06:00,2026-09-19 01:25:00,59.4,59.4,52.2,0,0,5.8,230,0,0,0,0.13,0.32,55.88,30.12,77,0,0,71.2,33,66.6,45,66.6,,,,,1,24.38,1,44.6,69.6,40.6,,,
2026-09-19T01:20:00-06:00,2026-09-19 01:20:00,59,59,51.8,0.2,1.1,5.8,265,0,0,0,0.13,0.32,55.88,30.12,77,0,0,71.4,33,66.7,45,66.7,,,,,1,24.38,1,44.7,69.8,40.8,,,
2026-09-19T01:15:00-06:00,2026-09-19 01:15:00,59,59,51.4,0,0,5.8,241,0,0,0,0.13,0.32,55.88,30.12,76,0,0,71.4,33,66.7,45,66.7,,,,,1,24.37,1,44.7,69.8,40.8,,,
2026-09-19T01:10:00-06:00,2026-09-19 01:10:00,57.7,57.7,50.5,0.2,1.1,5.8,242,0,0,0,0.13,0.32,55.88,30.12,77,0,0,71.6,33,66.7,45,66.7,,,,,1,24.38,1,44.7,70,41,,,
2026-09-19T01:05:00-06:00,2026-09-19 01:05:00,57.2,57.2,50.4,0.2,1.1,2.2,250,0,0,0,0.13,0.32,55.88,30.12,78,0,0,71.6,33,66.7,45,66.7,,,,,1,24.37,1,44.7,70,41,,,
2026-09-19T01:00:00-06:00,2026-09-19 01:00:00,57.2,57.2,50.7,0,0,2.2,235,0,0,0,0.13,0.32,55.88,30.12,79,0,0,71.8,33,66.9,45,66.9,,,,,1,24.38,1,44.9,70.2,41.1,,,
2026-09-19T00:55:00-06:00,2026-09-19 00:55:00,57.4,57.4,50.6,0,0,2.2,231,0,0,0,0.13,0.32,55.88,30.12,78,0,0,72,33,66.9,45,66.9,,,,,1,24.38,1,44.9,70.5,41.3,,,
2026-09-19T00:50:00-06:00,2026-09-19 00:50:00,57.6,57.6,50.8,0,0,2.2,222,0,0,0,0.13,0.32,55.88,30.12,78,0,0,72.1,33,66.9,45,66.9,,,,,1,24.38,1,44.9,70.6,41.4,,,
2026-09-19T00:45:00-06:00,2026-09-19 00:45:00,57.7,57.7,50.5,0.5,1.1,2.2,248,0,0,0,0.13,0.32,55.88,30.12,77,0,0,72.1,33,66.9,45,66.9,,,,,1,24.37,1,44.9,70.6,41.4,,,
2026-09-19T00:40:00-06:00,2026-09-19 00:40:00,57.6,57.6,50.8,0,0,2.2,226,0,0,0,0.13,0.32,55.88,30.12,78,0,0,72.1,33,67.1,45,67.1,,,,,1,24.37,1,45,70.6,41.4,,,
2026-09-19T00:35:00-06:00,2026-09-19 00:35:00,57.2,57.2,50.7,0,0,2.2,237,0,0,0,0.13,0.32,55.88,30.12,79,0,0,72.3,33,66.9,45,66.9,,,,,1,24.38,1,44.9,70.8,41.6,,,
2026-09-19T00:30:00-06:00,2026-09-19 00:30:00,57.4,57.4,50.6,0,0,2.2,224,0,0,0,0.13,0.32,55.88,30.12,78,0,0,72.5,33,67.1,45,67.1,,,,,1,24.38,1,45,71,41.7,,,
2026-09-19T00:25:00-06:00,2026-09-19 00:25:00,57.6,57.6,50.8,0,0,2.2,237,0,0,0,0.13,0.32,55.88,30.12,78,0,0,72.7,33,67.1,45,67.1,,,,,1,24.38,1,45,71.2,41.9,,,
2026-09-19T00:20:00-06:00,2026-09-19 00:20:00,57.6,57.6,50.8,0,0,2.2,242,0,0,0,0.13,0.32,55.88,30.12,78,0,0,72.7,33,67.1,45,67.1,,,,,1,24.38,1,45,71.2,41.9,,,
2026-09-19T00:15:00-06:00,2026-09-19 00:15:00,57.9,57.9,50.7,0,0,2.2,234,0,0,0,0.13,0.32,55.88,30.12,77,0,0,72.9,34,67.1,46,67.1,,,,,1,24.38,1,45.6,71.5,42.9,,,
2026-09-19T00:10:00-06:00,2026-09-19 00:10:00,58.1,58.1,50.6,0.7,1.1,2.2,235,0,0,0,0.13,0.32,55.88,30.13,76,0,0,73,34,67.1,46,67.1,,,,,1,24.38,1,45.6,71.6,43,,,
2026-09-19T00:05:00-06:00,2026-09-19 00:05:00,58.6,58.6,50.7,0,0,2.2,244,0,0,0,0.13,0.32,55.88,30.13,75,0,0,73.2,34,67.3,46,67.3,,,,,1,24.38,1,45.8,71.8,43.1,,,
2026-09-19T00:00:00-06:00,2026-09-19 00:00:00,58.1,58.1,50.6,0.9,2.2,2.2,259,0,0,0,0.13,0.32,55.88,30.12,76,0,0,73.2,34,67.3,46,67.3,,,,,1,24.38,1,45.8,71.8,43.1,,,
2026-09-18T23:55:00-06:00,2026-09-18 23:55:00,58.6,58.6,50.7,0,0,20.6,228,0,0,0.01,0.13,0.32,55.88,30.12,75,0,0,73.4,34,67.3,46,67.3,,,,,1,24.38,1,45.8,72,43.3,,,
2026-09-18T23:50:00-06:00,2026-09-18 23:50:00,58.8,58.8,50.5,0,0,20.6,228,0,0,0.01,0.13,0.32,55.88,30.13,74,0,0,73.6,35,67.3,46,67.3,,,,,1,24.38,1,45.8,72.3,44.2,,,
2026-09-18T23:45:00-06:00,2026-09-18 23:45:00,59.5,59.5,50.8,0,0,20.6,268,0,0,0.01,0.13,0.32,55.88,30.13,73,0,0,73.4,35,67.3,46,67.3,,,,,1,24.39,1,45.8,72.1,44.1,,,
2026-09-18T23:40:00-06:00,2026-09-18 23:40:00,60.3,60.3,51.2,0,0,20.6,238,0,0,0.01,0.13,0.32,55.88,30.12,72,0,0,73.6,34,67.3,46,67.3,,,,,1,24.38,1,45.8,72.3,43.5,,,
2026-09-18T23:35:00-06:00,2026-09-18 23:35:00,60.4,60.4,51,0,0,20.6,222,0,0,0.01,0.13,0.32,55.88,30.12,71,0,0,73.8,34,67.3,46,67.3,,,,,1,24.38,1,45.8,72.5,43.7,,,
2026-09-18T23:30:00-06:00,2026-09-18 23:30:00,60.3,60.3,50.9,0.9,1.1,20.6,240,0,0,0.01,0.13,0.32,55.88,30.12,71,0,0,73.8,35,67.5,46,67.5,,,,,1,24.38,1,46,72.5,44.4,,,
2026-09-18T23:25:00-06:00,2026-09-18 23:25:00,60.6,60.6,50.4,0,0,20.6,222,0,0,0.01,0.13,0.32,55.88,30.12,69,0,0,73.8,34,67.5,46,67.5,,,,,1,24.38,1,46,72.5,43.7,,,
2026-09-18T23:20:00-06:00,2026-09-18 23:20:00,61,61,50.4,0,0,20.6,228,0,0,0.01,0.13,0.32,55.88,30.12,68,0,0,73.6,34,67.5,46,67.5,,,,,1,24.38,1,46,72.3,43.5,,,
2026-09-18T23:15:00-06:00,2026-09-18 23:15:00,61.3,61.3,50.6,0,0,20.6,239,0,0,0.01,0.13,0.32,55.88,30.13,68,0,0,73.9,34,67.5,46,67.5,,,,,1,24.39,1,46,72.6,43.7,,,
2026-09-18T23:10:00-06:00,2026-09-18 23:10:00,61.3,61.3,50.2,0,0,20.6,224,0,0,0.01,0.13,0.32,55.88,30.13,67,0,0,73.9,34,67.5,46,67.5,,,,,1,24.39,1,46,72.6,43.7,,,
2026-09-18T23:05:00-06:00,2026-09-18 23:05:00,61.2,61.2,50.2,0.9,1.1,20.6,245,0,0,0.01,0.13,0.32,55.88,30.14,67,0,0,73.9,35,67.5,46,67.5,,,,,1,24.39,1,46,72.6,44.5,,,
2026-09-18T23:00:00-06:00,2026-09-18 23:00:00,61,61,49.6,0,0,20.6,232,0,0,0.01,0.13,0.32,55.88,30.14,66,0,0,73.9,34,67.5,46,67.5,,,,,1,24.39,1,46,72.6,43.7,,,
2026-09-18T22:55:00-06:00,2026-09-18 22:55:00,60.8,60.8,49.4,0,0,20.6,242,0,0,0.01,0.13,0.32,55.88,30.13,66,0,0,74.1,34,67.5,46,67.5,,,,,1,24.39,1,46,72.8,43.9,,,
2026-09-18T22:50:00-06:00,2026-09-18 22:50:00,61,61,49.1,0,0,20.6,229,0,0,0.01,0.13,0.32,55.88,30.12,65,0,0,74.1,34,67.5,46,67.5,,,,,1,24.38,1,46,72.8,43.9,,,
2026-09-18T22:45:00-06:00,2026-09-18 22:45:00,61.3,61.3,49.4,0,0,20.6,235,0,0,0.01,0.13,0.32,55.88,30.13,65,0,0,74.1,34,67.6,46,67.6,,,,,1,24.39,1,46.1,72.8,43.9,,,
2026-09-18T22:40:00-06:00,2026-09-18 22:40:00,61.5,61.5,48.8,0,0,20.6,235,0,0,0.01,0.13,0.32,55.88,30.13,63,0,0,74.1,34,67.6,46,67.6,,,,,1,24.39,1,46.1,72.8,43.9,,,
2026-09-18T22:35:00-06:00,2026-09-18 22:35:00,61.7,61.7,49,0,0,20.6,227,0,0,0.01,0.13,0.32,55.88,30.13,63,0,0,74.3,34,67.6,46,67.6,,,,,1,24.39,1,46.1,73,44.1,,,
2026-09-18T22:30:00-06:00,2026-09-18 22:30:00,61.9,61.9,49.2,0,0,20.6,246,0,0,0.01,0.13,0.32,55.88,30.13,63,0,0,74.5,34,67.6,46,67.6,,,,,1,24.39,1,46.1,73.2,44.3,,,
2026-09-18T22:25:00-06:00,2026-09-18 22:25:00,61.5,61.5,48.4,1.1,2.2,20.6,228,0,0,0.01,0.13,0.32,55.88,30.13,62,0,0,74.5,34,67.6,46,67.6,,,,,1,24.39,1,46.1,73.2,44.3,,,
2026-09-18T22:20:00-06:00,2026-09-18 22:20:00,61.3,61.3,47.7,0,0,20.6,220,0,0,0.01,0.13,0.32,55.88,30.13,61,0,0,74.7,34,67.6,46,67.6,,,,,1,24.38,1,46.1,73.5,44.5,,,
2026-09-18T22:15:00-06:00,2026-09-18 22:15:00,61.3,61.3,47.7,0,0,20.6,231,0,0,0.01,0.13,0.32,55.88,30.13,61,0,0,74.7,34,67.8,46,67.8,,,,,1,24.38,1,46.3,73.5,44.5,,,
2026-09-18T22:10:00-06:00,2026-09-18 22:10:00,60.4,60.4,47.7,1.3,2.2,20.6,257,0,0,0.01,0.13,0.32,55.88,30.12,63,0,0,74.8,34,67.8,46,67.8,,,,,1,24.38,1,46.3,73.6,44.5,,,
2026-09-18T22:05:00-06:00,2026-09-18 22:05:00,59.9,59.9,47.7,1.3,2.2,20.6,242,0,0,0.01,0.13,0.32,55.88,30.12,64,0,0,75,34,67.8,46,67.8,,,,,1,24.37,1,46.3,73.8,44.7,,,
2026-09-18T22:00:00-06:00,2026-09-18 22:00:00,59.9,59.9,48.1,0,0,20.6,227,0,0,0.01,0.13,0.32,55.88,30.12,65,0,0,75,34,67.8,46,67.8,,,,,1,24.38,1,46.3,73.8,44.7,,,
2026-09-18T21:55:00-06:00,2026-09-18 21:55:00,59.9,59.9,47.7,0,0,20.6,228,0,0,0.01,0.13,0.32,55.88,30.12,64,0,0,75,34,67.8,46,67.8,,,,,1,24.38,1,46.3,73.8,44.7,,,
2026-09-18T21:50:00-06:00,2026-09-18 21:50:00,60.4,60.4,48.2,0,0,20.6,232,0,0,0.01,0.13,0.32,55.88,30.11,64,0,0,75.2,34,68,46,68,,,,,1,24.37,1,46.4,74,44.9,,,
2026-09-18T21:45:00-06:00,2026-09-18 21:45:00,61,61,48.3,0,0,20.6,228,0,0,0.01,0.13,0.32,55.88,30.11,63,0,0,75.4,35,68,46,68,,,,,1,24.37,1,46.4,74.3,45.8,,,
2026-09-18T21:40:00-06:00,2026-09-18 21:40:00,61.3,61.3,47.7,0,0,20.6,210,0,0,0.01,0.13,0.32,55.88,30.11,61,0,0,75.4,35,68,46,68,,,,,1,24.36,1,46.4,74.3,45.8,,,
2026-09-18T21:35:00-06:00,2026-09-18 21:35:00,62.1,62.1,48,0,0,20.6,219,0,0,0.01,0.13,0.32,55.88,30.11,60,0,0,75.4,34,68,46,68,,,,,1,24.36,1,46.4,74.2,45.1,,,
2026-09-18T21:30:00-06:00,2026-09-18 21:30:00,62.4,62.4,48.3,0.5,1.1,20.6,241,0,0,0.01,0.13,0.32,55.88,30.11,60,0,0,75.7,34,68,46,68,,,,,1,24.36,1,46.4,74.6,45.3,,,
2026-09-18T21:25:00-06:00,2026-09-18 21:25:00,63,63,48,0,0,20.6,237,0,0,0.01,0.13,0.32,55.88,30.11,58,0,0,75.7,34,68,46,68,,,,,1,24.37,1,46.4,74.6,45.3,,,
2026-09-18T21:20:00-06:00,2026-09-18 21:20:00,63.1,63.1,47.1,0.2,1.1,20.6,225,0,0,0.01,0.13,0.32,55.88,30.1,56,0,0,75.9,34,68,46,68,,,,,1,24.36,1,46.4,74.8,45.5,,,
2026-09-18T21:15:00-06:00,2026-09-18 21:15:00,63.3,63.3,47.3,0,0,20.6,228,0,0,0.01,0.13,0.32,55.88,30.1,56,0,0,76.1,34,68,46,68,,,,,1,24.36,1,46.4,75,45.7,,,
2026-09-18T21:10:00-06:00,2026-09-18 21:10:00,63.5,63.5,47.5,0,0,20.6,197,0,0,0.01,0.13,0.32,55.88,30.1,56,0,0,76.3,35,68.2,47,66.9,,,,,1,24.35,1,47.2,75.3,46.6,,,
2026-09-18T21:05:00-06:00,2026-09-18 21:05:00,64.2,64.2,47.7,0,0,20.6,218,0,0,0.01,0.13,0.32,55.88,30.11,55,0,0,76.3,35,68.2,47,66.9,,,,,1,24.36,1,47.2,75.3,46.6,,,
2026-09-18T21:00:00-06:00,2026-09-18 21:00:00,64.8,64.8,47.8,0,0,20.6,208,0,0,0.01,0.13,0.32,55.88,30.1,54,0,0,76.5,35,68.2,47,66.9,,,,,1,24.35,1,47.2,75.5,46.8,,,
2026-09-18T20:55:00-06:00,2026-09-18 20:55:00,64.4,64.4,46.9,0.9,1.1,20.6,245,0,0,0.01,0.13,0.32,55.88,30.09,53,0,0,76.6,35,68.2,47,66.9,,,,,1,24.35,1,47.2,75.6,46.9,,,
2026-09-18T20:50:00-06:00,2026-09-18 20:50:00,64.2,64.2,47.7,1.8,2.2,20.6,219,0,0,0.01,0.13,0.32,55.88,30.1,55,0,0,76.6,35,68.2,47,66.9,,,,,1,24.36,1,47.2,75.6,46.9,,,
2026-09-18T20:45:00-06:00,2026-09-18 20:45:00,64.6,64.6,48.1,0,0,20.6,234,0,0,0.01,0.13,0.32,55.88,30.1,55,0,0,76.8,36,68.4,48,67.2,,,,,1,24.35,1,47.9,75.9,47.8,,,
2026-09-18T20:40:00-06:00,2026-09-18 20:40:00,64.9,64.9,48.3,0.7,1.1,20.6,248,0,0,0.01,0.13,0.32,55.88,30.1,55,0,0,77,36,68.4,48,67.2,,,,,1,24.36,1,47.9,76.1,48,,,
2026-09-18T20:35:00-06:00,2026-09-18 20:35:00,64.9,64.9,48.3,0.5,2.2,20.6,189,0,0,0.01,0.13,0.32,55.88,30.09,55,0,0,77.2,36,68.4,48,67.2,,,,,1,24.35,1,47.9,76.3,48.2,,,
2026-09-18T20:30:00-06:00,2026-09-18 20:30:00,64.8,64.8,48.2,0.7,1.1,20.6,217,0,0,0.01,0.13,0.32,55.88,30.1,55,0,0,77.4,37,68.4,48,67.2,,,,,1,24.36,1,47.9,76.6,49.1,,,
2026-09-18T20:25:00-06:00,2026-09-18 20:25:00,64.2,64.2,48.2,1.3,2.2,20.6,175,0,0,0.01,0.13,0.32,55.88,30.1,56,0,0,77.4,37,68.4,48,67.2,,,,,1,24.35,1,47.9,76.6,49.1,,,
2026-09-18T20:20:00-06:00,2026-09-18 20:20:00,63.1,63.1,47.6,1.6,2.2,20.6,240,0,0,0.01,0.13,0.32,55.88,30.09,57,0,0,77.5,37,68.4,48,67.2,,,,,1,24.35,1,47.9,76.7,49.2,,,
2026-09-18T20:15:00-06:00,2026-09-18 20:15:00,63.7,63.7,47.7,0,0,20.6,237,0,0,0.01,0.13,0.32,55.88,30.09,56,0,0,77.5,37,68.4,48,67.2,,,,,1,24.35,1,47.9,76.7,49.2,,,
2026-09-18T20:10:00-06:00,2026-09-18 20:10:00,64,64,48,0,0,20.6,239,0,0,0.01,0.13,0.32,55.88,30.09,56,0,0,77.5,37,68.4,48,67.2,,,,,1,24.35,1,47.9,76.7,49.2,,,
2026-09-18T20:05:00-06:00,2026-09-18 20:05:00,63.9,63.9,47.9,0,0,20.6,225,0,0,0.01,0.13,0.32,55.88,30.09,56,0,0,77.5,37,68.4,48,67.2,,,,,1,24.35,1,47.9,76.7,49.2,,,
2026-09-18T20:00:00-06:00,2026-09-18 20:00:00,64.6,64.6,48.1,1.1,1.1,20.6,245,0,0,0.01,0.13,0.32,55.88,30.09,55,0,0,77.5,37,68.4,48,67.2,,,,,1,24.34,1,47.9,76.7,49.2,,,
2026-09-18T19:55:00-06:00,2026-09-18 19:55:00,66.2,66.2,48.6,0.2,1.1,20.6,220,0,0,0.01,0.13,0.32,55.88,30.08,53,0,0,77.5,37,68.4,48,67.2,,,,,1,24.34,1,47.9,76.7,49.2,,,
2026-09-18T19:50:00-06:00,2026-09-18 19:50:00,67.6,67.6,48.8,0,0,20.6,222,0,0,0.01,0.13,0.32,55.88,30.09,51,0,0,77.7,37,68.4,48,67.2,,,,,1,24.34,1,47.9,76.9,49.3,,,
2026-09-18T19:45:00-06:00,2026-09-18 19:45:00,68.5,67.4,48.6,0,0,20.6,222,0,0,0.01,0.13,0.32,55.88,30.09,49,0,0,77.7,37,68.4,48,67.2,,,,,1,24.34,1,47.9,76.9,49.3,,,
2026-09-18T19:40:00-06:00,2026-09-18 19:40:00,68.9,67.7,48.4,0,0,20.6,207,0,0,0.01,0.13,0.32,55.88,30.08,48,0,0,77.7,37,68.4,48,67.2,,,,,1,24.34,1,47.9,76.9,49.3,,,
2026-09-18T19:35:00-06:00,2026-09-18 19:35:00,69.3,68.1,48.2,0.5,1.1,20.6,193,0,0,0.01,0.13,0.32,55.88,30.09,47,0,0,77.7,37,68.4,48,67.2,,,,,1,24.34,1,47.9,76.9,49.3,,,
2026-09-18T19:30:00-06:00,2026-09-18 19:30:00,69.3,68.2,48.8,0.9,1.1,20.6,243,0,0,0.01,0.13,0.32,55.88,30.09,48,0,0,77.9,37,68.4,48,67.2,,,,,1,24.34,1,47.9,77.1,49.5,,,
2026-09-18T19:25:00-06:00,2026-09-18 19:25:00,69.3,68.1,48.2,4.9,6.9,20.6,123,0,0,0.01,0.13,0.32,55.88,30.09,47,0,0,77.9,37,68.4,48,67.2,,,,,1,24.34,1,47.9,77.1,49.5,,,
2026-09-18T19:20:00-06:00,2026-09-18 19:20:00,68.7,67.5,47.6,7.4,9.2,20.6,73,0,0,0.01,0.13,0.32,55.88,30.08,47,0,0.1,77.9,37,68.4,48,67.2,,,,,1,24.33,1,47.9,77.1,49.5,,,
2026-09-18T19:15:00-06:00,2026-09-18 19:15:00,68.5,67.4,49.1,3.4,4.5,20.6,75,0,0,0.01,0.13,0.32,55.88,30.08,50,0,0.1,78.1,37,68.4,48,67.2,,,,,1,24.33,1,47.9,77.3,49.7,,,
2026-09-18T19:10:00-06:00,2026-09-18 19:10:00,68.5,67.4,49.1,0.9,1.1,20.6,196,0,0,0.01,0.13,0.32,55.88,30.07,50,0,0.3,78.1,37,68.4,48,67.2,,,,,1,24.33,1,47.9,77.3,49.7,,,
2026-09-18T19:05:00-06:00,2026-09-18 19:05:00,69.1,68,49.1,0.2,1.1,20.6,248,0,0,0.01,0.13,0.32,55.88,30.07,49,0,0.7,78.1,37,68.4,48,67.2,,,,,1,24.32,1,47.9,77.3,49.7,,,
2026-09-18T19:00:00-06:00,2026-09-18 19:00:00,68,68,46.4,2.2,4.5,20.6,173,0,0,0.01,0.13,0.32,55.88,30.06,46,0,1.7,78.1,37,68.2,48,67,,,,,1,24.32,1,47.8,77.3,49.7,,,
2026-09-18T18:55:00-06:00,2026-09-18 18:55:00,68,68,49.7,2.2,2.2,20.6,275,0,0,0.01,0.13,0.32,55.88,30.06,52,0,2.8,78.1,37,68.4,48,67.2,,,,,1,24.32,1,47.9,77.3,49.7,,,
2026-09-18T18:50:00-06:00,2026-09-18 18:50:00,68.4,67.3,49,3.8,5.8,20.6,289,0,0,0.01,0.13,0.32,55.88,30.06,50,0,3.4,78.1,37,68.4,48,67.2,,,,,1,24.32,1,47.9,77.3,49.7,,,
2026-09-18T18:45:00-06:00,2026-09-18 18:45:00,68.2,67.1,49.4,4.7,9.2,20.6,198,0,0,0.01,0.13,0.32,55.88,30.07,51,0,4,78.3,37,68.2,48,67,,,,,1,24.32,1,47.8,77.6,49.9,,,
2026-09-18T18:40:00-06:00,2026-09-18 18:40:00,68.4,67.3,49,8.3,12.5,20.6,260,0,0,0.01,0.13,0.32,55.88,30.07,50,0,4.7,78.3,37,68.4,48,67.2,,,,,1,24.33,1,47.9,77.6,49.9,,,
2026-09-18T18:35:00-06:00,2026-09-18 18:35:00,68.5,67.4,49.1,2.5,4.5,20.6,286,0,0,0.01,0.13,0.32,55.88,30.08,50,0,6.2,78.3,37,68.4,48,67.2,,,,,1,24.33,1,47.9,77.6,49.9,,,
2026-09-18T18:30:00-06:00,2026-09-18 18:30:00,68.5,67.4,49.1,4.5,6.9,20.6,203,0,0,0.01,0.13,0.32,55.88,30.08,50,0,11.4,78.3,37,68.4,48,67.2,,,,,1,24.34,1,47.9,77.6,49.9,,,
2026-09-18T18:25:00-06:00,2026-09-18 18:25:00,68.4,67.4,50.1,4.5,9.2,20.6,222,0,0,0.01,0.13,0.32,55.88,30.08,52,0,15.1,78.4,37,68.4,48,67.2,,,,,1,24.34,1,47.9,77.7,50,,,
2026-09-18T18:20:00-06:00,2026-09-18 18:20:00,67.6,67.6,50.8,5.6,8.1,20.6,231,0,0,0.01,0.13,0.32,55.88,30.08,55,0,14.8,78.4,37,68.4,48,67.2,,,,,1,24.34,1,47.9,77.7,50,,,
2026-09-18T18:15:00-06:00,2026-09-18 18:15:00,67.8,67.8,52,8.1,11.4,20.6,303,0,0,0.01,0.13,0.32,55.88,30.08,57,0,17.2,78.4,37,68.4,48,67.2,,,,,1,24.34,1,47.9,77.7,50,,,
2026-09-18T18:10:00-06:00,2026-09-18 18:10:00,68.5,67.6,51.2,6.9,17.2,20.6,247,0,0,0.01,0.13,0.32,55.88,30.09,54,0,17.9,78.6,37,68.4,48,67.2,,,,,1,24.34,1,47.9,77.9,50.1,,,
2026-09-18T18:05:00-06:00,2026-09-18 18:05:00,68.7,67.8,50.9,4.9,6.9,20.6,336,0,0,0.01,0.13,0.32,55.88,30.09,53,0,21.7,78.6,37,68.4,48,67.2,,,,,1,24.35,1,47.9,77.9,50.1,,,
2026-09-18T18:00:00-06:00,2026-09-18 18:00:00,69.1,68.2,50.7,9.6,17.2,20.6,249,0,0,0.01,0.13,0.32,55.88,30.09,52,0,29.4,78.8,37,68.4,48,67.2,,,,,1,24.35,1,47.9,78.1,50.3,,,
2026-09-18T17:55:00-06:00,2026-09-18 17:55:00,69.4,68.5,51.5,6.5,9.2,20.6,236,0,0.01,0.01,0.13,0.32,55.88,30.1,53,0,34.4,78.8,37,68.2,48,67,,,,,1,24.36,1,47.8,78.1,50.3,,,
2026-09-18T17:50:00-06:00,2026-09-18 17:50:00,70.5,69.5,49.9,4,6.9,20.6,258,0,0.01,0.01,0.13,0.32,55.88,30.09,48,0,46.7,78.8,37,68.4,48,67.2,,,,,1,24.35,1,47.9,78.1,50.3,,,
2026-09-18T17:45:00-06:00,2026-09-18 17:45:00,68.9,67.9,50,6.5,12.5,20.6,259,0,0.01,0.01,0.13,0.32,55.88,30.1,51,0,46.2,78.8,37,68.2,48,67,,,,,1,24.36,1,47.8,78.1,50.3,,,
2026-09-18T17:40:00-06:00,2026-09-18 17:40:00,68.7,67.7,50.4,10.5,14.8,20.6,285,0,0.01,0.01,0.13,0.32,55.88,30.09,52,0,54.3,79,37,68.2,48,67,,,,,1,24.34,1,47.8,78.3,50.5,,,
2026-09-18T17:35:00-06:00,2026-09-18 17:35:00,68,68,52.2,2.5,3.4,20.6,283,0,0.01,0.01,0.13,0.32,55.88,30.09,57,0,75.7,79,37,68.4,48,67.2,,,,,1,24.35,1,47.9,78.3,50.5,,,
2026-09-18T17:30:00-06:00,2026-09-18 17:30:00,67.8,67.8,53.4,5.1,6.9,20.6,261,0,0.01,0.01,0.13,0.32,55.88,30.1,60,1,126.8,78.8,37,68.2,48,67,,,,,1,24.35,1,47.8,78.1,50.3,,,
2026-09-18T17:25:00-06:00,2026-09-18 17:25:00,67.8,67.8,52.9,4,6.9,20.6,269,0,0.01,0.01,0.13,0.32,55.88,30.1,59,1,155.3,78.4,37,68.2,48,67,,,,,1,24.36,1,47.8,77.7,50,,,
2026-09-18T17:20:00-06:00,2026-09-18 17:20:00,67.3,67.3,53.4,5.8,8.1,20.6,274,0,0.01,0.01,0.13,0.32,55.88,30.11,61,1,105.7,78.3,37,68.2,48,67,,,,,1,24.36,1,47.8,77.6,49.9,,,
2026-09-18T17:15:00-06:00,2026-09-18 17:15:00,66.9,66.9,52.1,7.6,10.3,20.6,294,0,0.01,0.01,0.13,0.32,55.88,30.11,59,0,91.2,78.3,37,68.2,48,67,,,,,1,24.37,1,47.8,77.6,49.9,,,
2026-09-18T17:10:00-06:00,2026-09-18 17:10:00,65.8,65.8,53.7,5.1,8.1,20.6,205,0,0.01,0.01,0.13,0.32,55.88,30.11,65,0,53,78.3,37,68.2,48,67,,,,,1,24.37,1,47.8,77.6,49.9,,,
2026-09-18T17:05:00-06:00,2026-09-18 17:05:00,65.3,65.3,54.5,5.4,8.1,20.6,263,0,0.01,0.01,0.13,0.32,55.88,30.12,68,0,57.9,78.3,37,68.2,48,67,,,,,1,24.37,1,47.8,77.6,49.9,,,
2026-09-18T17:00:00-06:00,2026-09-18 17:00:00,65.5,65.5,54.2,12.3,18.3,18.3,321,0,0.01,0.01,0.13,0.32,55.88,30.12,67,0,63.2,78.3,37,68.2,48,67,,,,,1,24.37,1,47.8,77.6,49.9,,,
2026-09-18T16:55:00-06:00,2026-09-18 16:55:00,65.1,65.1,53.5,4.9,6.9,15.9,144,0,0.01,0.01,0.13,0.32,55.88,30.11,66,0,61.9,78.3,37,68.2,48,67,,,,,1,24.37,1,47.8,77.6,49.9,,,
2026-09-18T16:50:00-06:00,2026-09-18 16:50:00,65.3,65.3,54.1,5.4,8.1,15.9,299,0.05,0.01,0.01,0.13,0.32,55.88,30.12,67,0,44.7,78.4,38,68.2,48,67,,,,,1,24.38,1,47.8,77.7,50.7,,,
2026-09-18T16:45:00-06:00,2026-09-18 16:45:00,64.9,64.9,53.3,6.7,11.4,15.9,260,0.05,0.01,0.01,0.13,0.32,55.88,30.12,66,0,35.9,78.4,38,68.2,48,67,,,,,1,24.38,1,47.8,77.7,50.7,,,
2026-09-18T16:40:00-06:00,2026-09-18 16:40:00,65.5,65.5,55.4,2.7,3.4,15.9,317,0,0,0,0.12,0.31,55.87,30.11,70,0,29,78.4,38,68.2,48,67,,,,,1,24.37,1,47.8,77.7,50.7,,,
2026-09-18T16:35:00-06:00,2026-09-18 16:35:00,67.3,67.3,51.5,5.8,8.1,15.9,258,0,0,0,0.12,0.31,55.87,30.11,57,0,24.9,78.4,38,68.2,48,67,,,,,1,24.37,1,47.8,77.7,50.7,,,
2026-09-18T16:30:00-06:00,2026-09-18 16:30:00,67.8,67.8,52,2.2,2.2,15.9,254,0,0,0,0.12,0.31,55.87,30.11,57,0,23,78.6,38,68.2,48,67,,,,,1,24.36,1,47.8,77.9,50.8,,,
2026-09-18T16:25:00-06:00,2026-09-18 16:25:00,66.9,66.9,52.6,3.4,9.2,15.9,184,0,0,0,0.12,0.31,55.87,30.11,60,0,26.3,78.4,38,68.2,48,67,,,,,1,24.36,1,47.8,77.7,50.7,,,
2026-09-18T16:20:00-06:00,2026-09-18 16:20:00,66.2,66.2,53.2,4.7,6.9,15.9,280,0,0,0,0.12,0.31,55.87,30.11,63,0,34.6,78.6,38,68.2,48,67,,,,,1,24.36,1,47.8,77.9,50.8,,,
2026-09-18T16:15:00-06:00,2026-09-18 16:15:00,67.3,67.3,53.8,7.4,10.3,15.9,239,0,0,0,0.12,0.31,55.87,30.11,62,0,33.4,78.6,38,68.2,48,67,,,,,1,24.36,1,47.8,77.9,50.8,,,
2026-09-18T16:10:00-06:00,2026-09-18 16:10:00,69.3,68.5,52.4,4,6.9,15.9,283,0,0,0,0.12,0.31,55.87,30.11,55,0,31.5,78.6,38,68.2,48,67,,,,,1,24.36,1,47.8,77.9,50.8,,,
2026-09-18T16:05:00-06:00,2026-09-18 16:05:00,70.3,69.4,51.3,2.2,3.4,15.9,225,0,0,0,0.12,0.31,55.87,30.11,51,0,23,78.4,38,68.2,48,67,,,,,1,24.36,1,47.8,77.7,50.7,,,
2026-09-18T16:00:00-06:00,2026-09-18 16:00:00,71.1,70.3,51.5,3.6,4.5,15.9,210,0,0,0,0.12,0.31,55.87,30.11,50,0,19.3,78.6,38,68.2,48,67,,,,,1,24.37,1,47.8,77.9,50.8,,,
2026-09-18T15:55:00-06:00,2026-09-18 15:55:00,72.3,71.4,50.9,0,0,15.9,206,0,0,0,0.12,0.31,55.87,30.11,47,0,19.3,78.4,38,68.2,48,67,,,,,1,24.36,1,47.8,77.7,50.7,,,
2026-09-18T15:50:00-06:00,2026-09-18 15:50:00,73.6,72.8,50.9,2.9,4.5,11.4,127,0,0,0,0.12,0.31,55.87,30.11,45,0,17.9,78.6,37,68.2,48,67,,,,,1,24.37,1,47.8,77.9,50.1,,,
2026-09-18T15:45:00-06:00,2026-09-18 15:45:00,75.6,74.7,48.9,3.4,4.5,11.4,189,0,0,0,0.12,0.31,55.87,30.11,39,0,18.5,78.4,37,68.2,48,67,,,,,1,24.36,1,47.8,77.7,50,,,
2026-09-18T15:40:00-06:00,2026-09-18 15:40:00,76.1,75.1,47.9,0,0,10.3,224,0,0,0,0.12,0.31,55.87,30.1,37,0,20.8,78.4,37,68.2,48,67,,,,,1,24.36,1,47.8,77.7,50,,,
2026-09-18T15:35:00-06:00,2026-09-18 15:35:00,75.9,74.9,47.7,3.4,3.4,10.3,122,0,0,0,0.12,0.31,55.87,30.09,37,0,23.1,78.4,37,68.2,48,67,,,,,1,24.35,1,47.8,77.7,50,,,
2026-09-18T15:30:00-06:00,2026-09-18 15:30:00,76.3,75.4,48.1,1.3,2.2,10.3,160,0,0,0,0.12,0.31,55.87,30.09,37,0,26.2,78.4,37,68.2,48,67,,,,,1,24.35,1,47.8,77.7,50,,,
2026-09-18T15:25:00-06:00,2026-09-18 15:25:00,76.5,75.7,49.7,0.2,1.1,10.3,147,0,0,0,0.12,0.31,55.87,30.09,39,0,26.5,78.4,37,68.2,48,67,,,,,1,24.34,1,47.8,77.7,50,,,
2026-09-18T15:20:00-06:00,2026-09-18 15:20:00,76.5,75.6,49,0.7,1.1,10.3,161,0,0,0,0.12,0.31,55.87,30.09,38,0,36,78.4,37,68,48,68,,,,,1,24.34,1,47.6,77.7,50,,,
2026-09-18T15:15:00-06:00,2026-09-18 15:15:00,76.6,75.9,51.1,2,2.2,10.3,200,0,0,0,0.12,0.31,55.87,30.09,41,0,46.9,78.4,37,68.2,48,67,,,,,1,24.34,1,47.8,77.7,50,,,
2026-09-18T15:10:00-06:00,2026-09-18 15:10:00,77.2,76.6,52.3,0,0,10.3,205,0,0,0,0.12,0.31,55.87,30.08,42,0,64.7,78.4,37,68,48,68,,,,,1,24.34,1,47.6,77.7,50,,,
2026-09-18T15:05:00-06:00,2026-09-18 15:05:00,77.2,76.5,51,0.5,1.1,10.3,227,0,0,0,0.12,0.31,55.87,30.08,40,0,82.9,78.4,37,68,48,68,,,,,1,24.34,1,47.6,77.7,50,,,
2026-09-18T15:00:00-06:00,2026-09-18 15:00:00,77.2,76.5,50.3,0.5,1.1,10.3,135,0,0,0,0.12,0.31,55.87,30.08,39,0,95.3,78.6,37,68,48,68,,,,,1,24.34,1,47.6,77.9,50.1,,,
2026-09-18T14:55:00-06:00,2026-09-18 14:55:00,77.5,76.7,49.2,0,0,10.3,219,0,0,0,0.12,0.31,55.87,30.08,37,1,107.8,78.6,37,68,48,68,,,,,1,24.34,1,47.6,77.9,50.1,,,
2026-09-18T14:50:00-06:00,2026-09-18 14:50:00,77.5,76.5,46.9,0.7,1.1,10.3,177,0,0,0,0.12,0.31,55.87,30.09,34,1,123.4,78.4,37,68,48,68,,,,,1,24.34,1,47.6,77.7,50,,,
2026-09-18T14:45:00-06:00,2026-09-18 14:45:00,77.2,76.3,47.4,5.4,5.8,10.3,94,0,0,0,0.12,0.31,55.87,30.09,35,1,110.1,78.4,37,68,48,68,,,,,1,24.34,1,47.6,77.7,50,,,
2026-09-18T14:40:00-06:00,2026-09-18 14:40:00,77.9,77.4,52.9,1.8,2.2,10.3,219,0,0,0,0.12,0.31,55.87,30.1,42,1,110.5,78.4,37,68,48,68,,,,,1,24.35,1,47.6,77.7,50,,,
2026-09-18T14:35:00-06:00,2026-09-18 14:35:00,77.9,77.3,51.6,0.9,1.1,10.3,283,0,0,0,0.12,0.31,55.87,30.1,40,0,97.9,78.4,37,68,48,68,,,,,1,24.36,1,47.6,77.7,50,,,
2026-09-18T14:30:00-06:00,2026-09-18 14:30:00,77.7,77,51.4,0.2,1.1,10.3,246,0,0,0,0.12,0.31,55.87,30.1,40,0,96.1,78.4,37,68,48,68,,,,,1,24.35,1,47.6,77.7,50,,,
2026-09-18T14:25:00-06:00,2026-09-18 14:25:00,77.9,77.3,51.6,0,0,10.3,225,0,0,0,0.12,0.31,55.87,30.1,40,0,93.6,78.6,37,68,48,68,,,,,1,24.36,1,47.6,77.9,50.1,,,
2026-09-18T14:20:00-06:00,2026-09-18 14:20:00,77.9,77.3,51.6,0,0,10.3,226,0,0,0,0.12,0.31,55.87,30.11,40,0,87.4,78.4,37,68,48,68,,,,,1,24.36,1,47.6,77.7,50,,,
2026-09-18T14:15:00-06:00,2026-09-18 14:15:00,77.9,77.3,51.6,0,0,10.3,212,0,0,0,0.12,0.31,55.87,30.1,40,0,94.7,78.4,37,68,48,68,,,,,1,24.36,1,47.6,77.7,50,,,
2026-09-18T14:10:00-06:00,2026-09-18 14:10:00,77.7,77,51.4,1.3,2.2,10.3,275,0,0,0,0.12,0.31,55.87,30.11,40,0,100.7,78.4,37,68,48,68,,,,,1,24.36,1,47.6,77.7,50,,,
2026-09-18T14:05:00-06:00,2026-09-18 14:05:00,78.3,77.7,52,1.6,2.2,10.3,273,0,0,0,0.12,0.31,55.87,30.1,40,0,97.9,78.4,37,68,48,68,,,,,1,24.36,1,47.6,77.7,50,,,
2026-09-18T14:00:00-06:00,2026-09-18 14:00:00,78.1,77.5,51.8,0.2,1.1,10.3,259,0,0,0,0.12,0.31,55.87,30.1,40,0,93.8,78.4,37,68,48,68,,,,,1,24.35,1,47.6,77.7,50,,,
2026-09-18T13:55:00-06:00,2026-09-18 13:55:00,78.6,78.1,52.9,0.9,1.1,10.3,186,0,0,0,0.12,0.31,55.87,30.11,41,0,102.1,78.4,37,68,48,68,,,,,1,24.36,1,47.6,77.7,50,,,
2026-09-18T13:50:00-06:00,2026-09-18 13:50:00,79.2,78.7,53.4,0.7,1.1,10.3,212,0,0,0,0.12,0.31,55.87,30.11,41,1,127.8,78.4,37,68,48,68,,,,,1,24.36,1,47.6,77.7,50,,,
2026-09-18T13:45:00-06:00,2026-09-18 13:45:00,79.3,78.9,54.2,0.2,1.1,10.3,197,0,0,0,0.12,0.31,55.87,30.11,42,1,153.9,78.4,37,68,48,68,,,,,1,24.37,1,47.6,77.7,50,,,
2026-09-18T13:40:00-06:00,2026-09-18 13:40:00,79,78.5,52.6,0,0,10.3,242,0,0,0,0.12,0.31,55.87,30.11,40,1,173.9,78.3,38,68,48,68,,,,,1,24.37,1,47.6,77.6,50.6,,,
2026-09-18T13:35:00-06:00,2026-09-18 13:35:00,78.6,78.2,54.8,0,0,10.3,201,0,0,0,0.12,0.31,55.87,30.11,44,1,149.5,78.3,38,68,48,68,,,,,1,24.37,1,47.6,77.6,50.6,,,
2026-09-18T13:30:00-06:00,2026-09-18 13:30:00,78.8,78.3,53.1,0,0,10.3,227,0,0,0,0.12,0.31,55.87,30.11,41,1,134.2,78.3,38,68,48,68,,,,,1,24.37,1,47.6,77.6,50.6,,,
2026-09-18T13:25:00-06:00,2026-09-18 13:25:00,79,78.6,53.9,0.2,1.1,10.3,221,0,0,0,0.12,0.31,55.87,30.12,42,1,146.1,78.1,38,68,48,68,,,,,1,24.38,1,47.6,77.4,50.4,,,
2026-09-18T13:20:00-06:00,2026-09-18 13:20:00,79.2,78.8,54.7,0,0,10.3,217,0,0,0,0.12,0.31,55.87,30.12,43,1,137.3,78.1,38,68,48,68,,,,,1,24.38,1,47.6,77.4,50.4,,,
2026-09-18T13:15:00-06:00,2026-09-18 13:15:00,79.7,79.3,53.9,0.7,1.1,10.3,253,0,0,0,0.12,0.31,55.87,30.12,41,1,126.2,78.1,38,68,48,68,,,,,1,24.37,1,47.6,77.4,50.4,,,
2026-09-18T13:10:00-06:00,2026-09-18 13:10:00,79.9,79.6,55.4,0,0,10.3,225,0,0,0,0.12,0.31,55.87,30.12,43,1,146.8,77.9,38,68,48,68,,,,,1,24.38,1,47.6,77.2,50.2,,,
2026-09-18T13:05:00-06:00,2026-09-18 13:05:00,80.8,80.7,55.5,2.5,3.4,10.3,195,0,0,0,0.12,0.31,55.87,30.13,42,2,206.3,77.9,38,67.8,48,67.8,,,,,1,24.39,1,47.4,77.2,50.2,,,
2026-09-18T13:00:00-06:00,2026-09-18 13:00:00,81.1,80.9,55.8,0,0,10.3,215,0,0,0,0.12,0.31,55.87,30.13,42,0,96.1,77.7,38,68,48,68,,,,,1,24.39,1,47.6,77,50,,,
2026-09-18T12:55:00-06:00,2026-09-18 12:55:00,80.4,80.9,58.3,0.2,1.1,10.3,219,0,0,0,0.12,0.31,55.87,30.13,47,1,103.3,77.7,38,68,48,68,,,,,1,24.39,1,47.6,77,50,,,
2026-09-18T12:50:00-06:00,2026-09-18 12:50:00,79.2,78.9,55.4,3.1,4.5,10.3,184,0,0,0,0.12,0.31,55.87,30.13,44,1,129.2,77.5,38,68,48,68,,,,,1,24.39,1,47.6,76.7,49.9,,,
2026-09-18T12:45:00-06:00,2026-09-18 12:45:00,79.2,79,56.6,2.2,2.2,10.3,139,0,0,0,0.12,0.31,55.87,30.13,46,1,163.2,77.5,38,67.8,48,67.8,,,,,1,24.38,1,47.4,76.7,49.9,,,
2026-09-18T12:40:00-06:00,2026-09-18 12:40:00,79,78.8,57,1.8,2.2,10.3,324,0,0,0,0.12,0.31,55.87,30.13,47,2,303,77.4,38,67.8,48,67.8,,,,,1,24.39,1,47.4,76.6,49.8,,,
2026-09-18T12:35:00-06:00,2026-09-18 12:35:00,79.2,79.1,57.8,0,0,10.3,228,0,0,0,0.12,0.31,55.87,30.14,48,3,391.3,77.4,38,67.8,48,67.8,,,,,1,24.39,1,47.4,76.6,49.8,,,
2026-09-18T12:30:00-06:00,2026-09-18 12:30:00,77.5,77.2,56.2,0.2,1.1,10.3,286,0,0,0,0.12,0.31,55.87,30.13,48,5,563.6,77.2,38,67.8,48,67.8,,,,,1,24.39,1,47.4,76.4,49.6,,,
2026-09-18T12:25:00-06:00,2026-09-18 12:25:00,76.6,76.4,57.1,1.3,3.4,10.3,204,0,0,0,0.12,0.31,55.87,30.14,51,1,106.8,77,38,67.8,48,67.8,,,,,1,24.39,1,47.4,76.2,49.4,,,
2026-09-18T12:20:00-06:00,2026-09-18 12:20:00,76.1,75.9,57.2,1.3,2.2,10.3,159,0,0,0,0.12,0.31,55.87,30.14,52,1,137,77,38,67.8,48,67.8,,,,,1,24.39,1,47.4,76.2,49.4,,,
2026-09-18T12:15:00-06:00,2026-09-18 12:15:00,77.4,77.3,58.4,1.1,1.1,10.3,174,0,0,0,0.12,0.31,55.87,30.13,52,1,166.8,76.8,38,67.8,48,67.8,,,,,1,24.39,1,47.4,76,49.3,,,
2026-09-18T12:10:00-06:00,2026-09-18 12:10:00,77.7,77.6,58.1,1.3,2.2,10.3,204,0,0,0,0.12,0.31,55.87,30.14,51,2,298.3,76.8,38,67.8,48,67.8,,,,,1,24.4,1,47.4,76,49.3,,,
2026-09-18T12:05:00-06:00,2026-09-18 12:05:00,77.2,77.1,58.2,2.7,3.4,10.3,145,0,0,0,0.12,0.31,55.87,30.14,52,1,119.9,76.6,38,67.8,48,67.8,,,,,1,24.39,1,47.4,75.7,49.1,,,
2026-09-18T12:00:00-06:00,2026-09-18 12:00:00,77.2,77.1,58.7,0.9,1.1,10.3,144,0,0,0,0.12,0.31,55.87,30.14,53,0,70.8,76.5,38,67.8,48,67.8,,,,,1,24.4,1,47.4,75.6,49,,,
2026-09-18T11:55:00-06:00,2026-09-18 11:55:00,77.2,77.1,58.2,0,0,10.3,217,0,0,0,0.12,0.31,55.87,30.14,52,1,107.5,76.3,37,67.8,48,67.8,,,,,1,24.4,1,47.4,75.4,48.1,,,
2026-09-18T11:50:00-06:00,2026-09-18 11:50:00,76.3,76.1,57.9,0.2,1.1,10.3,200,0,0,0,0.12,0.31,55.87,30.14,53,3,355.8,76.3,37,67.8,48,67.8,,,,,1,24.4,1,47.4,75.4,48.1,,,
2026-09-18T11:45:00-06:00,2026-09-18 11:45:00,75.6,75.4,57.2,3.8,4.5,10.3,62,0,0,0,0.12,0.31,55.87,30.14,53,1,104,76.1,37,67.8,48,67.8,,,,,1,24.4,1,47.4,75.1,47.9,,,
2026-09-18T11:40:00-06:00,2026-09-18 11:40:00,74.5,74.1,55.7,0,0,10.3,227,0,0,0,0.12,0.31,55.87,30.14,52,3,329.2,75.9,37,67.8,48,67.8,,,,,1,24.4,1,47.4,74.9,47.7,,,
2026-09-18T11:35:00-06:00,2026-09-18 11:35:00,75.2,74.8,55.8,2.9,3.4,10.3,126,0,0,0,0.12,0.31,55.87,30.15,51,1,157.8,75.9,37,67.8,48,67.8,,,,,1,24.41,1,47.4,74.9,47.7,,,
2026-09-18T11:30:00-06:00,2026-09-18 11:30:00,74.8,74.4,56,3.6,4.5,10.3,94,0,0,0,0.12,0.31,55.87,30.15,52,0,93,75.7,37,67.8,48,67.8,,,,,1,24.4,1,47.4,74.7,47.6,,,
2026-09-18T11:25:00-06:00,2026-09-18 11:25:00,74.7,74.3,55.4,2,2.2,10.3,172,0,0,0,0.12,0.31,55.87,30.15,51,0,69,75.7,37,67.8,48,67.8,,,,,1,24.4,1,47.4,74.7,47.6,,,
2026-09-18T11:20:00-06:00,2026-09-18 11:20:00,73.8,73.3,54.5,0,0,10.3,184,0,0,0,0.12,0.31,55.87,30.15,51,0,68.5,75.6,37,67.8,48,67.8,,,,,1,24.4,1,47.4,74.6,47.5,,,
2026-09-18T11:15:00-06:00,2026-09-18 11:15:00,73.9,73.4,54.6,4.5,4.5,10.3,68,0,0,0,0.12,0.31,55.87,30.14,51,0,64.1,75.6,37,67.8,48,67.8,,,,,1,24.4,1,47.4,74.6,47.5,,,
2026-09-18T11:10:00-06:00,2026-09-18 11:10:00,73.2,72.7,54.5,0.7,1.1,10.3,198,0,0,0,0.12,0.31,55.87,30.15,52,0,56.1,75.4,37,67.8,48,67.8,,,,,1,24.4,1,47.4,74.4,47.3,,,
2026-09-18T11:05:00-06:00,2026-09-18 11:05:00,72.9,72.2,53.2,4.7,5.8,10.3,112,0,0,0,0.12,0.31,55.87,30.14,50,0,39.7,75.4,37,67.8,48,67.8,,,,,1,24.4,1,47.4,74.4,47.3,,,
2026-09-18T11:00:00-06:00,2026-09-18 11:00:00,72.3,71.6,53.1,1.6,2.2,10.3,192,0,0,0,0.12,0.31,55.87,30.14,51,0,77.9,75.2,37,67.8,48,67.8,,,,,1,24.4,1,47.4,74.2,47.1,,,
2026-09-18T10:55:00-06:00,2026-09-18 10:55:00,72.5,72.1,55.9,0,0,10.3,217,0,0,0,0.12,0.31,55.87,30.15,56,0,51.4,75,38,67.8,48,67.8,,,,,1,24.41,1,47.4,74,47.7,,,
2026-09-18T10:50:00-06:00,2026-09-18 10:50:00,71.8,71.5,56.7,1.3,2.2,10.3,124,0,0,0,0.12,0.31,55.87,30.14,59,0,59.6,75,38,67.6,47,67.6,,,,,1,24.4,1,46.6,74,47.7,,,
2026-09-18T10:45:00-06:00,2026-09-18 10:45:00,71.4,71.1,57.2,0.7,1.1,10.3,245,0,0,0,0.12,0.31,55.87,30.15,61,0,59.5,74.8,38,67.8,47,67.8,,,,,1,24.4,1,46.8,73.8,47.5,,,
2026-09-18T10:40:00-06:00,2026-09-18 10:40:00,71.1,70.8,57,0.9,2.2,10.3,191,0,0,0,0.12,0.31,55.87,30.15,61,0,73.7,74.8,38,67.8,47,67.8,,,,,1,24.41,1,46.8,73.8,47.5,,,
2026-09-18T10:35:00-06:00,2026-09-18 10:35:00,71.2,70.8,56.6,0.9,1.1,10.3,199,0,0,0,0.12,0.31,55.87,30.15,60,0,85.7,74.7,38,67.6,47,67.6,,,,,1,24.41,1,46.6,73.7,47.4,,,
2026-09-18T10:30:00-06:00,2026-09-18 10:30:00,70.5,70.2,56.8,1.3,2.2,10.3,146,0,0,0,0.12,0.31,55.87,30.15,62,0,86.1,74.7,38,67.6,47,67.6,,,,,1,24.41,1,46.6,73.7,47.4,,,
2026-09-18T10:25:00-06:00,2026-09-18 10:25:00,69.1,68.7,56.4,0,0,10.3,222,0,0,0,0.12,0.31,55.87,30.14,64,0,88.6,74.5,38,67.6,47,67.6,,,,,1,24.4,1,46.6,73.4,47.2,,,
2026-09-18T10:20:00-06:00,2026-09-18 10:20:00,69.1,68.7,56.4,1.1,1.1,10.3,140,0,0,0,0.12,0.31,55.87,30.15,64,0,100.1,74.3,38,67.6,47,67.6,,,,,1,24.41,1,46.6,73.2,47,,,
2026-09-18T10:15:00-06:00,2026-09-18 10:15:00,68.9,68.5,56.6,0.5,1.1,10.3,188,0,0,0,0.12,0.31,55.87,30.15,65,1,103.6,74.3,38,67.6,47,67.6,,,,,1,24.4,1,46.6,73.2,47,,,
2026-09-18T10:10:00-06:00,2026-09-18 10:10:00,68.4,68,56.6,0,0,10.3,206,0,0,0,0.12,0.31,55.87,30.15,66,1,108.4,74.3,38,67.6,47,67.6,,,,,1,24.41,1,46.6,73.2,47,,,
2026-09-18T10:05:00-06:00,2026-09-18 10:05:00,68.5,68.2,56.7,1.1,1.1,10.3,173,0,0,0,0.12,0.31,55.87,30.15,66,1,183.1,74.1,38,67.6,47,67.6,,,,,1,24.41,1,46.6,73,46.9,,,
2026-09-18T10:00:00-06:00,2026-09-18 10:00:00,68.4,68,56.6,0,0,10.3,222,0,0,0,0.12,0.31,55.87,30.16,66,1,124.4,74.1,38,67.8,47,67.8,,,,,1,24.41,1,46.8,73,46.9,,,
2026-09-18T09:55:00-06:00,2026-09-18 09:55:00,67.6,67.6,56.7,0,0,10.3,217,0,0,0,0.12,0.31,55.87,30.15,68,1,161.5,74.1,38,67.6,47,67.6,,,,,1,24.41,1,46.6,73,46.9,,,
2026-09-18T09:50:00-06:00,2026-09-18 09:50:00,67.5,67.5,57,0,0,10.3,224,0,0,0,0.12,0.31,55.87,30.15,69,1,117.2,73.9,38,67.6,47,67.6,,,,,1,24.41,1,46.6,72.8,46.7,,,
2026-09-18T09:45:00-06:00,2026-09-18 09:45:00,67.1,67.1,56.6,1.8,2.2,10.3,203,0,0,0,0.12,0.31,55.87,30.15,69,0,101.5,73.9,38,67.6,47,67.6,,,,,1,24.41,1,46.6,72.8,46.7,,,
2026-09-18T09:40:00-06:00,2026-09-18 09:40:00,66.4,66.4,56.7,0.7,1.1,10.3,181,0,0,0,0.12,0.31,55.87,30.16,71,0,72.5,73.9,38,67.6,47,67.6,,,,,1,24.41,1,46.6,72.8,46.7,,,
2026-09-18T09:35:00-06:00,2026-09-18 09:35:00,65.8,65.8,56.1,0,0,10.3,235,0,0,0,0.12,0.31,55.87,30.16,71,0,61.8,73.8,38,67.6,47,67.6,,,,,1,24.41,1,46.6,72.7,46.6,,,
2026-09-18T09:30:00-06:00,2026-09-18 09:30:00,65.3,65.3,56.4,1.1,2.2,10.3,247,0,0,0,0.12,0.31,55.87,30.15,73,0,61.4,73.8,38,67.6,47,67.6,,,,,1,24.4,1,46.6,72.7,46.6,,,
2026-09-18T09:25:00-06:00,2026-09-18 09:25:00,64.4,64.4,56.3,0,0,10.3,191,0,0,0,0.12,0.31,55.87,30.15,75,0,50.1,73.6,38,67.6,47,67.6,,,,,1,24.41,1,46.6,72.4,46.4,,,
2026-09-18T09:20:00-06:00,2026-09-18 09:20:00,64.6,64.6,55.7,0.9,2.2,10.3,246,0,0,0,0.12,0.31,55.87,30.14,73,0,43.1,73.6,38,67.6,47,67.6,,,,,1,24.4,1,46.6,72.4,46.4,,,
2026-09-18T09:15:00-06:00,2026-09-18 09:15:00,65.8,65.8,55.3,0,0,10.3,210,0,0,0,0.12,0.31,55.87,30.14,69,0,44.7,73.4,39,67.6,47,67.6,,,,,1,24.39,1,46.6,72.3,46.9,,,
2026-09-18T09:10:00-06:00,2026-09-18 09:10:00,67.1,67.1,53.6,0,0,10.3,187,0,0,0,0.12,0.31,55.87,30.15,62,0,42,73.6,39,67.6,47,67.6,,,,,1,24.41,1,46.6,72.5,47.1,,,
2026-09-18T09:05:00-06:00,2026-09-18 09:05:00,67.3,67.3,53.4,1.1,1.1,10.3,189,0,0,0,0.12,0.31,55.87,30.15,61,0,49.8,73.4,39,67.6,47,67.6,,,,,1,24.41,1,46.6,72.3,46.9,,,
2026-09-18T09:00:00-06:00,2026-09-18 09:00:00,68.2,67.5,53.3,2.2,2.2,10.3,150,0,0,0,0.12,0.31,55.87,30.14,59,0,68.3,73.4,39,67.6,47,67.6,,,,,1,24.4,1,46.6,72.3,46.9,,,
2026-09-18T08:55:00-06:00,2026-09-18 08:55:00,69.3,68.6,52.9,0,0,10.3,226,0,0,0,0.12,0.31,55.87,30.14,56,0,71.5,73.4,39,67.6,47,67.6,,,,,1,24.4,1,46.6,72.3,46.9,,,
2026-09-18T08:50:00-06:00,2026-09-18 08:50:00,69.8,68.9,50.8,0.9,1.1,10.3,220,0,0,0,0.12,0.31,55.87,30.14,51,0,69.1,73.4,38,67.6,47,67.6,,,,,1,24.39,1,46.6,72.2,46.2,,,
2026-09-18T08:45:00-06:00,2026-09-18 08:45:00,69.6,68.7,50.7,0,0,10.3,231,0,0,0,0.12,0.31,55.87,30.14,51,0,61.3,73.4,38,67.6,47,67.6,,,,,1,24.4,1,46.6,72.2,46.2,,,
2026-09-18T08:40:00-06:00,2026-09-18 08:40:00,68.4,67.4,50.6,2.2,3.4,10.3,228,0,0,0,0.12,0.31,55.87,30.14,53,0,51.4,73.4,38,67.6,47,67.6,,,,,1,24.39,1,46.6,72.2,46.2,,,
2026-09-18T08:35:00-06:00,2026-09-18 08:35:00,67.1,67.1,50.9,0,0,10.3,223,0,0,0,0.12,0.31,55.87,30.14,56,0,51.7,73.4,38,67.6,47,67.6,,,,,1,24.4,1,46.6,72.2,46.2,,,
2026-09-18T08:30:00-06:00,2026-09-18 08:30:00,67.3,67.3,52.5,0,0,10.3,240,0,0,0,0.12,0.31,55.87,30.14,59,0,63.6,73.2,38,67.6,47,67.6,,,,,1,24.4,1,46.6,72,46.1,,,
2026-09-18T08:25:00-06:00,2026-09-18 08:25:00,67.6,67.6,52.3,1.8,2.2,10.3,218,0,0,0,0.12,0.31,55.87,30.15,58,0,69.8,73.2,38,67.8,47,67.8,,,,,1,24.4,1,46.8,72,46.1,,,
2026-09-18T08:20:00-06:00,2026-09-18 08:20:00,68.5,67.7,52.7,0,0,10.3,222,0,0,0,0.12,0.31,55.87,30.15,57,0,64.4,73.2,38,67.6,47,67.6,,,,,1,24.41,1,46.6,72,46.1,,,
2026-09-18T08:15:00-06:00,2026-09-18 08:15:00,69.8,69,51.9,0.7,1.1,10.3,254,0,0,0,0.12,0.31,55.87,30.15,53,0,60.5,73.2,37,67.6,47,67.6,,,,,1,24.41,1,46.6,72,45.4,,,
2026-09-18T08:10:00-06:00,2026-09-18 08:10:00,71.4,70.4,50.1,5.6,8.1,10.3,300,0,0,0,0.12,0.31,55.87,30.14,47,0,53.1,73.2,37,67.6,47,67.6,,,,,1,24.4,1,46.6,72,45.4,,,
2026-09-18T08:05:00-06:00,2026-09-18 08:05:00,71.8,70.9,50.5,1.8,2.2,10.3,251,0,0,0,0.12,0.31,55.87,30.14,47,0,51.1,73.2,37,67.6,47,67.6,,,,,1,24.4,1,46.6,72,45.4,,,
2026-09-18T08:00:00-06:00,2026-09-18 08:00:00,70.2,69.1,49,1.6,2.2,10.3,201,0,0,0,0.12,0.31,55.87,30.14,47,0,46.5,73.2,37,67.6,47,67.6,,,,,1,24.4,1,46.6,72,45.4,,,
2026-09-18T07:55:00-06:00,2026-09-18 07:55:00,68.2,67.2,49.9,5.6,9.2,10.3,224,0,0,0,0.12,0.31,55.87,30.14,52,0,41.7,73.2,37,67.6,47,67.6,,,,,1,24.4,1,46.6,72,45.4,,,
2026-09-18T07:50:00-06:00,2026-09-18 07:50:00,66.6,66.6,51.4,0,0,10.3,224,0,0,0,0.12,0.31,55.87,30.14,58,0,33.4,73.2,37,67.8,47,67.8,,,,,1,24.4,1,46.8,72,45.4,,,
2026-09-18T07:45:00-06:00,2026-09-18 07:45:00,65.5,65.5,51.7,0.9,1.1,10.3,246,0,0,0,0.12,0.31,55.87,30.15,61,0,29.9,73,37,67.6,47,67.6,,,,,1,24.41,1,46.6,71.7,45.2,,,
2026-09-18T07:40:00-06:00,2026-09-18 07:40:00,65.5,65.5,51.7,2.2,2.2,10.3,181,0,0,0,0.12,0.31,55.87,30.14,61,0,28.5,73.2,37,67.6,47,67.6,,,,,1,24.4,1,46.6,72,45.4,,,
2026-09-18T07:35:00-06:00,2026-09-18 07:35:00,65.5,65.5,51.7,1.3,2.2,10.3,133,0,0,0,0.12,0.31,55.87,30.14,61,0,24.4,73.2,37,67.6,47,67.6,,,,,1,24.39,1,46.6,72,45.4,,,
2026-09-18T07:30:00-06:00,2026-09-18 07:30:00,64.2,64.2,51.8,2.2,2.2,10.3,153,0,0,0,0.12,0.31,55.87,30.14,64,0,20.2,73.2,37,67.6,47,67.6,,,,,1,24.4,1,46.6,72,45.4,,,
2026-09-18T07:25:00-06:00,2026-09-18 07:25:00,64.2,64.2,51.8,0,0,10.3,219,0,0,0,0.12,0.31,55.87,30.14,64,0,20.8,73.2,37,67.6,47,67.6,,,,,1,24.39,1,46.6,72,45.4,,,
2026-09-18T07:20:00-06:00,2026-09-18 07:20:00,64.6,64.6,51.7,0,0,10.3,178,0,0,0,0.12,0.31,55.87,30.14,63,0,17,73.2,37,67.8,47,67.8,,,,,1,24.4,1,46.8,72,45.4,,,
2026-09-18T07:15:00-06:00,2026-09-18 07:15:00,65.5,65.5,51.7,0,0,10.3,182,0,0,0,0.12,0.31,55.87,30.14,61,0,11.3,73.2,37,67.8,47,67.8,,,,,1,24.4,1,46.8,72,45.4,,,
2026-09-18T07:10:00-06:00,2026-09-18 07:10:00,66.2,66.2,51.4,2.2,2.2,10.3,280,0,0,0,0.12,0.31,55.87,30.15,59,0,8.2,73.2,37,67.6,47,67.6,,,,,1,24.4,1,46.6,72,45.4,,,
2026-09-18T07:05:00-06:00,2026-09-18 07:05:00,67.6,67.6,51.3,3.1,4.5,10.3,273,0,0,0,0.12,0.31,55.87,30.14,56,0,7,73.2,37,67.6,47,67.6,,,,,1,24.4,1,46.6,72,45.4,,,
2026-09-18T07:00:00-06:00,2026-09-18 07:00:00,67.3,67.3,50.6,4.3,5.8,10.3,283,0,0,0,0.12,0.31,55.87,30.14,55,0,5.4,73.2,37,67.6,47,67.6,,,,,1,24.39,1,46.6,72,45.4,,,
2026-09-18T06:55:00-06:00,2026-09-18 06:55:00,69.3,68.4,50.9,0.7,1.1,10.3,112,0,0,0,0.12,0.31,55.87,30.14,52,0,3.7,73.2,37,67.6,47,67.6,,,,,1,24.39,1,46.6,72,45.4,,,
2026-09-18T06:50:00-06:00,2026-09-18 06:50:00,69.8,68.9,51.4,4.3,6.9,10.3,268,0,0,0,0.12,0.31,55.87,30.14,52,0,2.3,73.2,37,67.6,47,67.6,,,,,1,24.39,1,46.6,72,45.4,,,
2026-09-18T06:45:00-06:00,2026-09-18 06:45:00,68.9,68,51.6,3.1,4.5,10.3,227,0,0,0,0.12,0.31,55.87,30.13,54,0,1.6,73.2,37,67.6,47,67.6,,,,,1,24.39,1,46.6,72,45.4,,,
2026-09-18T06:40:00-06:00,2026-09-18 06:40:00,68,68,51.2,4.9,10.3,10.3,317,0,0,0,0.12,0.31,55.87,30.13,55,0,1,73.2,37,67.6,47,67.6,,,,,1,24.39,1,46.6,72,45.4,,,
2026-09-18T06:35:00-06:00,2026-09-18 06:35:00,67.1,67.1,51.3,1.3,2.2,9.2,220,0,0,0,0.12,0.31,55.87,30.14,57,0,0.5,73.2,37,67.6,47,67.6,,,,,1,24.39,1,46.6,72,45.4,,,
2026-09-18T06:30:00-06:00,2026-09-18 06:30:00,68,68,51.7,2.7,3.4,9.2,138,0,0,0,0.12,0.31,55.87,30.15,56,0,0.2,73.2,37,67.6,47,67.6,,,,,1,24.4,1,46.6,72,45.4,,,
2026-09-18T06:25:00-06:00,2026-09-18 06:25:00,68,68,51.7,0,0,9.2,107,0,0,0,0.12,0.31,55.87,30.14,56,0,0.1,73.2,37,67.6,47,67.6,,,,,1,24.39,1,46.6,72,45.4,,,
2026-09-18T06:20:00-06:00,2026-09-18 06:20:00,67.8,67.8,51.5,2,2.2,9.2,276,0,0,0,0.12,0.31,55.87,30.14,56,0,0,73.2,37,67.8,47,67.8,,,,,1,24.4,1,46.8,72,45.4,,,
2026-09-18T06:15:00-06:00,2026-09-18 06:15:00,68.7,67.8,51.4,3.1,4.5,9.2,189,0,0,0,0.12,0.31,55.87,30.14,54,0,0,73.2,37,67.6,47,67.6,,,,,1,24.39,1,46.6,72,45.4,,,
2026-09-18T06:10:00-06:00,2026-09-18 06:10:00,68.4,67.5,51.6,1.8,3.4,9.2,226,0,0,0,0.12,0.31,55.87,30.14,55,0,0,73.2,37,67.6,47,67.6,,,,,1,24.39,1,46.6,72,45.4,,,
2026-09-18T06:05:00-06:00,2026-09-18 06:05:00,68.2,67.3,51.4,1.8,3.4,9.2,209,0,0,0,0.12,0.31,55.87,30.14,55,0,0,73.2,37,67.6,47,67.6,,,,,1,24.4,1,46.6,72,45.4,,,
2026-09-18T06:00:00-06:00,2026-09-18 06:00:00,66.9,66.9,51.2,3.1,4.5,8.1,256,0,0,0,0.12,0.31,55.87,30.15,57,0,0,73.2,37,67.6,47,67.6,,,,,1,24.4,1,46.6,72,45.4,,,
2026-09-18T05:55:00-06:00,2026-09-18 05:55:00,66.2,66.2,51.4,1.6,2.2,6.9,316,0,0,0,0.12,0.31,55.87,30.14,59,0,0,73.2,37,67.6,47,67.6,,,,,1,24.4,1,46.6,72,45.4,,,
2026-09-18T05:50:00-06:00,2026-09-18 05:50:00,65.3,65.3,51.5,0.9,1.1,4.5,279,0,0,0,0.12,0.31,55.87,30.14,61,0,0,73.2,37,67.6,47,67.6,,,,,1,24.4,1,46.6,72,45.4,,,
2026-09-18T05:45:00-06:00,2026-09-18 05:45:00,65.3,65.3,52.4,0,0,4.5,225,0,0,0,0.12,0.31,55.87,30.14,63,0,0,73.2,37,67.8,47,67.8,,,,,1,24.4,1,46.8,72,45.4,,,
2026-09-18T05:40:00-06:00,2026-09-18 05:40:00,65.3,65.3,51.5,1.8,2.2,4.5,202,0,0,0,0.12,0.31,55.87,30.14,61,0,0,73.4,37,67.8,47,67.8,,,,,1,24.4,1,46.8,72.2,45.5,,,
2026-09-18T05:35:00-06:00,2026-09-18 05:35:00,64.2,64.2,52.6,2.2,2.2,4.5,252,0,0,0,0.12,0.31,55.87,30.15,66,0,0,73.4,37,67.6,47,67.6,,,,,1,24.4,1,46.6,72.2,45.5,,,
2026-09-18T05:30:00-06:00,2026-09-18 05:30:00,64,64,52.4,0,0,4.5,188,0,0,0,0.12,0.31,55.87,30.14,66,0,0,73.4,37,67.8,47,67.8,,,,,1,24.4,1,46.8,72.2,45.5,,,
2026-09-18T05:25:00-06:00,2026-09-18 05:25:00,62.8,62.8,52.5,1.1,1.1,3.4,243,0,0,0,0.12,0.31,55.87,30.15,69,0,0,73.4,37,67.8,47,67.8,,,,,1,24.4,1,46.8,72.2,45.5,,,
2026-09-18T05:20:00-06:00,2026-09-18 05:20:00,62.6,62.6,52.3,0,0,3.4,227,0,0,0,0.12,0.31,55.87,30.15,69,0,0,73.4,37,67.8,47,67.8,,,,,1,24.4,1,46.8,72.2,45.5,,,
2026-09-18T05:15:00-06:00,2026-09-18 05:15:00,63.7,63.7,52.5,0,0,3.4,226,0,0,0,0.12,0.31,55.87,30.15,67,0,0,73.4,37,67.6,47,67.6,,,,,1,24.4,1,46.6,72.2,45.5,,,
2026-09-18T05:10:00-06:00,2026-09-18 05:10:00,63.5,63.5,52.3,0,0,3.4,221,0,0,0,0.12,0.31,55.87,30.14,67,0,0,73.4,37,67.8,47,67.8,,,,,1,24.4,1,46.8,72.2,45.5,,,
2026-09-18T05:05:00-06:00,2026-09-18 05:05:00,63,63,52.3,0.9,1.1,3.4,213,0,0,0,0.12,0.31,55.87,30.14,68,0,0,73.4,37,67.6,47,67.6,,,,,1,24.4,1,46.6,72.2,45.5,,,
2026-09-18T05:00:00-06:00,2026-09-18 05:00:00,62.8,62.8,52.1,0.2,1.1,3.4,212,0,0,0,0.12,0.31,55.87,30.14,68,0,0,73.4,37,67.6,47,67.6,,,,,1,24.4,1,46.6,72.2,45.5,,,
2026-09-18T04:55:00-06:00,2026-09-18 04:55:00,63.3,63.3,53,0,0,3.4,222,0,0,0,0.12,0.31,55.87,30.14,69,0,0,73.4,37,67.8,47,67.8,,,,,1,24.4,1,46.8,72.2,45.5,,,
2026-09-18T04:50:00-06:00,2026-09-18 04:50:00,64.2,64.2,52.2,0,0,3.4,222,0,0,0,0.12,0.31,55.87,30.14,65,0,0,73.4,37,67.6,47,67.6,,,,,1,24.39,1,46.6,72.2,45.5,,,
2026-09-18T04:45:00-06:00,2026-09-18 04:45:00,63.5,63.5,52.3,0.7,1.1,3.4,242,0,0,0,0.12,0.31,55.87,30.14,67,0,0,73.6,37,67.8,47,67.8,,,,,1,24.39,1,46.8,72.4,45.7,,,
2026-09-18T04:40:00-06:00,2026-09-18 04:40:00,63.1,63.1,52.4,0,0,3.4,234,0,0,0,0.12,0.31,55.87,30.14,68,0,0,73.6,37,67.6,47,67.6,,,,,1,24.4,1,46.6,72.4,45.7,,,
2026-09-18T04:35:00-06:00,2026-09-18 04:35:00,62.6,62.6,52.3,0.2,1.1,3.4,238,0,0,0,0.12,0.31,55.87,30.14,69,0,0,73.6,37,67.8,47,67.8,,,,,1,24.4,1,46.8,72.4,45.7,,,
2026-09-18T04:30:00-06:00,2026-09-18 04:30:00,62.6,62.6,52.3,0,0,3.4,220,0,0,0,0.12,0.31,55.87,30.14,69,0,0,73.6,37,67.6,47,67.6,,,,,1,24.4,1,46.6,72.4,45.7,,,
2026-09-18T04:25:00-06:00,2026-09-18 04:25:00,62.6,62.6,52.3,0,0,3.4,227,0,0,0,0.12,0.31,55.87,30.14,69,0,0,73.6,37,67.6,47,67.6,,,,,1,24.4,1,46.6,72.4,45.7,,,
2026-09-18T04:20:00-06:00,2026-09-18 04:20:00,63,63,52.7,0,0,3.4,226,0,0,0,0.12,0.31,55.87,30.15,69,0,0,73.6,37,67.8,47,67.8,,,,,1,24.4,1,46.8,72.4,45.7,,,
2026-09-18T04:15:00-06:00,2026-09-18 04:15:00,62.8,62.8,52.9,2.2,3.4,3.4,249,0,0,0,0.12,0.31,55.87,30.15,70,0,0,73.6,37,67.8,47,67.8,,,,,1,24.41,1,46.8,72.4,45.7,,,
2026-09-18T04:10:00-06:00,2026-09-18 04:10:00,63,63,52.7,0,0,3.4,225,0,0,0,0.12,0.31,55.87,30.15,69,0,0,73.6,37,67.6,47,67.6,,,,,1,24.41,1,46.6,72.4,45.7,,,
2026-09-18T04:05:00-06:00,2026-09-18 04:05:00,63.1,63.1,52.8,0,0,3.4,237,0,0,0,0.12,0.31,55.87,30.15,69,0,0,73.6,37,67.8,47,67.8,,,,,1,24.41,1,46.8,72.4,45.7,,,
2026-09-18T04:00:00-06:00,2026-09-18 04:00:00,63.3,63.3,53,0.9,1.1,3.4,230,0,0,0,0.12,0.31,55.87,30.15,69,0,0,73.6,37,67.8,47,67.8,,,,,1,24.4,1,46.8,72.4,45.7,,,
2026-09-18T03:55:00-06:00,2026-09-18 03:55:00,63.7,63.7,52.9,0,0,3.4,244,0,0,0,0.12,0.31,55.87,30.14,68,0,0,73.6,37,67.8,47,67.8,,,,,1,24.4,1,46.8,72.4,45.7,,,
2026-09-18T03:50:00-06:00,2026-09-18 03:50:00,63.7,63.7,53.3,0.7,1.1,3.4,232,0,0,0,0.12,0.31,55.87,30.15,69,0,0,73.8,37,67.8,47,67.8,,,,,1,24.41,1,46.8,72.6,45.9,,,
2026-09-18T03:45:00-06:00,2026-09-18 03:45:00,63.3,63.3,53,0,0,3.4,239,0,0,0,0.12,0.31,55.87,30.15,69,0,0,73.8,37,67.6,47,67.6,,,,,1,24.41,1,46.6,72.6,45.9,,,
2026-09-18T03:40:00-06:00,2026-09-18 03:40:00,63.7,63.7,53.3,0.2,1.1,3.4,228,0,0,0,0.12,0.31,55.87,30.15,69,0,0,73.8,37,67.8,47,67.8,,,,,1,24.41,1,46.8,72.6,45.9,,,
2026-09-18T03:35:00-06:00,2026-09-18 03:35:00,63.3,63.3,53.3,0.9,1.1,3.4,236,0,0,0,0.12,0.31,55.87,30.14,70,0,0,73.8,37,67.6,47,67.6,,,,,1,24.4,1,46.6,72.6,45.9,,,
2026-09-18T03:30:00-06:00,2026-09-18 03:30:00,62.6,62.6,53.1,0,0,3.4,218,0,0,0,0.12,0.31,55.87,30.14,71,0,0,73.8,37,67.8,47,67.8,,,,,1,24.4,1,46.8,72.6,45.9,,,
2026-09-18T03:25:00-06:00,2026-09-18 03:25:00,62.4,62.4,53.6,1.8,2.2,3.4,250,0,0,0,0.12,0.31,55.87,30.15,73,0,0,73.8,37,67.8,47,67.8,,,,,1,24.4,1,46.8,72.6,45.9,,,
2026-09-18T03:20:00-06:00,2026-09-18 03:20:00,62.2,62.2,53.1,0.9,1.1,3.4,230,0,0,0,0.12,0.31,55.87,30.14,72,0,0,73.8,37,67.6,47,67.6,,,,,1,24.4,1,46.6,72.6,45.9,,,
2026-09-18T03:15:00-06:00,2026-09-18 03:15:00,62.6,62.6,53.4,0,0,3.4,242,0,0,0,0.12,0.31,55.87,30.14,72,0,0,73.8,37,67.8,47,67.8,,,,,1,24.39,1,46.8,72.6,45.9,,,
2026-09-18T03:10:00-06:00,2026-09-18 03:10:00,62.4,62.4,53.6,0,0,3.4,219,0,0,0,0.12,0.31,55.87,30.14,73,0,0,73.8,37,67.8,47,67.8,,,,,1,24.4,1,46.8,72.6,45.9,,,
2026-09-18T03:05:00-06:00,2026-09-18 03:05:00,62.4,62.4,53.6,0,0,3.4,220,0,0,0,0.12,0.31,55.87,30.14,73,0,0,73.8,37,67.8,47,67.8,,,,,1,24.4,1,46.8,72.6,45.9,,,
2026-09-18T03:00:00-06:00,2026-09-18 03:00:00,62.8,62.8,54,0,0,3.4,219,0,0,0,0.12,0.31,55.87,30.14,73,0,0,73.8,37,67.6,47,67.6,,,,,1,24.4,1,46.6,72.6,45.9,,,
2026-09-18T02:55:00-06:00,2026-09-18 02:55:00,62.6,62.6,53.8,0,0,3.4,215,0,0,0,0.12,0.31,55.87,30.15,73,0,0,73.8,37,67.8,47,67.8,,,,,1,24.41,1,46.8,72.6,45.9,,,
2026-09-18T02:50:00-06:00,2026-09-18 02:50:00,63.1,63.1,54.3,2,2.2,2.2,237,0,0,0,0.12,0.31,55.87,30.15,73,0,0,73.8,37,67.8,47,67.8,,,,,1,24.41,1,46.8,72.6,45.9,,,
2026-09-18T02:45:00-06:00,2026-09-18 02:45:00,63.9,63.9,54.3,0,0,2.2,223,0,0,0,0.12,0.31,55.87,30.16,71,0,0,73.9,37,67.8,47,67.8,,,,,1,24.41,1,46.8,72.7,46,,,
2026-09-18T02:40:00-06:00,2026-09-18 02:40:00,64,64,54.4,0,0,2.2,232,0,0,0,0.12,0.31,55.87,30.15,71,0,0,73.9,37,67.8,47,67.8,,,,,1,24.41,1,46.8,72.7,46,,,
2026-09-18T02:35:00-06:00,2026-09-18 02:35:00,64,64,54,0.7,1.1,2.2,241,0,0,0,0.12,0.31,55.87,30.15,70,0,0,73.9,37,67.6,47,67.6,,,,,1,24.41,1,46.6,72.7,46,,,
2026-09-18T02:30:00-06:00,2026-09-18 02:30:00,63.3,63.3,54.1,1.1,1.1,2.2,229,0,0,0,0.12,0.31,55.87,30.15,72,0,0,73.9,37,67.8,47,67.8,,,,,1,24.41,1,46.8,72.7,46,,,
2026-09-18T02:25:00-06:00,2026-09-18 02:25:00,63.7,63.7,54.5,0,0,2.2,222,0,0,0,0.12,0.31,55.87,30.15,72,0,0,73.9,37,67.8,47,67.8,,,,,1,24.41,1,46.8,72.7,46,,,
2026-09-18T02:20:00-06:00,2026-09-18 02:20:00,63.9,63.9,54.3,0,0,2.2,235,0,0,0,0.12,0.31,55.87,30.15,71,0,0,73.9,37,67.8,47,67.8,,,,,1,24.41,1,46.8,72.7,46,,,
2026-09-18T02:15:00-06:00,2026-09-18 02:15:00,64.2,64.2,53.4,0,0,2.2,224,0,0,0,0.12,0.31,55.87,30.16,68,0,0,73.9,37,67.8,47,67.8,,,,,1,24.41,1,46.8,72.7,46,,,
2026-09-18T02:10:00-06:00,2026-09-18 02:10:00,62.6,62.6,53.1,0,0,2.2,227,0,0,0,0.12,0.31,55.87,30.16,71,0,0,73.9,37,67.8,47,67.8,,,,,1,24.42,1,46.8,72.7,46,,,
2026-09-18T02:05:00-06:00,2026-09-18 02:05:00,63,63,54.6,1.1,1.1,2.2,229,0,0,0,0.12,0.31,55.87,30.16,74,0,0,73.9,37,67.8,47,67.8,,,,,1,24.41,1,46.8,72.7,46,,,
2026-09-18T02:00:00-06:00,2026-09-18 02:00:00,63.1,63.1,54.3,0.2,1.1,2.2,228,0,0,0,0.12,0.31,55.87,30.16,73,0,0,73.9,37,67.8,47,67.8,,,,,1,24.42,1,46.8,72.7,46,,,
2026-09-18T01:55:00-06:00,2026-09-18 01:55:00,62.8,62.8,54.4,0,0,2.2,236,0,0,0,0.12,0.31,55.87,30.16,74,0,0,73.9,37,67.8,47,67.8,,,,,1,24.42,1,46.8,72.7,46,,,
2026-09-18T01:50:00-06:00,2026-09-18 01:50:00,63,63,54.6,1.1,1.1,2.2,235,0,0,0,0.12,0.31,55.87,30.16,74,0,0,74.1,37,67.8,47,67.8,,,,,1,24.42,1,46.8,72.9,46.1,,,
2026-09-18T01:45:00-06:00,2026-09-18 01:45:00,63.1,63.1,54.7,0,0,2.2,235,0,0,0,0.12,0.31,55.87,30.16,74,0,0,74.1,37,67.8,47,67.8,,,,,1,24.41,1,46.8,72.9,46.1,,,
2026-09-18T01:40:00-06:00,2026-09-18 01:40:00,63,63,54.6,0.9,1.1,2.2,239,0,0,0,0.12,0.31,55.87,30.16,74,0,0,74.1,37,67.8,47,67.8,,,,,1,24.42,1,46.8,72.9,46.1,,,
2026-09-18T01:35:00-06:00,2026-09-18 01:35:00,63,63,54.2,0.7,1.1,2.2,240,0,0,0,0.12,0.31,55.87,30.16,73,0,0,74.1,37,67.8,47,67.8,,,,,1,24.42,1,46.8,72.9,46.1,,,
2026-09-18T01:30:00-06:00,2026-09-18 01:30:00,62.6,62.6,54.2,0,0,2.2,233,0,0,0,0.12,0.31,55.87,30.17,74,0,0,74.1,37,67.8,47,67.8,,,,,1,24.42,1,46.8,72.9,46.1,,,
2026-09-18T01:25:00-06:00,2026-09-18 01:25:00,62.4,62.4,54.4,0,0,2.2,230,0,0,0,0.12,0.31,55.87,30.16,75,0,0,74.1,37,67.8,47,67.8,,,,,1,24.42,1,46.8,72.9,46.1,,,
2026-09-18T01:20:00-06:00,2026-09-18 01:20:00,62.8,62.8,54.4,0.9,1.1,2.2,245,0,0,0,0.12,0.31,55.87,30.17,74,0,0,74.1,37,67.8,47,67.8,,,,,1,24.43,1,46.8,72.9,46.1,,,
2026-09-18T01:15:00-06:00,2026-09-18 01:15:00,63,63,54.2,0,0,2.2,223,0,0,0,0.12,0.31,55.87,30.17,73,0,0,74.1,37,67.8,47,67.8,,,,,1,24.43,1,46.8,72.9,46.1,,,
2026-09-18T01:10:00-06:00,2026-09-18 01:10:00,62.6,62.6,54.2,0,0,2.2,226,0,0,0,0.12,0.31,55.87,30.17,74,0,0,74.1,37,67.8,47,67.8,,,,,1,24.43,1,46.8,72.9,46.1,,,
2026-09-18T01:05:00-06:00,2026-09-18 01:05:00,62.1,62.1,54.4,0,0,2.2,235,0,0,0,0.12,0.31,55.87,30.17,76,0,0,74.1,37,67.8,47,67.8,,,,,1,24.42,1,46.8,72.9,46.1,,,
2026-09-18T01:00:00-06:00,2026-09-18 01:00:00,62.1,62.1,54.4,0,0,2.2,253,0,0,0,0.12,0.31,55.87,30.17,76,0,0,74.1,37,67.8,47,67.8,,,,,1,24.43,1,46.8,72.9,46.1,,,
2026-09-18T00:55:00-06:00,2026-09-18 00:55:00,62.2,62.2,54.5,1.1,1.1,2.2,245,0,0,0,0.12,0.31,55.87,30.17,76,0,0,74.3,37,67.8,47,67.8,,,,,1,24.43,1,46.8,73.2,46.3,,,
2026-09-18T00:50:00-06:00,2026-09-18 00:50:00,62.8,62.8,54.8,0,0,2.2,237,0,0,0,0.12,0.31,55.87,30.17,75,0,0,74.3,37,67.8,47,67.8,,,,,1,24.43,1,46.8,73.2,46.3,,,
2026-09-18T00:45:00-06:00,2026-09-18 00:45:00,62.4,62.4,54.4,0,0,2.2,237,0,0,0,0.12,0.31,55.87,30.17,75,0,0,74.3,37,67.8,47,67.8,,,,,1,24.42,1,46.8,73.2,46.3,,,
2026-09-18T00:40:00-06:00,2026-09-18 00:40:00,63,63,54.9,0.7,1.1,2.2,234,0,0,0,0.12,0.31,55.87,30.17,75,0,0,74.3,37,67.8,47,67.8,,,,,1,24.42,1,46.8,73.2,46.3,,,
2026-09-18T00:35:00-06:00,2026-09-18 00:35:00,63.7,63.7,54.9,0.5,1.1,2.2,237,0,0,0,0.12,0.31,55.87,30.18,73,0,0,74.3,37,67.8,47,67.8,,,,,1,24.43,1,46.8,73.2,46.3,,,
2026-09-18T00:30:00-06:00,2026-09-18 00:30:00,64.8,64.8,55.6,0,0,2.2,227,0,0,0,0.12,0.31,55.87,30.17,72,0,0,74.3,37,67.8,47,67.8,,,,,1,24.43,1,46.8,73.2,46.3,,,
2026-09-18T00:25:00-06:00,2026-09-18 00:25:00,65.8,65.8,55.7,0,0,2.2,218,0,0,0,0.12,0.31,55.87,30.18,70,0,0,74.3,37,67.8,47,67.8,,,,,1,24.43,1,46.8,73.2,46.3,,,
2026-09-18T00:20:00-06:00,2026-09-18 00:20:00,66.4,66.4,55.1,0,0,2.2,234,0,0,0,0.12,0.31,55.87,30.18,67,0,0,74.3,37,67.8,47,67.8,,,,,1,24.43,1,46.8,73.2,46.3,,,
2026-09-18T00:15:00-06:00,2026-09-18 00:15:00,66.2,66.2,55.3,0.2,1.1,2.2,211,0,0,0,0.12,0.31,55.87,30.17,68,0,0,74.3,37,67.8,47,67.8,,,,,1,24.42,1,46.8,73.2,46.3,,,
2026-09-18T00:10:00-06:00,2026-09-18 00:10:00,66,66,55.5,0.9,1.1,2.2,173,0,0,0,0.12,0.31,55.87,30.17,69,0,0,74.3,37,67.8,47,67.8,,,,,1,24.43,1,46.8,73.2,46.3,,,
2026-09-18T00:05:00-06:00,2026-09-18 00:05:00,65.7,65.7,55.2,1.8,2.2,2.2,219,0,0,0,0.12,0.31,55.87,30.17,69,0,0,74.3,37,67.8,47,67.8,,,,,1,24.42,1,46.8,73.2,46.3,,,
2026-09-18T00:00:00-06:00,2026-09-18 00:00:00,64.9,64.9,55.3,0,0,1.1,222,0,0,0,0.12,0.31,55.87,30.17,71,0,0,74.3,37,67.8,47,67.8,,,,,1,24.43,1,46.8,73.2,46.3,,,
2026-09-17T23:55:00-06:00,2026-09-17 23:55:00,63.7,63.7,54.9,0.2,1.1,14.8,236,0,0.09,0.03,0.12,0.31,55.87,30.17,73,0,0,74.3,38,67.8,47,67.8,,,,,1,24.42,1,46.8,73.2,47,,,
2026-09-17T23:50:00-06:00,2026-09-17 23:50:00,63.3,63.3,54.9,0,0,14.8,235,0,0.09,0.03,0.12,0.31,55.87,30.18,74,0,0,74.3,38,67.8,47,67.8,,,,,1,24.43,1,46.8,73.2,47,,,
2026-09-17T23:45:00-06:00,2026-09-17 23:45:00,64,64,55.2,1.1,1.1,14.8,239,0,0.09,0.03,0.12,0.31,55.87,30.17,73,0,0,74.5,38,67.8,47,67.8,,,,,1,24.43,1,46.8,73.4,47.2,,,
2026-09-17T23:40:00-06:00,2026-09-17 23:40:00,63.5,63.5,54.3,0,0,14.8,222,0,0.09,0.03,0.12,0.31,55.87,30.17,72,0,0,74.5,38,67.8,47,67.8,,,,,1,24.43,1,46.8,73.4,47.2,,,
2026-09-17T23:35:00-06:00,2026-09-17 23:35:00,63.9,63.9,55.4,0,0,14.8,222,0,0.09,0.03,0.12,0.31,55.87,30.18,74,0,0,74.5,38,67.8,47,67.8,,,,,1,24.44,1,46.8,73.4,47.2,,,
2026-09-17T23:30:00-06:00,2026-09-17 23:30:00,64.4,64.4,55.2,0,0,14.8,230,0,0.09,0.03,0.12,0.31,55.87,30.17,72,0,0,74.3,38,67.8,47,67.8,,,,,1,24.43,1,46.8,73.2,47,,,
2026-09-17T23:25:00-06:00,2026-09-17 23:25:00,64.8,64.8,55.6,0,0,14.8,219,0,0.09,0.03,0.12,0.31,55.87,30.17,72,0,0,74.5,37,67.8,47,67.8,,,,,1,24.43,1,46.8,73.4,46.5,,,
2026-09-17T23:20:00-06:00,2026-09-17 23:20:00,65.3,65.3,55.6,0,0,14.8,221,0,0.09,0.03,0.12,0.31,55.87,30.18,71,0,0,74.7,38,67.8,47,67.8,,,,,1,24.44,1,46.8,73.7,47.4,,,
2026-09-17T23:15:00-06:00,2026-09-17 23:15:00,65.7,65.7,55.2,0,0,14.8,221,0,0.09,0.03,0.12,0.31,55.87,30.18,69,0,0,74.7,38,67.8,47,67.8,,,,,1,24.43,1,46.8,73.7,47.4,,,
2026-09-17T23:10:00-06:00,2026-09-17 23:10:00,65.7,65.7,55.2,0,0,14.8,223,0,0.09,0.03,0.12,0.31,55.87,30.18,69,0,0,74.7,38,67.8,47,67.8,,,,,1,24.44,1,46.8,73.7,47.4,,,
2026-09-17T23:05:00-06:00,2026-09-17 23:05:00,65.5,65.5,55.1,0.2,1.1,14.8,222,0,0.09,0.03,0.12,0.31,55.87,30.17,69,0,0,74.7,38,67.8,47,67.8,,,,,1,24.43,1,46.8,73.7,47.4,,,
2026-09-17T23:00:00-06:00,2026-09-17 23:00:00,65.1,65.1,56.2,0,0,14.8,234,0,0.09,0.03,0.12,0.31,55.87,30.17,73,0,0,74.7,38,67.8,47,67.8,,,,,1,24.43,1,46.8,73.7,47.4,,,
2026-09-17T22:55:00-06:00,2026-09-17 22:55:00,65.7,65.7,56.4,0,0,14.8,223,0,0.09,0.03,0.12,0.31,55.87,30.18,72,0,0,74.7,38,67.8,47,67.8,,,,,1,24.43,1,46.8,73.7,47.4,,,
2026-09-17T22:50:00-06:00,2026-09-17 22:50:00,65.8,65.8,55.7,0,0,14.8,220,0,0.09,0.03,0.12,0.31,55.87,30.17,70,0,0,74.7,38,67.8,47,67.8,,,,,1,24.43,1,46.8,73.7,47.4,,,
2026-09-17T22:45:00-06:00,2026-09-17 22:45:00,65.8,65.8,56.5,0,0,14.8,219,0,0.09,0.03,0.12,0.31,55.87,30.17,72,0,0,74.7,38,67.8,47,67.8,,,,,1,24.43,1,46.8,73.7,47.4,,,
2026-09-17T22:40:00-06:00,2026-09-17 22:40:00,66,66,56.3,0,0,14.8,230,0,0.09,0.03,0.12,0.31,55.87,30.17,71,0,0,74.7,38,67.8,47,67.8,,,,,1,24.43,1,46.8,73.7,47.4,,,
2026-09-17T22:35:00-06:00,2026-09-17 22:35:00,66.4,66.4,57.1,0,0,14.8,202,0,0.09,0.03,0.12,0.31,55.87,30.17,72,0,0,74.8,38,67.8,47,67.8,,,,,1,24.43,1,46.8,73.8,47.5,,,
2026-09-17T22:30:00-06:00,2026-09-17 22:30:00,66,66,56.3,0,0,14.8,225,0,0.09,0.03,0.12,0.31,55.87,30.17,71,0,0,74.8,38,67.8,47,67.8,,,,,1,24.43,1,46.8,73.8,47.5,,,
2026-09-17T22:25:00-06:00,2026-09-17 22:25:00,66.2,66.2,56.5,0,0,14.8,244,0,0.09,0.03,0.12,0.31,55.87,30.18,71,0,0,74.7,38,67.8,47,67.8,,,,,1,24.43,1,46.8,73.7,47.4,,,
2026-09-17T22:20:00-06:00,2026-09-17 22:20:00,66,66,56.7,5.6,5.8,14.8,74,0,0.09,0.03,0.12,0.31,55.87,30.17,72,0,0,74.7,38,67.8,47,67.8,,,,,1,24.43,1,46.8,73.7,47.4,,,
2026-09-17T22:15:00-06:00,2026-09-17 22:15:00,66.4,66.4,56.7,3.8,4.5,14.8,72,0,0.09,0.03,0.12,0.31,55.87,30.17,71,0,0,74.7,38,67.8,47,67.8,,,,,1,24.43,1,46.8,73.7,47.4,,,
2026-09-17T22:10:00-06:00,2026-09-17 22:10:00,66.6,66.6,56.5,0,0,14.8,214,0,0.09,0.03,0.12,0.31,55.87,30.17,70,0,0,74.8,38,67.8,47,67.8,,,,,1,24.43,1,46.8,73.8,47.5,,,
2026-09-17T22:05:00-06:00,2026-09-17 22:05:00,67.3,67.3,56.8,0,0,14.8,220,0,0.09,0.03,0.12,0.31,55.87,30.17,69,0,0,75,38,67.8,47,67.8,,,,,1,24.43,1,46.8,74,47.7,,,
2026-09-17T22:00:00-06:00,2026-09-17 22:00:00,67.5,67.5,55.3,1.1,2.2,14.8,121,0,0.09,0.03,0.12,0.31,55.87,30.17,65,0,0,75,38,67.8,47,67.8,,,,,1,24.43,1,46.8,74,47.7,,,
2026-09-17T21:55:00-06:00,2026-09-17 21:55:00,65.8,65.8,55.3,0,0,14.8,151,0,0.09,0.03,0.12,0.31,55.87,30.17,69,0,0,75,38,67.8,47,67.8,,,,,1,24.43,1,46.8,74,47.7,,,
2026-09-17T21:50:00-06:00,2026-09-17 21:50:00,66.2,66.2,56.1,0,0,14.8,221,0,0.09,0.03,0.12,0.31,55.87,30.18,70,0,0,75,39,67.8,47,67.8,,,,,1,24.43,1,46.8,74,48.3,,,
2026-09-17T21:45:00-06:00,2026-09-17 21:45:00,65.8,65.8,55.7,0,0,14.8,197,0,0.09,0.03,0.12,0.31,55.87,30.17,70,0,0,75,39,67.8,47,67.8,,,,,1,24.43,1,46.8,74,48.3,,,
2026-09-17T21:40:00-06:00,2026-09-17 21:40:00,65.8,65.8,56.1,0,0,14.8,214,0,0.09,0.03,0.12,0.31,55.87,30.18,71,0,0,74.8,39,67.8,47,67.8,,,,,1,24.43,1,46.8,73.8,48.2,,,
2026-09-17T21:35:00-06:00,2026-09-17 21:35:00,66.2,66.2,55.3,0,0,14.8,239,0,0.09,0.03,0.12,0.31,55.87,30.17,68,0,0,74.8,39,67.8,47,67.8,,,,,1,24.43,1,46.8,73.8,48.2,,,
2026-09-17T21:30:00-06:00,2026-09-17 21:30:00,66.7,66.7,55.4,0.9,1.1,14.8,239,0,0.09,0.03,0.12,0.31,55.87,30.17,67,0,0,75,39,67.8,47,67.8,,,,,1,24.43,1,46.8,74,48.3,,,
2026-09-17T21:25:00-06:00,2026-09-17 21:25:00,67.3,67.3,55.1,0,0,14.8,230,0,0.09,0.03,0.12,0.31,55.87,30.17,65,0,0,75,39,67.8,47,67.8,,,,,1,24.43,1,46.8,74,48.3,,,
2026-09-17T21:20:00-06:00,2026-09-17 21:20:00,68.2,67.7,55.1,0,0,14.8,226,0,0.09,0.03,0.12,0.31,55.87,30.17,63,0,0,75,39,67.8,47,67.8,,,,,1,24.42,1,46.8,74,48.3,,,
2026-09-17T21:15:00-06:00,2026-09-17 21:15:00,69.1,68.6,55.1,0,0,14.8,202,0,0.09,0.03,0.12,0.31,55.87,30.17,61,0,0,75,39,67.8,47,67.8,,,,,1,24.43,1,46.8,74,48.3,,,
2026-09-17T21:10:00-06:00,2026-09-17 21:10:00,69.8,69.2,54.3,0,0,14.8,211,0,0.09,0.03,0.12,0.31,55.87,30.16,58,0,0,75,39,67.8,47,67.8,,,,,1,24.42,1,46.8,74,48.3,,,
2026-09-17T21:05:00-06:00,2026-09-17 21:05:00,69.6,69,54.6,1.3,2.2,14.8,252,0,0.09,0.03,0.12,0.31,55.87,30.17,59,0,0,75,39,67.8,47,67.8,,,,,1,24.42,1,46.8,74,48.3,,,
2026-09-17T21:00:00-06:00,2026-09-17 21:00:00,69.8,69.2,54.3,2.5,4.5,14.8,237,0,0.09,0.03,0.12,0.31,55.87,30.17,58,0,0,75,39,67.8,47,67.8,,,,,1,24.43,1,46.8,74,48.3,,,
2026-09-17T20:55:00-06:00,2026-09-17 20:55:00,70.2,69.6,54.2,1.3,2.2,14.8,307,0,0.09,0.03,0.12,0.31,55.87,30.17,57,0,0,75,39,67.8,47,67.8,,,,,1,24.43,1,46.8,74,48.3,,,
2026-09-17T20:50:00-06:00,2026-09-17 20:50:00,69.8,69.2,54.3,0.5,1.1,14.8,239,0,0.09,0.03,0.12,0.31,55.87,30.17,58,0,0,75,39,67.8,47,67.8,,,,,1,24.43,1,46.8,74,48.3,,,
2026-09-17T20:45:00-06:00,2026-09-17 20:45:00,70,69.4,54.1,5.1,6.9,14.8,266,0,0.09,0.03,0.12,0.31,55.87,30.17,57,0,0,75.2,39,67.8,47,67.8,,,,,1,24.43,1,46.8,74.3,48.5,,,
2026-09-17T20:40:00-06:00,2026-09-17 20:40:00,69.8,69.2,54.3,4.3,5.8,14.8,295,0,0.09,0.03,0.12,0.31,55.87,30.18,58,0,0,75,39,67.8,47,67.8,,,,,1,24.43,1,46.8,74,48.3,,,
2026-09-17T20:35:00-06:00,2026-09-17 20:35:00,69.8,69.2,54.3,2.9,3.4,14.8,252,0,0.09,0.03,0.12,0.31,55.87,30.16,58,0,0,75.2,39,67.8,47,67.8,,,,,1,24.42,1,46.8,74.3,48.5,,,
2026-09-17T20:30:00-06:00,2026-09-17 20:30:00,69.1,68.5,54.6,0.9,1.1,14.8,265,0,0.09,0.03,0.12,0.31,55.87,30.16,60,0,0,75.2,39,68,47,68,,,,,1,24.42,1,47,74.3,48.5,,,
2026-09-17T20:25:00-06:00,2026-09-17 20:25:00,69.4,68.9,55.4,0,0,14.8,217,0,0.09,0.03,0.12,0.31,55.87,30.16,61,0,0,75.2,39,67.8,47,67.8,,,,,1,24.42,1,46.8,74.3,48.5,,,
2026-09-17T20:20:00-06:00,2026-09-17 20:20:00,69.6,69.1,55.1,0,0,14.8,230,0,0.09,0.03,0.12,0.31,55.87,30.16,60,0,0,75.2,39,67.8,47,67.8,,,,,1,24.41,1,46.8,74.3,48.5,,,
2026-09-17T20:15:00-06:00,2026-09-17 20:15:00,69.4,68.9,54.9,0.9,1.1,14.8,256,0,0.09,0.03,0.12,0.31,55.87,30.16,60,0,0,75.2,39,68,47,68,,,,,1,24.41,1,47,74.3,48.5,,,
2026-09-17T20:10:00-06:00,2026-09-17 20:10:00,69.4,68.9,54.9,0.7,1.1,14.8,233,0,0.09,0.03,0.12,0.31,55.87,30.16,60,0,0,75.2,39,68,47,68,,,,,1,24.42,1,47,74.3,48.5,,,
2026-09-17T20:05:00-06:00,2026-09-17 20:05:00,69.6,69.1,55.1,0,0,14.8,237,0,0.09,0.03,0.12,0.31,55.87,30.16,60,0,0,75.2,39,68,47,68,,,,,1,24.41,1,47,74.3,48.5,,,
2026-09-17T20:00:00-06:00,2026-09-17 20:00:00,69.8,69.3,55.3,2.2,3.4,14.8,311,0,0.09,0.03,0.12,0.31,55.87,30.16,60,0,0,75.2,39,68,47,68,,,,,1,24.41,1,47,74.3,48.5,,,
2026-09-17T19:55:00-06:00,2026-09-17 19:55:00,69.6,69.1,55.1,0.5,1.1,14.8,234,0,0.09,0.03,0.12,0.31,55.87,30.15,60,0,0,75.4,39,68,47,68,,,,,1,24.4,1,47,74.5,48.7,,,
2026-09-17T19:50:00-06:00,2026-09-17 19:50:00,69.8,69.3,55.3,3.8,5.8,14.8,274,0,0.09,0.03,0.12,0.31,55.87,30.15,60,0,0,75.4,39,68,47,68,,,,,1,24.41,1,47,74.5,48.7,,,
2026-09-17T19:45:00-06:00,2026-09-17 19:45:00,69.8,69.3,55.3,0.9,4.5,14.8,297,0,0.09,0.03,0.12,0.31,55.87,30.16,60,0,0,75.4,39,68,47,68,,,,,1,24.41,1,47,74.5,48.7,,,
2026-09-17T19:40:00-06:00,2026-09-17 19:40:00,69.6,69.2,56,2.7,4.5,14.8,226,0,0.09,0.03,0.12,0.31,55.87,30.15,62,0,0,75.4,39,68,47,68,,,,,1,24.41,1,47,74.5,48.7,,,
2026-09-17T19:35:00-06:00,2026-09-17 19:35:00,69.3,68.8,55.7,2.7,3.4,14.8,271,0,0.09,0.03,0.12,0.31,55.87,30.15,62,0,0,75.4,39,68,47,68,,,,,1,24.41,1,47,74.5,48.7,,,
2026-09-17T19:30:00-06:00,2026-09-17 19:30:00,68.2,67.8,56,1.3,3.4,14.8,231,0,0.09,0.03,0.12,0.31,55.87,30.15,65,0,0,75.4,39,68,47,68,,,,,1,24.41,1,47,74.5,48.7,,,
2026-09-17T19:25:00-06:00,2026-09-17 19:25:00,66.4,66.4,57.9,0.9,1.1,14.8,269,0,0.09,0.03,0.12,0.31,55.87,30.15,74,0,0.1,75.4,39,68,47,68,,,,,1,24.41,1,47,74.5,48.7,,,
2026-09-17T19:20:00-06:00,2026-09-17 19:20:00,66.6,66.6,58.4,0,0,14.8,234,0,0.09,0.03,0.12,0.31,55.87,30.15,75,0,0.3,75.4,39,68,47,68,,,,,1,24.4,1,47,74.5,48.7,,,
2026-09-17T19:15:00-06:00,2026-09-17 19:15:00,66,66,58.2,0.5,1.1,14.8,244,0,0.09,0.03,0.12,0.31,55.87,30.15,76,0,0.6,75.4,39,68,47,68,,,,,1,24.41,1,47,74.5,48.7,,,
2026-09-17T19:10:00-06:00,2026-09-17 19:10:00,66.2,66.2,58.4,0.2,1.1,14.8,261,0,0.09,0.03,0.12,0.31,55.87,30.16,76,0,1.5,75.6,39,68,47,68,,,,,1,24.41,1,47,74.7,48.9,,,
2026-09-17T19:05:00-06:00,2026-09-17 19:05:00,67.1,67.1,58.9,0.5,1.1,14.8,234,0,0.09,0.03,0.12,0.31,55.87,30.15,75,0,2.5,75.6,39,68,47,68,,,,,1,24.4,1,47,74.7,48.9,,,
2026-09-17T19:00:00-06:00,2026-09-17 19:00:00,67.5,67.5,58.9,0,0,14.8,255,0,0.09,0.03,0.12,0.31,55.87,30.15,74,0,3.8,75.6,39,68,47,68,,,,,1,24.41,1,47,74.7,48.9,,,
2026-09-17T18:55:00-06:00,2026-09-17 18:55:00,68,68,59,0,0,14.8,230,0,0.09,0.03,0.12,0.31,55.87,30.15,73,0,5.5,75.6,39,68,47,68,,,,,1,24.4,1,47,74.7,48.9,,,
2026-09-17T18:50:00-06:00,2026-09-17 18:50:00,67.6,67.6,59,0,0,14.8,237,0,0.09,0.03,0.12,0.31,55.87,30.15,74,0,6.9,75.6,39,68,48,68,,,,,1,24.41,1,47.6,74.7,48.9,,,
2026-09-17T18:45:00-06:00,2026-09-17 18:45:00,67.6,67.6,59.4,0,0,14.8,234,0,0.09,0.03,0.12,0.31,55.87,30.15,75,0,9.2,75.6,38,68,48,68,,,,,1,24.4,1,47.6,74.6,48.2,,,
2026-09-17T18:40:00-06:00,2026-09-17 18:40:00,67.8,67.8,58.8,0,0,14.8,222,0,0.09,0.03,0.12,0.31,55.87,30.14,73,0,8,75.6,38,68,48,68,,,,,1,24.4,1,47.6,74.6,48.2,,,
2026-09-17T18:35:00-06:00,2026-09-17 18:35:00,68,68,59,0,0,14.8,220,0,0.09,0.03,0.12,0.31,55.87,30.14,73,0,9.8,75.6,37,68,48,68,,,,,1,24.4,1,47.6,74.6,47.5,,,
2026-09-17T18:30:00-06:00,2026-09-17 18:30:00,68.5,68.5,59.9,0,0,14.8,204,0,0.09,0.03,0.12,0.31,55.87,30.14,74,0,11.7,75.6,37,68,48,68,,,,,1,24.4,1,47.6,74.6,47.5,,,
2026-09-17T18:25:00-06:00,2026-09-17 18:25:00,68.9,68.8,59.1,0,0,14.8,239,0,0.09,0.03,0.12,0.31,55.87,30.14,71,0,16.3,75.6,37,68,48,68,,,,,1,24.4,1,47.6,74.6,47.5,,,
2026-09-17T18:20:00-06:00,2026-09-17 18:20:00,69.3,69.3,59.9,0,0,14.8,225,0,0.09,0.03,0.12,0.31,55.87,30.14,72,0,18.7,75.4,37,68,48,68,,,,,1,24.4,1,47.6,74.4,47.3,,,
2026-09-17T18:15:00-06:00,2026-09-17 18:15:00,69.6,69.6,59.8,0,0,14.8,234,0,0.09,0.03,0.12,0.31,55.87,30.14,71,0,18,75.4,37,67.8,48,67.8,,,,,1,24.4,1,47.4,74.4,47.3,,,
2026-09-17T18:10:00-06:00,2026-09-17 18:10:00,70.2,70.2,59.9,0,0,14.8,233,0,0.09,0.03,0.12,0.31,55.87,30.14,70,0,21.9,75.6,37,67.8,48,67.8,,,,,1,24.39,1,47.4,74.6,47.5,,,
2026-09-17T18:05:00-06:00,2026-09-17 18:05:00,70,69.8,58.1,0.2,1.1,14.8,270,0,0.09,0.03,0.12,0.31,55.87,30.14,66,0,29.9,75.4,36,67.8,48,67.8,,,,,1,24.4,1,47.4,74.3,46.6,,,
2026-09-17T18:00:00-06:00,2026-09-17 18:00:00,70.5,70.7,61.8,0,0,14.8,169,0,0.09,0.03,0.12,0.31,55.87,30.14,74,0,33.8,75.4,36,67.8,48,67.8,,,,,1,24.39,1,47.4,74.3,46.6,,,
2026-09-17T17:55:00-06:00,2026-09-17 17:55:00,70.7,70.8,60.4,0.2,1.1,14.8,317,0,0.09,0.03,0.12,0.31,55.87,30.14,70,0,45.7,75.4,36,67.8,49,67.8,,,,,1,24.39,1,47.9,74.3,46.6,,,
2026-09-17T17:50:00-06:00,2026-09-17 17:50:00,70.5,70.5,60.2,1.6,2.2,14.8,136,0,0.09,0.03,0.12,0.31,55.87,30.14,70,0,78.8,75.4,36,67.8,49,67.8,,,,,1,24.4,1,47.9,74.3,46.6,,,
2026-09-17T17:45:00-06:00,2026-09-17 17:45:00,71.1,71.2,60.4,0,0,14.8,221,0,0.09,0.03,0.12,0.31,55.87,30.14,69,0,59.6,75.4,36,67.6,49,67.6,,,,,1,24.4,1,47.8,74.3,46.6,,,
2026-09-17T17:40:00-06:00,2026-09-17 17:40:00,71.2,71.4,61.7,0,0,14.8,220,0,0.09,0.03,0.12,0.31,55.87,30.14,72,0,60.4,75.4,35,67.6,49,67.6,,,,,1,24.4,1,47.8,74.3,45.8,,,
2026-09-17T17:35:00-06:00,2026-09-17 17:35:00,71.6,71.7,60.9,0.5,1.1,14.8,147,0,0.09,0.03,0.12,0.31,55.87,30.14,69,0,78.6,75.4,35,67.6,49,67.6,,,,,1,24.4,1,47.8,74.3,45.8,,,
2026-09-17T17:30:00-06:00,2026-09-17 17:30:00,72.9,73,60.9,1.1,1.1,14.8,170,0,0.09,0.03,0.12,0.31,55.87,30.14,66,0,98.6,75.4,35,67.6,49,67.6,,,,,1,24.4,1,47.8,74.3,45.8,,,
2026-09-17T17:25:00-06:00,2026-09-17 17:25:00,72.9,72.7,58.2,0,0,14.8,199,0,0.09,0.03,0.12,0.31,55.87,30.14,60,1,171.7,75.4,35,67.6,50,67.6,,,,,1,24.4,1,48.3,74.3,45.8,,,
2026-09-17T17:20:00-06:00,2026-09-17 17:20:00,71.1,70.9,57.9,1.8,3.4,14.8,223,0,0.09,0.03,0.12,0.31,55.87,30.14,63,1,153.7,75.2,36,67.5,50,67.5,,,,,1,24.4,1,48.2,74.1,46.4,,,
2026-09-17T17:15:00-06:00,2026-09-17 17:15:00,69.6,69.5,58.6,0.2,1.1,14.8,225,0,0.09,0.03,0.12,0.31,55.87,30.15,68,0,59.8,74.8,36,67.5,50,67.5,,,,,1,24.4,1,48.2,73.7,46,,,
2026-09-17T17:10:00-06:00,2026-09-17 17:10:00,69.4,69.2,58.4,0,0,14.8,230,0,0.09,0.03,0.12,0.31,55.87,30.14,68,0,46.7,75,36,67.3,50,67.3,,,,,1,24.4,1,48,73.9,46.2,,,
2026-09-17T17:05:00-06:00,2026-09-17 17:05:00,69.1,68.9,58.1,0.7,2.2,14.8,227,0,0.09,0.03,0.12,0.31,55.87,30.14,68,0,69.2,75,36,67.3,49,67.3,,,,,1,24.4,1,47.5,73.9,46.2,,,
2026-09-17T17:00:00-06:00,2026-09-17 17:00:00,68.9,68.7,58.3,3.4,5.8,14.8,311,0,0.09,0.03,0.12,0.31,55.87,30.14,69,0,95.7,75,36,67.3,49,67.3,,,,,1,24.39,1,47.5,73.9,46.2,,,
2026-09-17T16:55:00-06:00,2026-09-17 16:55:00,68,68,58.6,0,0,14.8,283,0,0.09,0.03,0.12,0.31,55.87,30.14,72,0,74,75,36,67.1,48,67.1,,,,,1,24.4,1,46.7,73.9,46.2,,,
2026-09-17T16:50:00-06:00,2026-09-17 16:50:00,68.2,68.1,58.8,2.5,3.4,14.8,247,0.07,0.09,0.03,0.12,0.31,55.87,30.14,72,0,70.5,75,36,67.1,48,67.1,,,,,1,24.4,1,46.7,73.9,46.2,,,
2026-09-17T16:45:00-06:00,2026-09-17 16:45:00,69.4,69.7,61.9,0.5,1.1,14.8,257,0.07,0.09,0.03,0.12,0.31,55.87,30.15,77,0,54.7,75,36,67.1,47,67.1,,,,,1,24.4,1,46.2,73.9,46.2,,,
2026-09-17T16:40:00-06:00,2026-09-17 16:40:00,70.9,71.1,61.8,0,0,14.8,231,0,0.08,0.02,0.11,0.3,55.86,30.15,73,0,43.2,75,36,66.9,47,66.9,,,,,1,24.41,1,46,73.9,46.2,,,
2026-09-17T16:35:00-06:00,2026-09-17 16:35:00,70.9,71,60.6,0,0,14.8,226,0,0.08,0.02,0.11,0.3,55.86,30.14,70,0,35.6,75,36,66.9,46,66.9,,,,,1,24.4,1,45.4,73.9,46.2,,,
2026-09-17T16:30:00-06:00,2026-09-17 16:30:00,71.2,71.3,60.9,0,0,14.8,218,0,0.08,0.02,0.11,0.3,55.86,30.14,70,0,40.9,75.2,36,66.9,46,66.9,,,,,1,24.4,1,45.4,74.1,46.4,,,
2026-09-17T16:25:00-06:00,2026-09-17 16:25:00,71.6,71.8,61.7,0,0,14.8,222,0,0.08,0.02,0.11,0.3,55.86,30.14,71,0,41.9,75.2,36,66.7,46,66.7,,,,,1,24.4,1,45.3,74.1,46.4,,,
2026-09-17T16:20:00-06:00,2026-09-17 16:20:00,71.8,71.9,61.1,0,0,14.8,218,0,0.08,0.02,0.11,0.3,55.86,30.14,69,0,45.6,75.2,36,66.7,46,66.7,,,,,1,24.39,1,45.3,74.1,46.4,,,
2026-09-17T16:15:00-06:00,2026-09-17 16:15:00,72,72,59.6,0,0,14.8,233,0,0.08,0.02,0.11,0.3,55.86,30.14,65,0,50,75.2,36,66.7,46,66.7,,,,,1,24.4,1,45.3,74.1,46.4,,,
2026-09-17T16:10:00-06:00,2026-09-17 16:10:00,72.3,72.3,59.9,0,0,14.8,224,0,0.08,0.02,0.11,0.3,55.86,30.15,65,0,57.5,75.4,36,66.7,46,66.7,,,,,1,24.4,1,45.3,74.3,46.6,,,
2026-09-17T16:05:00-06:00,2026-09-17 16:05:00,73,73,59.6,0,0,14.8,228,0,0.08,0.02,0.11,0.3,55.86,30.14,63,0,75.2,75.2,36,66.7,46,66.7,,,,,1,24.39,1,45.3,74.1,46.4,,,
2026-09-17T16:00:00-06:00,2026-09-17 16:00:00,73.4,73.4,60,0,0,14.8,226,0,0.08,0.02,0.11,0.3,55.86,30.13,63,0,98.3,75.2,36,66.7,46,66.7,,,,,1,24.39,1,45.3,74.1,46.4,,,
2026-09-17T15:55:00-06:00,2026-09-17 15:55:00,73,73,59.6,0,0,14.8,222,0,0.08,0.02,0.11,0.3,55.86,30.14,63,1,114.1,75.2,36,66.7,46,66.7,,,,,1,24.39,1,45.3,74.1,46.4,,,
2026-09-17T15:50:00-06:00,2026-09-17 15:50:00,72.9,72.7,57.7,1.8,2.2,14.8,135,0,0.08,0.02,0.11,0.3,55.86,30.14,59,0,96.3,75.2,36,66.7,45,66.7,,,,,1,24.39,1,44.7,74.1,46.4,,,
2026-09-17T15:45:00-06:00,2026-09-17 15:45:00,72.9,72.6,57.2,4.9,5.8,14.8,75,0,0.08,0.02,0.11,0.3,55.86,30.14,58,0,92,75.2,36,66.7,45,66.7,,,,,1,24.39,1,44.7,74.1,46.4,,,
2026-09-17T15:40:00-06:00,2026-09-17 15:40:00,72.7,72.6,58.9,1.3,2.2,14.8,128,0,0.08,0.02,0.11,0.3,55.86,30.14,62,1,127.5,75.2,36,66.7,46,66.7,,,,,1,24.39,1,45.3,74.1,46.4,,,
2026-09-17T15:35:00-06:00,2026-09-17 15:35:00,73,72.8,58.3,1.3,2.2,14.8,145,0,0.08,0.02,0.11,0.3,55.86,30.14,60,1,164.1,75.2,36,66.7,46,66.7,,,,,1,24.39,1,45.3,74.1,46.4,,,
2026-09-17T15:30:00-06:00,2026-09-17 15:30:00,72.9,72.8,59.1,1.3,2.2,14.8,199,0,0.08,0.02,0.11,0.3,55.86,30.13,62,2,217.8,75.2,36,66.7,45,66.7,,,,,1,24.39,1,44.7,74.1,46.4,,,
2026-09-17T15:25:00-06:00,2026-09-17 15:25:00,73,72.9,58.7,2,2.2,14.8,141,0,0.08,0.02,0.11,0.3,55.86,30.13,61,1,198.8,75.2,36,66.7,45,66.7,,,,,1,24.39,1,44.7,74.1,46.4,,,
2026-09-17T15:20:00-06:00,2026-09-17 15:20:00,72.5,72.4,59.2,2.2,2.2,14.8,149,0,0.08,0.02,0.11,0.3,55.86,30.13,63,2,230.9,75,36,66.7,45,66.7,,,,,1,24.39,1,44.7,73.9,46.2,,,
2026-09-17T15:15:00-06:00,2026-09-17 15:15:00,72.3,72.2,59,0,0,14.8,214,0,0.08,0.02,0.11,0.3,55.86,30.14,63,1,204.3,75,36,66.7,45,66.7,,,,,1,24.39,1,44.7,73.9,46.2,,,
2026-09-17T15:10:00-06:00,2026-09-17 15:10:00,71.4,71.2,58.6,2.2,2.2,14.8,106,0,0.08,0.02,0.11,0.3,55.86,30.14,64,2,213.3,74.8,36,66.7,45,66.7,,,,,1,24.39,1,44.7,73.7,46,,,
2026-09-17T15:05:00-06:00,2026-09-17 15:05:00,72,72,59.6,3.4,4.5,14.8,149,0,0.08,0.02,0.11,0.3,55.86,30.14,65,2,250.8,74.8,36,66.7,45,66.7,,,,,1,24.39,1,44.7,73.7,46,,,
2026-09-17T15:00:00-06:00,2026-09-17 15:00:00,71.2,71.1,59.2,2.5,3.4,14.8,115,0,0.08,0.02,0.11,0.3,55.86,30.14,66,2,214.6,74.7,36,66.6,45,66.6,,,,,1,24.4,1,44.6,73.6,46,,,
2026-09-17T14:55:00-06:00,2026-09-17 14:55:00,70.5,70.4,58.6,0.9,1.1,14.8,171,0,0.08,0.02,0.11,0.3,55.86,30.15,66,2,225.1,74.7,36,66.6,46,66.6,,,,,1,24.41,1,45.2,73.6,46,,,
2026-09-17T14:50:00-06:00,2026-09-17 14:50:00,70.2,70.1,59.1,0.2,1.1,14.8,195,0,0.08,0.02,0.11,0.3,55.86,30.15,68,1,174.1,74.5,36,66.7,45,66.7,,,,,1,24.41,1,44.7,73.3,45.8,,,
2026-09-17T14:45:00-06:00,2026-09-17 14:45:00,70.3,70.2,59.2,1.8,2.2,14.8,188,0,0.08,0.02,0.11,0.3,55.86,30.15,68,2,213.8,74.5,36,66.6,45,66.6,,,,,1,24.41,1,44.6,73.3,45.8,,,
2026-09-17T14:40:00-06:00,2026-09-17 14:40:00,70.2,70.1,59.1,2.5,4.5,14.8,169,0,0.08,0.02,0.11,0.3,55.86,30.15,68,3,407.3,74.5,36,66.6,45,66.6,,,,,1,24.41,1,44.6,73.3,45.8,,,
2026-09-17T14:35:00-06:00,2026-09-17 14:35:00,70.3,70.3,59.6,0.2,1.1,14.8,170,0,0.08,0.02,0.11,0.3,55.86,30.15,69,2,210.9,74.3,36,66.7,45,66.7,,,,,1,24.41,1,44.7,73.1,45.6,,,
2026-09-17T14:30:00-06:00,2026-09-17 14:30:00,70.9,71,60.6,0.9,1.1,14.8,182,0,0.08,0.02,0.11,0.3,55.86,30.16,70,2,231,74.3,36,66.6,45,66.6,,,,,1,24.41,1,44.6,73.1,45.6,,,
2026-09-17T14:25:00-06:00,2026-09-17 14:25:00,70.7,70.6,59.2,0,0,14.8,217,0,0.08,0.02,0.11,0.3,55.86,30.16,67,2,265,74.1,36,66.6,45,66.6,,,,,1,24.41,1,44.6,72.9,45.4,,,
2026-09-17T14:20:00-06:00,2026-09-17 14:20:00,69.8,69.7,58.8,0,0,14.8,210,0,0.08,0.02,0.11,0.3,55.86,30.16,68,2,283.4,74.1,36,66.6,45,66.6,,,,,1,24.42,1,44.6,72.9,45.4,,,
2026-09-17T14:15:00-06:00,2026-09-17 14:15:00,69.1,68.9,58.1,1.3,2.2,14.8,165,0,0.08,0.02,0.11,0.3,55.86,30.16,68,2,289.9,73.9,36,66.6,45,66.6,,,,,1,24.41,1,44.6,72.7,45.2,,,
2026-09-17T14:10:00-06:00,2026-09-17 14:10:00,69.3,69.2,58.7,0,0,14.8,214,0,0.08,0.02,0.11,0.3,55.86,30.16,69,2,260.5,73.9,36,66.6,45,66.6,,,,,1,24.41,1,44.6,72.7,45.2,,,
2026-09-17T14:05:00-06:00,2026-09-17 14:05:00,68.4,68.2,58.2,0,0,14.8,220,0,0.08,0.02,0.11,0.3,55.86,30.16,70,2,272.5,73.9,36,66.6,45,66.6,,,,,1,24.42,1,44.6,72.7,45.2,,,
2026-09-17T14:00:00-06:00,2026-09-17 14:00:00,67.5,67.5,57.4,0.9,1.1,14.8,154,0,0.08,0.02,0.11,0.3,55.86,30.17,70,2,224.5,73.8,36,66.6,45,66.6,,,,,1,24.42,1,44.6,72.6,45.2,,,
2026-09-17T13:55:00-06:00,2026-09-17 13:55:00,67.3,67.3,57.2,0,0,14.8,197,0,0.08,0.02,0.11,0.3,55.86,30.16,70,1,204.9,73.8,36,66.6,45,66.6,,,,,1,24.42,1,44.6,72.6,45.2,,,
2026-09-17T13:50:00-06:00,2026-09-17 13:50:00,67.5,67.5,57.8,0.2,1.1,14.8,206,0,0.08,0.02,0.11,0.3,55.86,30.17,71,2,267.1,73.8,37,66.6,45,66.6,,,,,1,24.42,1,44.6,72.6,45.9,,,
2026-09-17T13:45:00-06:00,2026-09-17 13:45:00,67.5,67.5,58.5,1.3,2.2,14.8,199,0,0.08,0.02,0.11,0.3,55.86,30.17,73,2,224.7,73.8,36,66.6,45,66.6,,,,,1,24.42,1,44.6,72.6,45.2,,,
2026-09-17T13:40:00-06:00,2026-09-17 13:40:00,66.9,66.9,59.1,0.2,1.1,14.8,169,0,0.08,0.02,0.11,0.3,55.86,30.17,76,1,189.8,73.6,36,66.6,45,66.6,,,,,1,24.43,1,44.6,72.4,45,,,
2026-09-17T13:35:00-06:00,2026-09-17 13:35:00,66.7,66.7,58.9,0,0,14.8,196,0,0.08,0.02,0.11,0.3,55.86,30.17,76,1,196.6,73.6,37,66.6,45,66.6,,,,,1,24.43,1,44.6,72.4,45.7,,,
2026-09-17T13:30:00-06:00,2026-09-17 13:30:00,66.7,66.7,58.9,0,0,14.8,207,0,0.08,0.02,0.11,0.3,55.86,30.17,76,2,237.1,73.6,37,66.6,45,66.6,,,,,1,24.43,1,44.6,72.4,45.7,,,
2026-09-17T13:25:00-06:00,2026-09-17 13:25:00,66.2,66.2,59.1,0,0,14.8,212,0,0.08,0.02,0.11,0.3,55.86,30.17,78,2,237.3,73.6,37,66.6,45,66.6,,,,,1,24.43,1,44.6,72.4,45.7,,,
2026-09-17T13:20:00-06:00,2026-09-17 13:20:00,65.8,65.8,58.7,0.9,2.2,14.8,184,0,0.08,0.02,0.11,0.3,55.86,30.18,78,2,245.3,73.6,37,66.6,45,66.6,,,,,1,24.43,1,44.6,72.4,45.7,,,
2026-09-17T13:15:00-06:00,2026-09-17 13:15:00,65.7,65.7,58.6,1.8,2.2,14.8,151,0,0.08,0.02,0.11,0.3,55.86,30.17,78,2,243.6,73.6,37,66.6,45,66.6,,,,,1,24.43,1,44.6,72.4,45.7,,,
2026-09-17T13:10:00-06:00,2026-09-17 13:10:00,65.1,65.1,58.4,1.6,2.2,14.8,186,0,0.08,0.02,0.11,0.3,55.86,30.18,79,2,260.7,73.6,37,66.6,45,66.6,,,,,1,24.43,1,44.6,72.4,45.7,,,
2026-09-17T13:05:00-06:00,2026-09-17 13:05:00,65.1,65.1,58.8,2.2,2.2,14.8,104,0,0.08,0.02,0.11,0.3,55.86,30.17,80,1,197.1,73.6,37,66.6,45,66.6,,,,,1,24.43,1,44.6,72.4,45.7,,,
2026-09-17T13:00:00-06:00,2026-09-17 13:00:00,64.8,64.8,58.8,0,0,14.8,221,0,0.08,0.02,0.11,0.3,55.86,30.17,81,1,147.1,73.6,37,66.6,45,66.6,,,,,1,24.43,1,44.6,72.4,45.7,,,
2026-09-17T12:55:00-06:00,2026-09-17 12:55:00,64.6,64.6,59.3,0,0,14.8,214,0,0.08,0.02,0.11,0.3,55.86,30.18,83,1,132.6,73.4,37,66.6,45,66.6,,,,,1,24.43,1,44.6,72.2,45.5,,,
2026-09-17T12:50:00-06:00,2026-09-17 12:50:00,64.8,64.8,59.5,1.1,1.1,14.8,193,0,0.08,0.02,0.11,0.3,55.86,30.18,83,1,138.4,73.4,37,66.6,45,66.6,,,,,1,24.44,1,44.6,72.2,45.5,,,
2026-09-17T12:45:00-06:00,2026-09-17 12:45:00,64.8,64.8,59.5,0.7,1.1,14.8,147,0,0.08,0.02,0.11,0.3,55.86,30.18,83,1,138.3,73.4,37,66.6,45,66.6,,,,,1,24.44,1,44.6,72.2,45.5,,,
2026-09-17T12:40:00-06:00,2026-09-17 12:40:00,64.8,64.8,59.2,2.2,2.2,14.8,151,0.05,0.08,0.02,0.11,0.3,55.86,30.18,82,1,141.6,73.4,37,66.6,45,66.6,,,,,1,24.44,1,44.6,72.2,45.5,,,
2026-09-17T12:35:00-06:00,2026-09-17 12:35:00,65.1,65.1,59.8,0,0,14.8,218,0.05,0.08,0.02,0.11,0.3,55.86,30.19,83,1,146.7,73.4,37,66.4,45,66.4,,,,,1,24.44,1,44.4,72.2,45.5,,,
2026-09-17T12:30:00-06:00,2026-09-17 12:30:00,64.9,64.9,59.6,0,0,14.8,215,0,0.07,0.01,0.1,0.29,55.85,30.18,83,1,117.3,73.2,37,66.4,45,66.4,,,,,1,24.44,1,44.4,72,45.4,,,
2026-09-17T12:25:00-06:00,2026-09-17 12:25:00,64.8,64.8,59.5,0,0,14.8,221,0,0.07,0.01,0.1,0.29,55.85,30.19,83,0,99.7,73.2,37,66.6,45,66.6,,,,,1,24.45,1,44.6,72,45.4,,,
2026-09-17T12:20:00-06:00,2026-09-17 12:20:00,64.6,64.6,59.3,1.3,2.2,14.8,152,0,0.07,0.01,0.1,0.29,55.85,30.19,83,1,116.8,73,37,66.4,45,66.4,,,,,1,24.44,1,44.4,71.7,45.2,,,
2026-09-17T12:15:00-06:00,2026-09-17 12:15:00,64.8,64.8,60.2,0,0,14.8,213,0,0.07,0.01,0.1,0.29,55.85,30.2,85,1,119.4,73,36,66.6,45,66.6,,,,,1,24.45,1,44.6,71.7,44.5,,,
2026-09-17T12:10:00-06:00,2026-09-17 12:10:00,64.9,64.9,59.9,0,0,14.8,199,0,0.07,0.01,0.1,0.29,55.85,30.19,84,1,117.8,73,36,66.6,45,66.6,,,,,1,24.45,1,44.6,71.7,44.5,,,
2026-09-17T12:05:00-06:00,2026-09-17 12:05:00,65.1,65.1,60.1,0,0,14.8,190,0,0.07,0.01,0.1,0.29,55.85,30.19,84,1,114.8,73,36,66.4,45,66.4,,,,,1,24.45,1,44.4,71.7,44.5,,,
2026-09-17T12:00:00-06:00,2026-09-17 12:00:00,65.1,65.1,60.5,0,0,14.8,198,0,0.07,0.01,0.1,0.29,55.85,30.19,85,1,123.1,73,36,66.4,45,66.4,,,,,1,24.45,1,44.4,71.7,44.5,,,
2026-09-17T11:55:00-06:00,2026-09-17 11:55:00,64.9,64.9,60.3,0,0,14.8,212,0,0.07,0.01,0.1,0.29,55.85,30.2,85,1,115.3,73,36,66.4,45,66.4,,,,,1,24.45,1,44.4,71.7,44.5,,,
2026-09-17T11:50:00-06:00,2026-09-17 11:50:00,64.8,64.8,59.8,0,0,14.8,215,0,0.07,0.01,0.1,0.29,55.85,30.2,84,1,127.2,73,36,66.4,45,66.4,,,,,1,24.46,1,44.4,71.7,44.5,,,
2026-09-17T11:45:00-06:00,2026-09-17 11:45:00,64.9,64.9,59.6,0.2,1.1,14.8,169,0,0.07,0.01,0.1,0.29,55.85,30.21,83,1,128.5,73,36,66.4,45,66.4,,,,,1,24.47,1,44.4,71.7,44.5,,,
2026-09-17T11:40:00-06:00,2026-09-17 11:40:00,65.1,65.1,60.1,0,0,14.8,220,0,0.07,0.01,0.1,0.29,55.85,30.21,84,1,143,73,37,66.4,45,66.4,,,,,1,24.47,1,44.4,71.7,45.2,,,
2026-09-17T11:35:00-06:00,2026-09-17 11:35:00,64.9,64.9,59.3,0,0,14.8,219,0,0.07,0.01,0.1,0.29,55.85,30.2,82,0,100.9,73,37,66.4,45,66.4,,,,,1,24.46,1,44.4,71.7,45.2,,,
2026-09-17T11:30:00-06:00,2026-09-17 11:30:00,64.8,64.8,58.5,0.2,1.1,14.8,167,0,0.07,0.01,0.1,0.29,55.85,30.21,80,1,106.3,73,37,66.4,45,66.4,,,,,1,24.47,1,44.4,71.7,45.2,,,
2026-09-17T11:25:00-06:00,2026-09-17 11:25:00,64.9,64.9,58.6,0.7,1.1,14.8,237,0,0.07,0.01,0.1,0.29,55.85,30.21,80,1,107.8,73,37,66.4,45,66.4,,,,,1,24.47,1,44.4,71.7,45.2,,,
2026-09-17T11:20:00-06:00,2026-09-17 11:20:00,64.9,64.9,59.3,0,0,14.8,211,0,0.07,0.01,0.1,0.29,55.85,30.21,82,1,125.6,73,37,66.4,45,66.4,,,,,1,24.47,1,44.4,71.7,45.2,,,
2026-09-17T11:15:00-06:00,2026-09-17 11:15:00,65.1,65.1,59.5,0,0,14.8,193,0.07,0.07,0.01,0.1,0.29,55.85,30.21,82,1,129.1,73,37,66.4,45,66.4,,,,,1,24.47,1,44.4,71.7,45.2,,,
2026-09-17T11:10:00-06:00,2026-09-17 11:10:00,64.8,64.8,57.4,2.2,3.4,14.8,262,0.07,0.07,0.01,0.1,0.29,55.85,30.21,77,0,97.8,73,37,66.4,45,66.4,,,,,1,24.47,1,44.4,71.7,45.2,,,
2026-09-17T11:05:00-06:00,2026-09-17 11:05:00,64.8,64.8,58.8,0,0,14.8,221,0,0.06,0,0.09,0.28,55.84,30.21,81,0,83.4,73,37,66.4,45,66.4,,,,,1,24.47,1,44.4,71.7,45.2,,,
2026-09-17T11:00:00-06:00,2026-09-17 11:00:00,65.7,65.7,60,0,0,14.8,221,0,0.06,0,0.09,0.28,55.84,30.22,82,0,85.4,73.2,37,66.4,45,66.4,,,,,1,24.47,1,44.4,72,45.4,,,
2026-09-17T10:55:00-06:00,2026-09-17 10:55:00,65.8,65.8,58.7,0,0,14.8,213,0,0.06,0,0.09,0.28,55.84,30.21,78,0,76.1,73.2,37,66.4,45,66.4,,,,,1,24.47,1,44.4,72,45.4,,,
2026-09-17T10:50:00-06:00,2026-09-17 10:50:00,66,66,58.6,0,0,14.8,218,0,0.06,0,0.09,0.28,55.84,30.22,77,0,66.8,73.2,37,66.4,45,66.4,,,,,1,24.48,1,44.4,72,45.4,,,
2026-09-17T10:45:00-06:00,2026-09-17 10:45:00,66,66,58.2,0,0,14.8,215,0,0.06,0,0.09,0.28,55.84,30.22,76,0,73.6,73,37,66.4,45,66.4,,,,,1,24.47,1,44.4,71.7,45.2,,,
2026-09-17T10:40:00-06:00,2026-09-17 10:40:00,66,66,57.5,0,0,14.8,210,0,0.06,0,0.09,0.28,55.84,30.22,74,0,80.3,73,37,66.4,45,66.4,,,,,1,24.48,1,44.4,71.7,45.2,,,
2026-09-17T10:35:00-06:00,2026-09-17 10:35:00,66.6,66.6,58.4,0,0,14.8,194,0,0.06,0,0.09,0.28,55.84,30.22,75,0,92.1,73,37,66.4,45,66.4,,,,,1,24.48,1,44.4,71.7,45.2,,,
2026-09-17T10:30:00-06:00,2026-09-17 10:30:00,66.6,66.6,58.4,0,0,14.8,195,0,0.06,0,0.09,0.28,55.84,30.22,75,1,110.4,73,37,66.4,45,66.4,,,,,1,24.48,1,44.4,71.7,45.2,,,
2026-09-17T10:25:00-06:00,2026-09-17 10:25:00,66.7,66.7,58.1,0,0,14.8,210,0,0.06,0,0.09,0.28,55.84,30.23,74,1,126,73,37,66.4,45,66.4,,,,,1,24.48,1,44.4,71.7,45.2,,,
2026-09-17T10:20:00-06:00,2026-09-17 10:20:00,66.2,66.2,57.7,0,0,14.8,220,0,0.06,0,0.09,0.28,55.84,30.22,74,1,143.1,73,37,66.4,45,66.4,,,,,1,24.48,1,44.4,71.7,45.2,,,
2026-09-17T10:15:00-06:00,2026-09-17 10:15:00,66,66,57.5,0,0,14.8,200,0,0.06,0,0.09,0.28,55.84,30.22,74,1,146.1,72.9,37,66.4,45,66.4,,,,,1,24.48,1,44.4,71.6,45.1,,,
2026-09-17T10:10:00-06:00,2026-09-17 10:10:00,66.2,66.2,57.7,0,0,14.8,192,0,0.06,0,0.09,0.28,55.84,30.22,74,1,141.1,72.9,37,66.4,45,66.4,,,,,1,24.47,1,44.4,71.6,45.1,,,
2026-09-17T10:05:00-06:00,2026-09-17 10:05:00,66,66,57.1,0,0,14.8,216,0,0.06,0,0.09,0.28,55.84,30.22,73,1,136,72.9,37,66.4,45,66.4,,,,,1,24.48,1,44.4,71.6,45.1,,,
2026-09-17T10:00:00-06:00,2026-09-17 10:00:00,66,66,57.5,0,0,14.8,221,0,0.06,0,0.09,0.28,55.84,30.22,74,1,149.7,72.7,36,66.2,45,66.2,,,,,1,24.48,1,44.2,71.4,44.2,,,
2026-09-17T09:55:00-06:00,2026-09-17 09:55:00,65.8,65.8,57.3,0,0,14.8,214,0,0.06,0,0.09,0.28,55.84,30.22,74,1,171.3,72.7,36,66.2,45,66.2,,,,,1,24.48,1,44.2,71.4,44.2,,,
2026-09-17T09:50:00-06:00,2026-09-17 09:50:00,65.7,65.7,57.6,0,0,14.8,222,0,0.06,0,0.09,0.28,55.84,30.22,75,1,175.1,72.7,35,66.2,45,66.2,,,,,1,24.48,1,44.2,71.3,43.5,,,
2026-09-17T09:45:00-06:00,2026-09-17 09:45:00,65.5,65.5,56.2,0,0,14.8,215,0,0.06,0,0.09,0.28,55.84,30.23,72,1,161.4,72.5,35,66.2,45,66.2,,,,,1,24.48,1,44.2,71.1,43.3,,,
2026-09-17T09:40:00-06:00,2026-09-17 09:40:00,65.3,65.3,56,0,0,14.8,221,0,0.06,0,0.09,0.28,55.84,30.23,72,1,128.5,72.3,35,66.2,45,66.2,,,,,1,24.48,1,44.2,70.9,43.1,,,
2026-09-17T09:35:00-06:00,2026-09-17 09:35:00,64.9,64.9,55.7,0,0,14.8,226,0,0.06,0,0.09,0.28,55.84,30.22,72,0,98.9,72.3,35,66.2,45,66.2,,,,,1,24.48,1,44.2,70.9,43.1,,,
2026-09-17T09:30:00-06:00,2026-09-17 09:30:00,65.3,65.3,57.2,0,0,14.8,223,0,0.06,0,0.09,0.28,55.84,30.21,75,0,89.1,72.1,35,66.2,45,66.2,,,,,1,24.47,1,44.2,70.7,42.9,,,
2026-09-17T09:25:00-06:00,2026-09-17 09:25:00,65.3,65.3,56.4,0,0,14.8,222,0,0.06,0,0.09,0.28,55.84,30.22,73,0,87.7,72.1,35,66.2,45,66.2,,,,,1,24.48,1,44.2,70.7,42.9,,,
2026-09-17T09:20:00-06:00,2026-09-17 09:20:00,65.1,65.1,55.8,0,0,14.8,218,0,0.06,0,0.09,0.28,55.84,30.22,72,0,80.8,72,35,66.2,45,66.2,,,,,1,24.48,1,44.2,70.5,42.8,,,
2026-09-17T09:15:00-06:00,2026-09-17 09:15:00,65.3,65.3,55.6,0,0,14.8,221,0,0.06,0,0.09,0.28,55.84,30.22,71,0,65.4,72,35,66.2,45,66.2,,,,,1,24.48,1,44.2,70.5,42.8,,,
2026-09-17T09:10:00-06:00,2026-09-17 09:10:00,65.3,65.3,55.6,0,0,14.8,236,0,0.06,0,0.09,0.28,55.84,30.21,71,0,61.4,71.8,35,66.2,45,66.2,,,,,1,24.47,1,44.2,70.3,42.7,,,
2026-09-17T09:05:00-06:00,2026-09-17 09:05:00,65.1,65.1,55.1,0,0,14.8,208,0,0.06,0,0.09,0.28,55.84,30.22,70,0,77.6,71.8,35,66.2,45,66.2,,,,,1,24.47,1,44.2,70.3,42.7,,,
2026-09-17T09:00:00-06:00,2026-09-17 09:00:00,65.1,65.1,55.5,0,0,14.8,217,0,0.06,0,0.09,0.28,55.84,30.22,71,0,76,71.8,35,66.2,45,66.2,,,,,1,24.47,1,44.2,70.3,42.7,,,
2026-09-17T08:55:00-06:00,2026-09-17 08:55:00,65.3,65.3,56,0.7,1.1,14.8,196,0,0.06,0,0.09,0.28,55.84,30.21,72,0,73.1,71.8,35,66.2,45,66.2,,,,,1,24.47,1,44.2,70.3,42.7,,,
2026-09-17T08:50:00-06:00,2026-09-17 08:50:00,65.3,65.3,55.3,0,0,14.8,210,0,0.06,0,0.09,0.28,55.84,30.21,70,0,75,71.8,34,66.2,45,66.2,,,,,1,24.47,1,44.2,70.3,41.9,,,
2026-09-17T08:45:00-06:00,2026-09-17 08:45:00,65.7,65.7,55.6,0.5,1.1,14.8,173,0,0.06,0,0.09,0.28,55.84,30.21,70,0,73.1,71.8,35,66.2,45,66.2,,,,,1,24.47,1,44.2,70.3,42.7,,,
2026-09-17T08:40:00-06:00,2026-09-17 08:40:00,65.8,65.8,55.3,0,0,14.8,178,0,0.06,0,0.09,0.28,55.84,30.21,69,0,79.8,71.8,34,66.2,45,66.2,,,,,1,24.47,1,44.2,70.3,41.9,,,
2026-09-17T08:35:00-06:00,2026-09-17 08:35:00,65.8,65.8,55.7,0,0,14.8,204,0,0.06,0,0.09,0.28,55.84,30.21,70,0,83,71.8,35,66.2,45,66.2,,,,,1,24.47,1,44.2,70.3,42.7,,,
2026-09-17T08:30:00-06:00,2026-09-17 08:30:00,65.7,65.7,55.6,0,0,14.8,220,0,0.06,0,0.09,0.28,55.84,30.21,70,0,87.3,71.8,34,66.2,45,66.2,,,,,1,24.47,1,44.2,70.3,41.9,,,
2026-09-17T08:25:00-06:00,2026-09-17 08:25:00,65.1,65.1,55.1,0,0,14.8,237,0,0.06,0,0.09,0.28,55.84,30.22,70,0,97.4,71.8,34,66.2,45,66.2,,,,,1,24.47,1,44.2,70.3,41.9,,,
2026-09-17T08:20:00-06:00,2026-09-17 08:20:00,64.9,64.9,55.3,0.2,1.1,14.8,220,0,0.06,0,0.09,0.28,55.84,30.21,71,1,108.5,71.8,34,66.2,45,66.2,,,,,1,24.47,1,44.2,70.3,41.9,,,
2026-09-17T08:15:00-06:00,2026-09-17 08:15:00,64.8,64.8,55.2,0,0,14.8,229,0,0.06,0,0.09,0.28,55.84,30.22,71,1,115.5,71.8,34,66.2,45,66.2,,,,,1,24.47,1,44.2,70.3,41.9,,,
2026-09-17T08:10:00-06:00,2026-09-17 08:10:00,64.6,64.6,55.4,0,0,14.8,212,0,0.06,0,0.09,0.28,55.84,30.22,72,1,106.6,71.8,34,66.2,45,66.2,,,,,1,24.47,1,44.2,70.3,41.9,,,
2026-09-17T08:05:00-06:00,2026-09-17 08:05:00,64,64,54.8,0,0,14.8,207,0,0.06,0,0.09,0.28,55.84,30.22,72,0,94.8,71.6,34,66.2,45,66.2,,,,,1,24.47,1,44.2,70.1,41.7,,,
